Date,NIFTY,VIX,log_return,norm_return,norm_vix,regime
2008-03-04,4864.25,38.08000183105469,-0.01808091223675228,-1.3698115354895495,1.791237690258315,1
2008-03-05,4921.39990234375,35.5099983215332,0.011680481659729272,0.8410819783945837,1.518630807182073,1
2008-03-07,4771.60009765625,35.20000076293945,-0.03091132413728073,-2.322948157719253,1.4857485687351608,1
2008-03-10,4800.39990234375,32.58000183105469,0.006017528539995237,0.420396496881231,1.2078385426055962,1
2008-03-11,4865.89990234375,32.689998626708984,0.01355244588847619,0.9801451414290596,1.2195061856654592,1
2008-03-12,4872.0,32.36000061035156,0.0012528570873274933,0.06644193255091657,1.184502447216367,1
2008-03-13,4623.60009765625,34.150001525878906,-0.052330886848362665,-3.9141495790264744,1.3743724487465923,1
2008-03-14,4745.7998046875,31.110000610351562,0.02608633166147549,1.911253639091356,1.051911731840749,1
2008-03-17,4503.10009765625,33.43000030517578,-0.05249390504412863,-3.926259760186594,1.2980000672071157,1
2008-03-18,4533.0,37.84000015258789,0.006617901782132095,0.464996602359049,1.7657800948669058,1
2008-03-19,4573.9501953125,35.4900016784668,0.008993234932070661,0.641453682050266,1.5165097118146447,1
2008-03-24,4609.85009765625,35.209999084472656,0.007818132811706334,0.5541585215782249,1.4868091164188753,1
2008-03-25,4877.5,33.29999923706055,0.05643745381264009,4.165956471106489,1.284210519510321,1
2008-03-26,4828.85009765625,37.18000030517578,-0.010024429214414106,-0.7713171867113872,1.6957722133339694,1
2008-03-27,4830.25,37.279998779296875,0.00028986185864062055,-0.005096380217991697,1.7063793087101184,1
2008-03-28,4942.0,33.06999969482422,0.022871881407062488,1.6724608176628848,1.2598138764373776,1
2008-03-31,4734.5,35.13999938964844,-0.04289398312500061,-3.213107507351304,1.4793840687286206,1
2008-04-01,4739.5498046875,35.099998474121094,0.0010660288408502233,0.05256296707693133,1.4751410687242605,1
2008-04-02,4754.2001953125,33.619998931884766,0.0030863256888461164,0.20264535948405363,1.318153710275699,1
2008-04-03,4771.60009765625,36.68000030517578,0.0036532199206828287,0.24475839977328173,1.6427359271837223,1
2008-04-04,4647.0,36.93000030517578,-0.02645984878895571,-1.9922600854784431,1.6692540702588459,1
2008-04-07,4761.2001953125,30.989999771118164,0.02427792823044179,1.7769122359277465,1.0391829341450443,1
2008-04-08,4709.64990234375,31.399999618530273,-0.010886203780200618,-0.8353360900112411,1.082672672602857,1
2008-04-09,4747.0498046875,38.2400016784668,0.007909756784843095,0.5609650189025422,1.8082092856410041,1
2008-04-10,4733.0,30.520000457763672,-0.00296408041381469,-0.2468229569283435,0.9893288979980673,1
2008-04-11,4777.7998046875,33.83000183105469,0.009420897706035044,0.6732235936470252,1.340429257981214,1
2008-04-15,4879.64990234375,30.229999542236328,0.02109332733837611,1.5403368429516124,0.9585677549185836,1
2008-04-16,4887.2998046875,27.940000534057617,0.0015664878263013712,0.0897407124724447,0.7156616695554869,1
2008-04-17,4958.39990234375,27.100000381469727,0.014443124561409898,1.046311252727256,0.6265606926376817,1
2008-04-21,5037.0,27.100000381469727,0.015727578407280188,1.1417298573327976,0.6265606926376817,1
2008-04-22,5049.2998046875,39.619998931884766,0.0024389143734745633,0.15455092267948647,1.9545891440786651,1
2008-04-23,5022.7998046875,32.369998931884766,-0.005262072889500719,-0.41753460696464856,1.1855629949000812,1
2008-04-24,4999.85009765625,28.729999542236328,-0.0045795767315603185,-0.36683381203247095,0.7994588964678421,1
2008-04-25,5111.7001953125,27.399999618530273,0.02212413660015115,1.616912876951806,0.6583823834008796,1
2008-04-28,5089.64990234375,27.6200008392334,-0.004323021384082487,-0.34777500868260214,0.6817184787901088,1
2008-04-29,5195.5,26.15999984741211,0.0205838195785686,1.5024868885660674,0.5268524180263517,1
2008-04-30,5165.89990234375,26.15999984741211,-0.005713548064716786,-0.45107347749056537,0.5268524180263517,1
2008-05-02,5228.2001953125,24.209999084472656,0.011987769688960374,0.8639095755523094,0.3200108211134375,1
2008-05-05,5192.25,25.06999969482422,-0.00689995869070044,-0.5392087162805931,0.41123329803342284,1
2008-05-06,5144.64990234375,24.90999984741211,-0.0092098084650326,-0.7108012129855757,0.3942617026507338,1
2008-05-07,5135.5,25.059999465942383,-0.0017801111553528285,-0.15886908073301523,0.41017254803233283,1
2008-05-08,5081.7001953125,25.940000534057617,-0.010531319910933291,-0.808972726538605,0.5035165249544983,1
2008-05-09,4982.60009765625,27.530000686645508,-0.019694026964064176,-1.4896454686772849,0.6721719310976743,1
2008-05-12,5012.64990234375,31.5,0.006012835141285264,0.4200478369763205,1.0932799702963816,1
2008-05-13,4957.7998046875,33.43000030517578,-0.01100264333194762,-0.8439860695993092,1.2980000672071157,1
2008-05-14,5011.75,29.219999313354492,0.010823100944386392,0.7773894823685487,0.8514344326169992,1
2008-05-15,5115.25,29.020000457763672,0.020441118562082982,1.4918860157416927,0.8302200395473258,1
2008-05-16,5157.7001953125,23.25,0.008264507492955415,0.5873184901928791,0.21818124881730327,1
2008-05-20,5104.9501953125,24.989999771118164,-0.010280086048683846,-0.790309241943516,0.40274750034207835,1
2008-05-21,5117.64990234375,27.860000610351562,0.0024846347197979898,0.15794736363553155,0.7071758718641424,1
2008-05-22,5025.4501953125,34.86000061035156,-0.018180289189540084,-1.3771939807174964,1.4496838779676027,1
2008-05-23,4946.5498046875,34.029998779296875,-0.01582471663631613,-1.2022048623475394,1.3616434487335118,1
2008-05-26,4875.0498046875,33.0099983215332,-0.014560003658967207,-1.1082527535091027,1.2534493764308374,1
2008-05-27,4859.7998046875,28.59000015258789,-0.0031330761309393933,-0.25937719199424125,0.7846088010873331,1
2008-05-28,4918.35009765625,32.630001068115234,0.011975883645505798,0.8630265935095035,1.2131420902936705,1
2008-05-29,4835.2998046875,28.079999923706055,-0.017029994101201647,-1.2917416676065543,0.7305117649359959,1
2008-05-30,4870.10009765625,26.68000030517578,0.007171356659648312,0.5061112693395092,0.582010204178779,1
2008-06-02,4739.60009765625,29.489999771118164,-0.027161726252020037,-2.0444006651847526,0.8800740756943028,1
2008-06-03,4715.89990234375,28.489999771118164,-0.005013007232851876,-0.3990321925034321,0.7740015033938085,1
2008-06-04,4585.60009765625,29.81999969482422,-0.0280187773839173,-2.108068677347406,0.9150780164607709,1
2008-06-05,4676.9501953125,30.31999969482422,0.019725249885616313,1.4387060666069822,0.9681143026110182,1
2008-06-09,4500.9501953125,32.43000030517578,-0.038357700833431756,-2.8761193565119476,1.1919274949066214,1
2008-06-10,4449.7998046875,30.229999542236328,-0.011429421544689062,-0.8756902695335962,0.9585677549185836,1
2008-06-11,4523.60009765625,29.639999389648438,0.016449051147708362,1.195326117232622,0.8959849210759019,1
2008-06-12,4539.35009765625,29.229999542236328,0.003475692907089307,0.23157039775098606,0.8524951826180892,1
2008-06-13,4517.10009765625,30.700000762939453,-0.0049136348760890885,-0.39165008870176166,1.0084219933829364,1
2008-06-16,4572.5,29.020000457763672,0.012189884648677788,0.878924149636187,0.8302200395473258,1
2008-06-17,4653.0,28.959999084472656,0.017452071579627682,1.2698377941701007,0.8238555395407856,1
2008-06-18,4582.39990234375,31.81999969482422,-0.015289315829534852,-1.162431383485684,1.1272231610617596,1
2008-06-19,4504.25,32.31999969482422,-0.017201461519304104,-1.30447951865761,1.1802594472120067,1
2008-06-20,4347.5498046875,28.190000534057617,-0.035408972395669855,-2.657066290653221,0.7421798126306105,1
2008-06-23,4266.39990234375,31.1200008392334,-0.018842065703361617,-1.426355569288852,1.0529724818418391,1
2008-06-24,4191.10009765625,34.04999923706055,-0.017807104801721943,-1.3494711211841097,1.3637649487356918,1
2008-06-25,4252.64990234375,36.459999084472656,0.014579042457853951,1.0564082258970664,1.619399831794493,1
2008-06-26,4315.85009765625,32.849998474121094,0.014752019946292822,1.069258255992017,1.2364777810481482,1
2008-06-27,4136.64990234375,32.20000076293945,-0.04240805709320918,-3.1770093758037046,1.167530851833678,1
2008-06-30,4040.550048828125,30.959999084472656,-0.023505424518432384,-1.7727838915984884,1.0360006841417742,1
2008-07-01,3896.75,31.420000076293945,-0.036237961018401016,-2.718649614856888,1.084794172605037,1
2008-07-02,4093.35009765625,35.380001068115234,0.049220857174104585,3.6298550117476776,1.50484166412003,1
2008-07-03,3925.75,36.2599983215332,-0.04180631377820185,-3.132307491315353,1.598185236407444,1
2008-07-04,4016.0,35.66999816894531,0.022728966606501914,1.6618440633973943,1.5356024025647623,1
2008-07-07,4030.0,37.290000915527344,0.0034799935691636496,0.23188988231271873,1.7074402610285841,1
2008-07-08,3988.550048828125,36.040000915527344,-0.010338607384927605,-0.7946566338424034,1.5748495456529663,1
2008-07-09,4157.10009765625,34.27000045776367,0.04138997070841422,3.048119621423615,1.387101044124921,1
2008-07-10,4162.2001953125,32.16999816894531,0.001226088280398324,0.06445335023451124,1.164348399513032,1
2008-07-11,4049.0,33.0099983215332,-0.027573890512452303,-2.0750192341003797,1.2534493764308374,1
2008-07-14,4039.699951171875,31.510000228881836,-0.0022995173469942992,-0.19745436286615978,1.0943407202974715,1
2008-07-15,3861.10009765625,49.77000045776367,-0.045218277438091696,-3.385773049800187,3.031225914782583,1
2008-07-16,3816.699951171875,31.100000381469727,-0.011565980139766415,-0.885834838473203,1.050850981839659,1
2008-07-17,3947.199951171875,35.34000015258789,0.033620292297464015,2.470931212053911,1.50059866411567,1
2008-07-18,4092.25,36.25,0.0360884866196913,2.65428669725056,1.5971246887237296,1
2008-07-21,4159.5,40.47999954223633,0.016299933699478398,1.184248585036203,2.0458116209986503,1
2008-07-22,4240.10009765625,35.54999923706055,0.01919200216119292,1.3990925344141727,1.5228738071864334,1
2008-07-23,4476.7998046875,37.77000045776367,0.054321584958322885,4.008774292660458,1.7583550471766511,1
2008-07-24,4433.5498046875,40.290000915527344,-0.009707888368776924,-0.7478022228312383,2.025657977930067,1
2008-07-25,4311.85009765625,42.290000915527344,-0.027833504484506066,-2.0943052544031864,2.237803122531056,1
2008-07-28,4332.10009765625,54.060001373291016,0.004685366432601327,0.3214337744723316,3.4862773470640445,1
2008-07-29,4189.85009765625,61.72999954223633,-0.03338747836226951,-2.506894962578138,4.299853782384155,1
2008-07-30,4313.5498046875,51.720001220703125,0.029096228625124503,2.134850749412787,3.2380675116954976,1
2008-07-31,4332.9501953125,39.060001373291016,0.004487462714620029,0.306732042154944,1.8951887625566293,1
2008-08-01,4413.5498046875,38.4900016784668,0.018430661620246206,1.3425346033679684,1.8347274287161277,1
2008-08-04,4395.35009765625,40.2400016784668,-0.004132123903968879,-0.33359375084004195,2.020354430241993,1
2008-08-05,4502.85009765625,35.65999984741211,0.02416336519195173,1.7684016574377222,1.5345418548810479,1
2008-08-06,4517.5498046875,34.91999816894531,0.0032592169311085736,0.21548898258366342,1.4560479733393914,1
2008-08-07,4523.85009765625,35.66999816894531,0.0013936545350367135,0.07690139439583225,1.5356024025647623,1
2008-08-08,4529.5,35.13999938964844,0.001248135334716441,0.06609116631132941,1.4793840687286206,1
2008-08-11,4620.39990234375,31.3700008392334,0.01986970216929604,1.4494370363379063,1.0794906249169627,1
2008-08-12,4552.25,33.88999938964844,-0.01485964406668586,-1.1305122295345547,1.3467933533530028,1
2008-08-13,4529.0498046875,34.7599983215332,-0.005109454876393555,-0.40619702726478096,1.4390763779567024,1
2008-08-14,4430.7001953125,35.2400016784668,-0.021954532153550886,-1.6575722895419633,1.489991568739521,1
2008-08-19,4368.25,34.91999816894531,-0.014195157962860512,-1.0811493528452583,1.4560479733393914,1
2008-08-20,4415.75,33.95000076293945,0.010815223816405003,0.7768043118210043,1.353157853359543,1
2008-08-21,4283.85009765625,36.54999923706055,-0.03032553429014587,-2.2794314132403346,1.6289463794869277,1
2008-08-22,4327.4501953125,35.7599983215332,0.010126338356580568,0.7256288729207788,1.5451489502571967,1
2008-08-25,4335.35009765625,45.11000061035156,0.0018238685567018873,0.10886083128880615,2.5369277440476696,1
2008-08-26,4337.5,33.900001525878906,0.0004957775964252001,0.010200543395804978,1.3478543056714685,1
2008-08-27,4292.10009765625,32.79999923706055,-0.010521998862159846,-0.808280291018028,1.231174233360074,1
2008-08-28,4214.0,33.310001373291016,-0.018363831028820478,-1.3908288078832818,1.2852714718287868,1
2008-08-29,4360.0,31.670000076293945,0.03405974197894556,2.5035767411526293,1.1113123156801605,1
2008-09-01,4348.64990234375,31.280000686645508,-0.002606627711540453,-0.22026876179463048,1.0699440772245281,1
2008-09-02,4504.0,30.450000762939453,0.03510046118798673,2.5808889583507546,0.9819038503078128,1
2008-09-04,4447.75,31.229999542236328,-0.012567540504641407,-0.9602380509762077,1.0646403272190779,1
2008-09-05,4352.2998046875,32.650001525878906,-0.021693954207102673,-1.63821465818681,1.2152635902958506,1
2008-09-08,4482.2998046875,30.770000457763672,0.02943186784319624,2.1597844797622807,1.0158470410731908,1
2008-09-09,4468.7001953125,30.360000610351562,-0.0030386816756627945,-0.2523648830397762,0.9723573026153782,1
2008-09-10,4400.25,32.119998931884766,-0.015436224801236593,-1.1733448539298612,1.1590448518249576,1
2008-09-11,4290.2998046875,32.72999954223633,-0.025304742451286402,-1.9064503576584888,1.2237491856698195,1
2008-09-12,4228.4501953125,30.43000030517578,-0.014521073204396558,-1.1053607152597456,0.9797823503056328,1
2008-09-15,4072.89990234375,33.119998931884766,-0.037480289375793695,-2.8109388307796177,1.265117424125452,1
2008-09-16,4074.89990234375,34.900001525878906,0.000490930088640157,0.0098404351442314,1.453926877971963,1
2008-09-17,4008.25,33.9900016784668,-0.016491445462295706,-1.251734344804075,1.357400853363903,1
2008-09-18,4038.14990234375,39.560001373291016,0.007431905033011946,0.525466703790139,1.9482250487068764,1
2008-09-19,4245.25,39.119998931884766,0.050014068724451716,3.6887805539417133,1.901552857928418,1
2008-09-22,4223.0498046875,37.970001220703125,-0.005243141287491266,-0.4161282294194394,1.7795696425637004,1
2008-09-23,4126.89990234375,38.7400016784668,-0.02303107341928404,-1.7375456305123749,1.8612455717912513,1
2008-09-24,4161.25,35.61000061035156,0.008289013769599644,0.5891389952495519,1.5292383071929736,1
2008-09-25,4110.5498046875,34.09000015258789,-0.012258717915639393,-0.9372964555206879,1.368007948740052,1
2008-09-26,3985.25,33.959999084472656,-0.030956746459839278,-2.3263224592953002,1.3542184010432572,1
2008-09-29,3850.050048828125,34.900001525878906,-0.034513897620804514,-2.590573604824247,1.453926877971963,1
2008-09-30,3921.199951171875,37.189998626708984,0.018311569042277057,1.3336875376324195,1.6968327610176839,1
2008-10-01,3950.75,35.540000915527344,0.00750771735398448,0.5310985962106917,1.521813259502719,1
2008-10-03,3818.300048828125,35.099998474121094,-0.034100124132218405,-2.559835490698471,1.4751410687242605,1
2008-10-06,3602.35009765625,33.75,-0.05821887279271458,-4.351552140865071,1.331943257972494,1
2008-10-07,3606.60009765625,39.29999923706055,0.0011790899859858098,0.06096197396894832,1.9206459533132871,1
2008-10-08,3513.64990234375,39.33000183105469,-0.026110171950808763,-1.966283538274248,1.923828405633933,1
2008-10-10,3279.949951171875,39.33000183105469,-0.06882719192674666,-5.13961549731348,1.923828405633933,1
2008-10-13,3490.699951171875,46.4900016784668,0.06227411168951559,4.599546009541056,2.6833080071200826,1
2008-10-14,3518.64990234375,46.4900016784668,0.00797509038509584,0.5658184754825638,2.6833080071200826,1
2008-10-15,3338.39990234375,46.06999969482422,-0.052585744522390884,-3.93308226680422,2.638757316343804,1
2008-10-16,3269.300048828125,47.810001373291016,-0.020915711392244338,-1.5804011028949445,2.823323770185955,1
2008-10-17,3074.35009765625,46.720001220703125,-0.0614823810853935,-4.593989351362927,2.7077046501930258,1
2008-10-20,3122.800048828125,57.130001068115234,0.015636522334850276,1.134965547817078,3.8119201116557817,1
2008-10-21,3234.89990234375,56.0,0.03526793448565593,2.5933300969900777,3.692057991658493,1
2008-10-22,3065.14990234375,54.75,-0.053901509414070264,-4.0308268843758555,3.559467276282875,1
2008-10-23,2943.14990234375,54.970001220703125,-0.04061607280037005,-3.0438877060391487,3.582803371672104,1
2008-10-24,2584.0,45.5,-0.13014181725086665,-9.694513292317595,2.5782959825033025,1
2008-10-27,2524.199951171875,67.5,-0.023414424421962517,-1.7660237403855492,4.911892573114177,1
2008-10-29,2697.050048828125,68.3499984741211,0.06623443970916182,4.893748074200555,5.002054097715697,1
2008-10-31,2885.60009765625,68.3499984741211,0.06757428324225186,4.993281428963167,5.002054097715697,1
2008-11-03,3043.85009765625,67.83999633789062,0.05339030915184837,3.939592330036889,4.947956859246984,1
2008-11-04,3142.10009765625,62.150001525878906,0.03176820366711214,2.333344553504709,4.344404473160433,1
2008-11-05,2994.949951171875,66.75,-0.04796387663501306,-3.589736193371784,4.832338143888807,1
2008-11-06,2892.64990234375,62.150001525878906,-0.0347545173986808,-2.6084485977788554,4.344404473160433,1
2008-11-07,2973.0,67.22000122070312,0.027398540780887326,2.008734107951728,4.88219238235316,1
2008-11-10,3148.25,63.7599983215332,0.057275198887858175,4.228190288498591,4.515180974671038,1
2008-11-11,2938.64990234375,66.98999786376953,-0.06889648391547641,-5.1447630118747805,4.8577953346454645,1
2008-11-12,2848.449951171875,70.62000274658203,-0.03117528944420671,-2.342557426928989,5.2428392900287415,1
2008-11-14,2810.35009765625,70.08000183105469,-0.013465904045903586,-1.02697505037197,5.185560003874134,1
2008-11-17,2799.550048828125,85.12999725341797,-0.0038503580772936584,-0.31266212912913505,6.781951731434872,1
2008-11-18,2683.14990234375,64.66000366210938,-0.042467266370184525,-3.1814078729601842,4.610646856230135,1
2008-11-19,2635.0,60.84000015258789,-0.018108259057428137,-1.3718430568849487,4.205449257778276,1
2008-11-20,2553.14990234375,65.55000305175781,-0.03155532930269107,-2.370789560849297,4.705051380836015,1
2008-11-21,2693.449951171875,64.45999908447266,0.05349502893932693,3.947371680013472,4.589431856208335,1
2008-11-24,2708.25,62.810001373291016,0.005479788213578264,0.3804492214288613,4.41441235469337,1
2008-11-25,2654.0,59.560001373291016,-0.02023473393352405,-1.5298131280231098,4.069676494716763,1
2008-11-26,2752.25,56.209999084472656,0.03635082305835962,2.6737749622399165,3.714333134729256,1
2008-11-28,2755.10009765625,57.439998626708984,0.0010350160640398135,0.05025911170859197,3.844802350102694,1
2008-12-01,2682.89990234375,55.2599983215332,-0.026555512393819494,-1.9993666761255,3.6135641101168363,1
2008-12-02,2657.800048828125,54.29999923706055,-0.009399531351692986,-0.724895213455171,3.5117345378207023,1
2008-12-03,2656.449951171875,54.65999984741211,-0.0005081046940946947,-0.06437515868769096,3.54992072859044,1
2008-12-04,2788.0,51.84000015258789,0.04833386630546942,3.5639628574634727,3.2507961070738265,1
2008-12-05,2714.39990234375,52.04999923706055,-0.026753594387498327,-2.0140816520626164,3.2730712501445898,1
2008-12-08,2784.0,50.279998779296875,0.0253178439613942,1.8541647649102873,3.085322748616545,1
2008-12-10,2928.25,50.36000061035156,0.05051623249567385,3.726084943264482,3.093808748625265,1
2008-12-11,2920.14990234375,51.75,-0.0027700235862329696,-0.2324069997014181,3.2412495593813917,1
2008-12-12,2921.35009765625,49.43000030517578,0.000410920253150051,0.0038967207151527046,2.995161224015025,1
2008-12-15,2981.199951171875,48.099998474121094,0.020280016011956118,1.4799181427185215,2.8540845086306867,1
2008-12-16,3041.75,44.90999984741211,0.02010712003870125,1.4670741681662722,2.5157131486606206,1
2008-12-17,2954.35009765625,44.90999984741211,-0.029154314127445423,-2.1924246329110413,2.5157131486606206,1
2008-12-18,3060.75,45.4900016784668,0.03538129041391165,2.6017510025233537,2.577235434819588,1
2008-12-19,3077.5,44.90999984741211,0.005457595104583804,0.37880055534489215,2.5157131486606206,1
2008-12-22,3039.300048828125,41.459999084472656,-0.012490337265284769,-0.954502830988255,2.1497626932969647,1
2008-12-23,2968.64990234375,45.70000076293945,-0.023519970684070027,-1.773864486928533,2.5995105778903516,1
2008-12-24,2916.85009765625,41.790000915527344,-0.017602970778235815,-1.334306556309952,2.184766836380809,1
2008-12-26,2857.25,45.15999984741211,-0.02064467655331063,-1.5602666572597887,2.542231291735744,1
2008-12-29,2922.199951171875,43.88999938964844,0.02247711675090526,1.6431348183214394,2.4075190763579464,1
2008-12-30,2979.5,42.5099983215332,0.019418760658421116,1.4159378102935125,2.2611388132855335,1
2008-12-31,2959.14990234375,43.09000015258789,-0.006853469271492079,-0.5357551429785657,2.322661099444501,1
2009-01-02,3046.75,40.66999816894531,0.029173416788070172,2.140584849414917,2.0659652640672337,1
2009-01-05,3121.449951171875,38.599998474121094,0.024222173087035313,1.7727703370183128,1.8463950717759907,1
2009-01-06,3112.800048828125,38.72999954223633,-0.002774963434064196,-0.23277396764544722,1.8601846194727854,1
2009-01-07,2920.39990234375,44.36000061035156,-0.06380209861399314,-4.766314896862009,2.457373314822299,1
2009-01-09,2873.0,47.81999969482422,-0.016363779763300036,-1.2422504050787793,2.824384317869669,1
2009-01-12,2773.10009765625,47.81999969482422,-0.03539091677149253,-2.6557249871335795,2.824384317869669,1
2009-01-13,2744.949951171875,53.470001220703125,-0.010203021154655566,-0.7845842992560891,3.4236945132213625,1
2009-01-14,2835.300048828125,53.470001220703125,0.0323849268374807,2.3791592509604995,3.4236945132213625,1
2009-01-15,2736.699951171875,45.16999816894531,-0.03539497176044313,-2.6560262213029513,2.5432918394194584,1
2009-01-16,2828.449951171875,44.29999923706055,0.032976044019506844,2.4230717487498445,2.4510088148157587,1
2009-01-19,2846.199951171875,44.459999084472656,0.006255912944324117,0.438105429976739,2.467980410198448,1
2009-01-20,2796.60009765625,45.0,-0.01758032556762567,-1.3326243048188877,2.525259696353055,1
2009-01-21,2706.14990234375,45.40999984741211,-0.032877504046246994,-2.469010348992382,2.5687494348108677,1
2009-01-22,2713.800048828125,45.54999923706055,0.002822960224243932,0.18308065093930737,2.5835995301913766,1
2009-01-23,2678.550048828125,34.0099983215332,-0.01307426316382555,-0.9978811077639742,1.3595219487313317,1
2009-01-27,2771.35009765625,42.86000061035156,0.03405897977599281,2.503520119155341,2.2982644563715575,1
2009-01-28,2849.5,40.7599983215332,0.027808938958505707,2.039221479348456,2.0755118117596685,1
2009-01-29,2823.949951171875,43.11000061035156,-0.009006943491818803,-0.695730922426178,2.324782599446681,1
2009-01-30,2874.800048828125,42.099998474121094,0.017846526795929192,1.2991408060610146,2.217649074827721,1
2009-02-02,2766.64990234375,43.689998626708984,-0.038345956874768494,-2.8752469295642635,2.386304480970897,1
2009-02-03,2783.89990234375,49.2400016784668,0.0062156204856254945,0.4351122121219207,2.975007580946442,1
2009-02-04,2803.050048828125,44.38999938964844,0.0068553402659932376,0.48263526557962966,2.4605553625081935,1
2009-02-05,2780.050048828125,43.91999816894531,-0.008239196757802842,-0.6386970926114298,2.4107011240438405,1
2009-02-06,2843.10009765625,50.650001525878906,0.02242610979455669,1.6393456493952032,3.124569891704749,1
2009-02-09,2919.89990234375,44.58000183105469,0.026654295162721622,1.9534461125150033,2.4807094102115284,1
2009-02-10,2934.5,44.29999923706055,0.0049877453428987,0.3438966864527698,2.4510088148157587,1
2009-02-11,2925.699951171875,46.650001525878906,-0.0030033294140615428,-0.24973865907502496,2.7002796025027713,1
2009-02-12,2893.050048828125,45.650001525878906,-0.011222425782679828,-0.8603131138392246,2.594207030202277,1
2009-02-13,2948.35009765625,43.310001373291016,0.018934399141738875,1.3799559023448245,2.34599719483373,1
2009-02-16,2848.5,42.560001373291016,-0.03445318502293645,-2.586063430021802,2.2664427656083594,1
2009-02-17,2770.5,44.0,-0.027764730613045917,-2.0891962293734845,2.4191871240525606,1
2009-02-18,2776.14990234375,43.040000915527344,0.0020372312647437417,0.12471097019544715,2.3173575517564267,1
2009-02-19,2789.35009765625,43.040000915527344,0.004743588200394986,0.32575891224073056,2.3173575517564267,1
2009-02-20,2736.449951171875,45.209999084472656,-0.019147186713807076,-1.449022184477981,2.5475348394238186,1
2009-02-24,2733.89990234375,45.20000076293945,-0.0009323166090364684,-0.09588871529459485,2.5464742917401044,1
2009-02-25,2762.5,41.939998626708984,0.010406941376308907,0.7464741128464206,2.200677479445032,1
2009-02-26,2785.64990234375,39.869998931884766,0.008345137424263965,0.5933082698643235,1.9811072871537887,1
2009-02-27,2763.64990234375,40.61000061035156,-0.00792896979194595,-0.6156511697950915,2.0596011686954454,1
2009-03-02,2674.60009765625,43.36000061035156,-0.03275236150716165,-2.4597138479972624,2.3513007425218047,1
2009-03-03,2622.39990234375,44.439998626708984,-0.019709981200865638,-1.490830665808374,2.4658589101962676,1
2009-03-04,2645.199951171875,42.77000045776367,0.008656766591065127,0.6164583583989623,2.2887179086791227,1
2009-03-05,2576.699951171875,41.560001373291016,-0.026237166850943634,-1.9757176461652008,2.160370193307865,1
2009-03-06,2620.14990234375,37.970001220703125,0.016722039263046325,1.2156056664925612,1.7795696425637004,1
2009-03-09,2573.14990234375,41.029998779296875,-0.018100739416035568,-1.371284443049878,2.104151454836972,1
2009-03-12,2617.449951171875,38.47999954223633,0.017069751373213142,1.2414362593653523,1.8336664763976618,1
2009-03-13,2719.25,35.56999969482422,0.038155564263315164,2.807844308526394,1.5249953071886133,1
2009-03-16,2777.25,36.63999938964844,0.02110512248787214,1.5412130727279048,1.6384929271793622,1
2009-03-17,2757.449951171875,38.470001220703125,-0.007154907572551497,-0.558148179640982,1.8326059287139476,1
2009-03-18,2794.699951171875,38.189998626708984,0.013418426941530072,0.9701892360849963,1.8029053333181781,1
2009-03-19,2807.14990234375,35.97999954223633,0.004444950148910318,0.30357389855074657,1.568485045646426,1
2009-03-20,2807.050048828125,35.97999954223633,-3.5571770333755804e-05,-0.029271964936968344,1.568485045646426,1
2009-03-23,2939.89990234375,37.630001068115234,0.04624140672188046,3.4085196904695896,1.7435049517961423,1
2009-03-24,2938.699951171875,36.849998474121094,-0.00040824387386155725,-0.05695676825502059,1.6607680702501257,1
2009-03-25,2984.35009765625,28.18000030517578,0.01541471033603829,1.1184877339357506,0.7411190626295204,1
2009-03-26,3082.25,36.93000030517578,0.032277849355218144,2.371204754210759,1.6692540702588459,1
2009-03-27,3108.64990234375,37.13999938964844,0.008528667167411222,0.6069421984410714,1.6915292133296094,1
2009-03-30,2978.14990234375,40.25,-0.04288624735610465,-3.2125328379881526,2.021414977925707,1
2009-03-31,3020.949951171875,39.47999954223633,0.014269065715578424,1.0333808915142868,1.9397390486981563,1
2009-04-01,3060.35009765625,36.529998779296875,0.012957985125214675,0.9359842580267244,1.6268248794847475,1
2009-04-02,3211.050048828125,37.400001525878906,0.04806868124685913,3.5442629761978384,1.7191083087231989,1
2009-04-06,3256.60009765625,41.720001220703125,0.014085734669678393,1.019761723618999,2.1773417886905544,1
2009-04-08,3342.949951171875,43.54999923706055,0.026169899758864138,1.9174616871796561,2.371454385590388,1
2009-04-09,3342.050048828125,43.540000915527344,-0.0002692303213719887,-0.0466298271644854,2.370393837906674,1
2009-04-13,3382.60009765625,46.560001373291016,0.012060267655323522,0.8692952535269228,2.690733054810337,1
2009-04-15,3484.14990234375,48.02000045776367,0.0295794105677314,2.1707450299915543,2.845598913256718,1
2009-04-16,3369.5,50.5099983215332,-0.03345971859157479,-2.5122614939633303,3.109719391689488,1
2009-04-17,3384.39990234375,50.79999923706055,0.004412243809254642,0.30114423297597076,3.140480534768972,1
2009-04-20,3377.10009765625,54.220001220703125,-0.0021592272494664116,-0.1870325906949562,3.5032489424467332,1
2009-04-21,3365.300048828125,53.63999938964844,-0.003500255285772585,-0.28665393900003705,3.441726656287766,1
2009-04-22,3330.300048828125,57.880001068115234,-0.010454721991796463,-0.8032824741537308,3.8914745408811524,1
2009-04-23,3423.699951171875,57.880001068115234,0.027659418670333946,2.028114021261551,3.8914745408811524,1
2009-04-24,3480.75,47.779998779296875,0.016525964450570363,1.2010397986220245,2.8201413178653087,1
2009-04-27,3470.0,49.43000030517578,-0.003093193848489998,-0.25641444502435934,2.995161224015025,1
2009-04-28,3362.35009765625,48.79999923706055,-0.031514430647232416,-2.3677513102755965,2.9283353901679834,1
2009-04-29,3473.949951171875,46.630001068115234,0.03265209771732386,2.399006653518274,2.6981581025005914,1
2009-05-04,3654.0,49.540000915527344,0.05053019692695566,3.727122323121535,3.00682927170964,1
2009-05-05,3661.89990234375,50.529998779296875,0.002159653773205986,0.13380540746723768,3.1118408916916684,1
2009-05-06,3625.050048828125,51.209999084472656,-0.010114016944416868,-0.7779724170368097,3.1839702732267847,1
2009-05-07,3683.89990234375,54.7599983215332,0.016103852322857194,1.1696822295330576,3.560527823966589,1
2009-05-08,3620.699951171875,57.02000045776367,-0.017304583283461062,-1.3121401558007466,3.8002520639611674,1
2009-05-11,3554.60009765625,61.029998779296875,-0.018424797007042516,-1.3953578056273908,4.225602900846859,1
2009-05-12,3681.10009765625,50.310001373291016,0.03496908027085117,2.571129025111287,3.0885052009371905,1
2009-05-13,3635.25,50.72999954223633,-0.012533762676350726,-0.957728787406742,3.1330554870787175,1
2009-05-14,3593.449951171875,51.25,-0.011565154181398902,-0.8857734802584694,3.1882132732311446,1
2009-05-15,3671.64990234375,49.63999938964844,0.021528395483821135,1.5726568795805325,3.0174363670857884,1
2009-05-18,4323.14990234375,49.63999938964844,0.16334315490680712,12.10769206213579,3.0174363670857884,1
2009-05-19,4318.4501953125,58.099998474121094,-0.001087693816303243,-0.10743126807106793,3.9148102316356304,1
2009-05-20,4270.2998046875,50.790000915527344,-0.011212550157980046,-0.8595794803719801,3.1394199870852577,1
2009-05-21,4210.89990234375,50.790000915527344,-0.014007658268312618,-1.067220507308887,3.1394199870852577,1
2009-05-22,4238.5,49.63999938964844,0.00653305468823182,0.45869354107675425,3.0174363670857884,1
2009-05-25,4237.5498046875,43.709999084472656,-0.00022420711024016018,-0.04328517449761674,2.3884259809730772,1
2009-05-26,4116.7001953125,52.369998931884766,-0.02893330697304976,-2.1760066087460803,3.3070144409099678,1
2009-05-27,4276.0498046875,41.56999969482422,0.03797772160667217,2.794632858235069,2.1614307409915794,1
2009-05-28,4337.10009765625,44.58000183105469,0.014176303927149506,1.0264898689671866,2.4807094102115284,1
2009-05-29,4448.9501953125,40.29999923706055,0.025462212664147377,1.8648895256400797,2.0267185256137816,1
2009-06-01,4529.89990234375,41.83000183105469,0.018031685456947947,1.3128957425438192,2.1890098363851687,1
2009-06-02,4525.25,41.040000915527344,-0.0010270183934249677,-0.10292385489813806,2.105212407155438,1
2009-06-03,4530.7001953125,40.66999816894531,0.0012036718075930097,0.06278809105673835,2.0659652640672337,1
2009-06-04,4572.64990234375,41.310001373291016,0.009216388147472976,0.6580311312870671,2.1338520502327416,1
2009-06-05,4586.89990234375,40.54999923706055,0.003111509146328134,0.20451617047489068,2.053236668688905,1
2009-06-08,4429.89990234375,42.27000045776367,-0.03482740495188661,-2.61386321710704,2.2356816225288756,1
2009-06-09,4550.9501953125,40.7599983215332,0.02695905690062911,1.9760860383183234,2.0755118117596685,1
2009-06-10,4655.25,40.470001220703125,0.022659569685072888,1.6566887536694752,2.044751073314936,1
2009-06-11,4637.7001953125,41.02000045776367,-0.0037770191773879485,-0.3072139804745083,2.1030909071532577,1
2009-06-12,4583.39990234375,40.83000183105469,-0.011777536315623243,-0.9015507749864886,2.0829372640846744,1
2009-06-15,4484.0,52.709999084472656,-0.02192555427681002,-1.6554196013998905,3.343079131677526,1
2009-06-16,4517.7998046875,41.689998626708984,0.007509601249351286,0.5312385457057252,2.1741593363699083,1
2009-06-17,4356.14990234375,62.04999923706055,-0.03643648913774111,-2.7333977322635974,4.333796973149533,1
2009-06-18,4251.39990234375,54.4900016784668,-0.02434029983501015,-1.8348045223775449,3.531888585524037,1
2009-06-19,4313.60009765625,48.95000076293945,0.01452452744843538,1.0523584531897774,2.944246437866958,1
2009-06-22,4235.25,47.529998779296875,-0.018330486696030126,-1.38835174752289,2.793623174790185,1
2009-06-23,4247.0,48.22999954223633,0.0027704930922153406,0.1791830095083451,2.867874056327482,1
2009-06-24,4292.9501953125,42.220001220703125,0.010761336472574526,0.7728011666938088,2.2303780748408015,1
2009-06-25,4241.85009765625,38.59000015258789,-0.011974669943257217,-0.9161952993733632,1.8453345240922765,1
2009-06-26,4375.5,37.9900016784668,0.03102128113329754,2.277857697239559,1.7816911425658806,1
2009-06-29,4390.9501953125,40.310001373291016,0.003524850073885381,0.23522215081095305,2.0277794779322473,1
2009-06-30,4291.10009765625,42.540000915527344,-0.02300251598093086,-1.735424175601768,2.2643212656061795,1
2009-07-01,4340.89990234375,43.150001525878906,0.011538544301859693,0.8305378357047883,2.3290255994510414,1
2009-07-02,4348.85009765625,43.880001068115234,0.001829787400255588,0.10930052617904175,2.4064585286742317,1
2009-07-03,4424.25,45.86000061035156,0.01718930778033886,1.2503177817153115,2.6164821732730403,1
2009-07-06,4165.7001953125,39.88999938964844,-0.06021639695929826,-4.499942812319769,1.9832287871559688,1
2009-07-07,4202.14990234375,36.16999816894531,0.008711900223230998,0.6205540869181433,1.5886386887150095,1
2009-07-08,4078.89990234375,37.380001068115234,-0.02976895555269576,-2.238084683148511,1.7169868087210187,1
2009-07-09,4080.949951171875,36.63999938964844,0.0005024722042830826,0.010697867719473167,1.6384929271793622,1
2009-07-10,4003.89990234375,35.83000183105469,-0.019060930758841594,-1.4426144627150024,1.5525744025822028,1
2009-07-13,3974.050048828125,36.58000183105469,-0.007483123607038943,-0.5825304617452772,1.6321288318075735,1
2009-07-14,4111.39990234375,35.04999923706055,0.03397784123808458,2.4974925564742616,1.4698375210361863,1
2009-07-15,4233.5,36.150001525878906,0.029265494743313428,2.1474250718429095,1.5865175933475808,1
2009-07-16,4231.39990234375,37.59000015258789,-0.000496189612060596,-0.06349001944729736,1.7392619517917822,1
2009-07-17,4374.9501953125,35.88999938964844,0.03336225132807462,2.4517620458675506,1.5589384979539915,1
2009-07-20,4502.25,36.970001220703125,0.028682136001716218,2.104088927623624,1.6734970702632062,1
2009-07-21,4469.10009765625,36.59000015258789,-0.0073902038949700795,-0.5756277074777992,1.6331893794912877,1
2009-07-22,4398.89990234375,37.13999938964844,-0.015832580454101436,-1.2027890441165914,1.6915292133296094,1
2009-07-23,4523.75,34.04999923706055,0.02798680842696153,2.0524349214168898,1.3637649487356918,1
2009-07-24,4568.5498046875,36.470001220703125,0.009854529260629578,0.7054369098244604,1.6204607841129588,1
2009-07-27,4572.2998046875,37.38999938964844,0.0008204927048645212,0.03432275116623977,1.718047356404733,1
2009-07-28,4564.10009765625,36.06999969482422,-0.0017949541001751161,-0.15997172298655618,1.5780315933388604,1
2009-07-29,4513.5,37.33000183105469,-0.011148458005061479,-0.8548182475590479,1.7116832610329442,1
2009-07-30,4571.4501953125,37.59000015258789,0.012757578201762492,0.921096569340534,1.7392619517917822,1
2009-07-31,4636.4501953125,39.209999084472656,0.014118545371051477,1.0221991419436938,1.9110994056208526,1
2009-08-03,4711.39990234375,40.650001525878906,0.016036053719832168,1.1646456545594588,2.0638441686998052,1
2009-08-04,4680.5,36.79999923706055,-0.0065801412190565145,-0.515450340710423,1.6554645225620512,1
2009-08-05,4694.14990234375,36.70000076293945,0.002912089972889983,0.1897018590675656,1.6448574271859024,1
2009-08-06,4585.5,37.650001525878906,-0.02341788078569043,-1.7662805043050838,1.7456264517983224,1
2009-08-07,4481.39990234375,40.849998474121094,-0.022963675199383395,-1.7325387989189363,2.085058359452103,1
2009-08-10,4437.64990234375,38.189998626708984,-0.009810540776643808,-0.7554279927641552,1.8029053333181781,1
2009-08-11,4471.35009765625,38.20000076293945,0.007565463251027612,0.5353883828272108,1.8039662856366439,1
2009-08-12,4457.5,42.52000045776367,-0.0031023275367038786,-0.25709296203536186,2.262199765603999,1
2009-08-13,4605.0,42.79999923706055,0.03255459895211175,2.391763733768986,2.2918999563650173,1
2009-08-14,4580.0498046875,44.2400016784668,-0.005432797254385226,-0.4302172586004568,2.44464471944397,1
2009-08-17,4387.89990234375,46.4900016784668,-0.042859141981096416,-3.2105192529388256,2.6833080071200826,1
2009-08-18,4458.89990234375,45.040000915527344,0.016051346467611378,1.1657817114589482,2.529502696357415,1
2009-08-19,4394.10009765625,40.209999084472656,-0.014639322704762736,-1.114145151038828,2.017171977921347,1
2009-08-20,4453.4501953125,36.83000183105469,0.013416366323839432,0.9700361583661677,1.658646974882697,1
2009-08-21,4528.7998046875,38.5099983215332,0.016777840055069108,1.2197509565143216,1.8368485240835561,1
2009-08-24,4642.7998046875,38.5099983215332,0.024860629830958582,1.8201995629122791,1.8368485240835561,1
2009-08-25,4659.35009765625,48.29999923706055,0.0035583839447752407,0.2377132914444764,2.8752991040177363,1
2009-08-26,4680.85009765625,36.27000045776367,0.004603763843200937,0.3153717386601313,1.5992461887259097,1
2009-08-27,4688.2001953125,34.84000015258789,0.0015690169087143328,0.0899285911693345,1.4475623779654228,1
2009-08-28,4732.35009765625,33.27000045776367,0.009373173372637477,0.6696782819075909,1.2810284718244267,1
2009-08-31,4662.10009765625,34.5099983215332,-0.014955917162028142,-1.1376640975819368,1.4125582348815788,1
2009-09-01,4625.35009765625,34.97999954223633,-0.007913946461732439,-0.6145351271983797,1.4624124733459316,1
2009-09-02,4608.35009765625,34.959999084472656,-0.0036821683286419565,-0.30016776728273603,1.4602909733437517,1
2009-09-03,4593.5498046875,34.11000061035156,-0.0032167934640254477,-0.26559632639914954,1.370129448742232,1
2009-09-04,4680.39990234375,32.5099983215332,0.018730452400324605,1.3648052501496017,1.20041309028059,1
2009-09-07,4782.89990234375,32.209999084472656,0.02166348118377279,1.582692031122172,1.1685913995173922,1
2009-09-08,4805.25,31.969999313354492,0.004662033523602062,0.3197004357266413,1.1431340064433586,1
2009-09-09,4814.25,31.65999984741211,0.0018711996727566542,0.11237693197462627,1.1102515656790706,1
2009-09-10,4819.39990234375,32.58000183105469,0.0010691488452491261,0.05279474377102091,1.2078385426055962,1
2009-09-11,4829.5498046875,31.170000076293945,0.002103836457989509,0.12965888998207634,1.0582760295299134,1
2009-09-14,4808.60009765625,31.670000076293945,-0.004347253412091281,-0.34957514054938393,1.1113123156801605,1
2009-09-15,4892.10009765625,30.200000762939453,0.017215677346227053,1.2522767054938457,0.9553857072326892,1
2009-09-16,4958.39990234375,28.31999969482422,0.013461409240998598,0.9733822749405462,0.7559691580100294,1
2009-09-17,4965.5498046875,27.270000457763672,0.0014409391002453732,0.08041403694511205,0.6445930380214607,1
2009-09-18,4976.0498046875,25.860000610351562,0.0021123369109170504,0.13029036565515628,0.4950307272631537,1
2009-09-22,5020.2001953125,26.799999237060547,0.008833448085396973,0.6295835490805659,0.5947387995571078,1
2009-09-23,4969.9501953125,26.510000228881836,-0.010059993458349821,-0.7739591582708228,0.563977858795,1
2009-09-24,4986.5498046875,24.360000610351562,0.0033344297203069546,0.2210763374091205,0.3359218688124122,1
2009-09-25,4958.9501953125,26.110000610351562,-0.005550184550685771,-0.4389376435698567,0.5215488703382773,1
2009-09-29,5006.85009765625,26.059999465942383,0.009612930180802755,0.6874891671747908,0.5162451203328271,1
2009-09-30,5083.9501953125,25.270000457763672,0.01528156257568173,1.1085965466887944,0.432447893420472,1
2009-10-01,5083.39990234375,25.3700008392334,-0.0001082470779508545,-0.03467081711402223,0.4430551911139966,1
2009-10-05,5003.2001953125,28.719999313354492,-0.01590256308364279,-1.2079878645171314,0.798398146466752,1
2009-10-06,5027.39990234375,27.75,0.004825185681401467,0.3318205685641543,0.6955078241695278,1
2009-10-07,4985.75,30.479999542236328,-0.00831908898916255,-0.64463207054752,0.9850858979937072,1
2009-10-08,5002.25,29.8700008392334,0.003303967763271161,0.21881340095308927,0.9203817664662212,1
2009-10-09,4945.2001953125,30.25,-0.011470362568461737,-0.8787316675348331,0.9606892549207636,1
2009-10-12,5054.25,28.200000762939453,0.021812024866295583,1.5937269398149712,0.7432405626317006,1
2009-10-14,5118.2001953125,26.3799991607666,0.012573379386921655,0.9074129372360277,0.5501883110982052,1
2009-10-15,5108.85009765625,26.639999389648438,-0.0018285038194818342,-0.162464040956133,0.5777672041744188,1
2009-10-16,5142.14990234375,26.020000457763672,0.00649691187573945,0.45600858922299187,0.5120023226458428,1
2009-10-20,5114.4501953125,26.690000534057617,-0.00540135602667101,-0.4278815747724849,0.583070954179869,1
2009-10-21,5063.60009765625,26.780000686645508,-0.009992192862338394,-0.7689224352436509,0.5926175018723036,1
2009-10-22,4988.60009765625,25.489999771118164,-0.014922383214037875,-1.1351729512208326,0.4557837864923255,1
2009-10-23,4997.0498046875,24.489999771118164,0.0016923703776181042,0.09909218697613904,0.34971121419183115,1
2009-10-26,4970.89990234375,24.489999771118164,-0.00524680864216922,-0.4164006672863889,0.34971121419183115,1
2009-10-27,4846.7001953125,28.18000030517578,-0.025302789297137664,-1.9063052631157373,0.7411190626295204,1
2009-10-28,4826.14990234375,28.479999542236328,-0.004249073164630616,-0.34228159532575164,0.7729407533927185,1
2009-10-29,4750.5498046875,28.219999313354492,-0.0157886684226227,-1.19952693798287,0.7453618603165049,1
2009-10-30,4711.7001953125,25.389999389648438,-0.008211541160985762,-0.6366426330710551,0.4451764887988009,1
2009-11-03,4563.89990234375,24.43000030517578,-0.03187131878499145,-2.3942635654373725,0.3433469165026667,1
2009-11-04,4710.7998046875,29.889999389648438,0.03168020376716393,2.326807278782474,0.9225030641510255,1
2009-11-05,4765.5498046875,29.56999969482422,0.01155521091005473,0.8317759529813186,0.8885598733856473,1
2009-11-06,4796.14990234375,29.040000915527344,0.006400577943453908,0.4488522017635242,0.8323415395495058,1
2009-11-09,4898.39990234375,28.920000076293945,0.0210951088670664,1.5404691879029229,0.8196127418538012,1
2009-11-10,4881.7001953125,30.059999465942383,-0.0034150413788274323,-0.28032362816805556,0.9405354095348045,1
2009-11-11,5003.9501953125,28.959999084472656,0.024734079713590304,1.8107984967309039,0.8238555395407856,1
2009-11-12,4952.64990234375,29.639999389648438,-0.010304872432620345,-0.7921505554138615,0.8959849210759019,1
2009-11-13,4998.9501953125,29.09000015258789,0.009305162304323626,0.6646259234619336,0.8376450872375802,1
2009-11-16,5058.0498046875,27.950000762939453,0.0117530654631769,0.8464740329742036,0.716722419556577,1
2009-11-17,5062.25,26.780000686645508,0.0008300535823478282,0.035033002913466685,0.5926175018723036,1
2009-11-18,5054.7001953125,26.389999389648438,-0.0014925063271494336,-0.13750369538015314,0.5512490610992953,1
2009-11-19,4989.0,28.549999237060547,-0.013083053291191901,-0.9985341025681853,0.7803658010829729,1
2009-11-20,5052.4501953125,26.639999389648438,0.01263782393371543,0.9122003484375039,0.5777672041744188,1
2009-11-23,5103.5498046875,26.690000534057617,0.010063024928878886,0.7209254894994812,0.583070954179869,1
2009-11-24,5090.5498046875,26.09000015258789,-0.0025504963744246104,-0.21609891647129933,0.5194273703360972,1
2009-11-25,5108.14990234375,24.850000381469727,0.003451442955186688,0.22976893436657644,0.3878974049615694,1
2009-11-26,5005.5498046875,28.309999465942383,-0.020290026501848146,-1.5339206634799147,0.7549084080089394,1
2009-11-27,4941.75,30.059999465942383,-0.012827738340506812,-0.9795674449435219,0.9405354095348045,1
2009-11-30,5032.7001953125,27.559999465942383,0.018237138750004357,1.3281583123886496,0.6753539787835686,1
2009-12-01,5122.0,25.450000762939453,0.01758832954742736,1.2799600303217802,0.4515409888053411,1
2009-12-02,5123.25,26.030000686645508,0.00024401552059781837,-0.00850218075834051,0.5130630726469328,1
2009-12-03,5131.7001953125,25.989999771118164,0.0016480230647846364,0.09579774496704699,0.5088200726425727,1
2009-12-04,5108.89990234375,26.139999389648438,-0.004452928622557845,-0.3574254663174417,0.5247309180241717,1
2009-12-07,5066.7001953125,27.670000076293945,-0.008294341082044564,-0.6427936154160273,0.6870220264781832,1
2009-12-08,5147.9501953125,26.459999084472656,0.01590885845874608,1.1551966623949728,0.5586741087895497,1
2009-12-09,5112.0,26.989999771118164,-0.007007898041626141,-0.5472272389238725,0.6148926449430671,1
2009-12-10,5134.64990234375,27.200000762939453,0.00442094527483114,0.3017906413354475,0.6371679903312062,1
2009-12-11,5117.2998046875,27.149999618530273,-0.00338474431036693,-0.27807294083862416,0.631864240325756,1
2009-12-14,5105.7001953125,27.889999389648438,-0.0022693170992805064,-0.19521086808831564,0.7103579195500368,1
2009-12-15,5033.0498046875,28.31999969482422,-0.014331477568789911,-1.0912761679270002,0.7559691580100294,1
2009-12-16,5042.0498046875,27.360000610351562,0.0017865833079278638,0.10609101093144076,0.6541395857138952,1
2009-12-17,5041.75,27.25,-5.94626417412698e-05,-0.031046753201914398,0.6424715380192806,1
2009-12-18,4987.7001953125,26.65999984741211,-0.010778323216369252,-0.8273219345023108,0.5798887041765989,1
2009-12-21,4952.60009765625,26.190000534057617,-0.007062209894237859,-0.5512619196610699,0.5300346680296218,1
2009-12-22,4985.85009765625,24.520000457763672,0.006691209072439182,0.47044240282202804,0.35289346419510126,1
2009-12-23,5144.60009765625,23.84000015258789,0.031343719862452074,2.3018107989454935,0.280764082659985,1
2009-12-24,5178.39990234375,22.690000534057617,0.006548469528681985,0.45983866791077854,0.15878066497789164,1
2009-12-29,5187.9501953125,24.40999984741211,0.0018425570390217326,0.11024914812937486,0.34122541650048666,1
2009-12-30,5169.4501953125,24.6200008392334,-0.0035723287651930414,-0.29200808298697534,0.36350076188862585,1
2009-12-31,5201.0498046875,23.34000015258789,0.006094153063461107,0.4260887256298038,0.22772779650973782,1
2010-01-04,5232.2001953125,23.639999389648438,0.005971386324858452,0.4169687164312627,0.2595494872729358,1
2010-01-05,5277.89990234375,22.270000457763672,0.0086963957751834,0.6194023033778958,0.11423017651898901,1
2010-01-06,5281.7998046875,22.1200008392334,0.0007386389062683265,0.028242053701847833,0.09831933113739,1
2010-01-07,5263.10009765625,22.5,-0.0035466864183382987,-0.29010318234491833,0.13862681959193252,1
2010-01-08,5244.75,22.56999969482422,-0.003492649046092997,-0.28608889201228027,0.146051867282187,1
2010-01-11,5249.39990234375,22.68000030517578,0.0008861894848711219,0.039203187388578066,0.15771991497680163,1
2010-01-12,5210.39990234375,23.079999923706055,-0.0074571562473284584,-0.5806014167766074,0.2001489034335242,1
2010-01-13,5233.9501953125,21.989999771118164,0.004509678948100578,0.30838242609448413,0.08452978344059532,1
2010-01-14,5259.89990234375,20.979999542236328,0.004945708140283072,0.340773856288027,-0.022603538860989054,1
2010-01-15,5252.2001953125,21.079999923706055,-0.0014649229624307774,-0.13545460176714239,-0.01199624116746447,1
2010-01-18,5274.85009765625,21.549999237060547,0.004303187818976659,0.2930427582132477,0.037857794979512596,1
2010-01-19,5225.64990234375,22.34000015258789,-0.00937108811281388,-0.7227822421148364,0.12165522420924349,1
2010-01-20,5221.7001953125,22.290000915527344,-0.0007561165620956245,-0.0827992900384194,0.11635167652116907,1
2010-01-21,5094.14990234375,23.5,-0.024730253416518803,-1.8637731199866538,0.24469939189242684,1
2010-01-22,5036.0,24.850000381469727,-0.011480687178891941,-0.8794986549384781,0.3878974049615694,1
2010-01-25,5007.89990234375,25.81999969482422,-0.005595470135225262,-0.4423017872480414,0.4907877272587936,1
2010-01-27,4853.10009765625,28.920000076293945,-0.03139894990280727,-2.359172557892018,0.8196127418538012,1
2010-01-28,4867.25,26.959999084472656,0.002911399732814308,0.18965058299791507,0.611710394939797,1
2010-01-29,4882.0498046875,26.1299991607666,0.003036077739411096,0.19891257512999155,0.5236701680230816,1
2010-02-01,4899.7001953125,25.610000610351562,0.0036088449983292152,0.24146190672756068,0.46851258418803016,1
2010-02-02,4830.10009765625,26.690000534057617,-0.01430682701245135,-1.0894449447217924,0.583070954179869,1
2010-02-03,4931.85009765625,25.540000915527344,0.020846999413257735,1.5220378071662912,0.4610875364977757,1
2010-02-04,4845.35009765625,27.06999969482422,-0.017694688705123994,-1.3411200332045257,0.6233784426344116,1
2010-02-05,4718.64990234375,30.06999969482422,-0.026496781268445523,-1.9950036995591445,0.9415961595358945,1
2010-02-08,4760.39990234375,30.360000610351562,0.008808956769992533,0.62776415545396,0.9723573026153782,1
2010-02-09,4792.64990234375,29.90999984741211,0.006751796164294356,0.47494325412199156,0.9246245641532055,1
2010-02-10,4757.2001953125,30.549999237060547,-0.007424173049006029,-0.5781511841197683,0.9925109456839616,1
2010-02-11,4826.85009765625,28.809999465942383,0.014534800298261869,1.0531215954380702,0.8079446941591866,1
2010-02-15,4801.9501953125,29.68000030517578,-0.005171975135166793,-0.41084148831015055,0.900227921080262,1
2010-02-16,4855.75,28.729999542236328,0.011141443639869172,0.801038300803712,0.7994588964678421,1
2010-02-17,4914.0,29.040000915527344,0.011924704368882228,0.8592246233757824,0.8323415395495058,1
2010-02-18,4887.75,29.760000228881836,-0.005356199200524958,-0.4245269962073423,0.9087137187716064,1
2010-02-19,4844.89990234375,31.899999618530273,-0.008805489760123469,-0.6807654691849028,1.1357089587531042,1
2010-02-22,4856.39990234375,32.130001068115234,0.002370817440569972,0.14949218558545666,1.1601058041434233,1
2010-02-23,4870.0498046875,30.989999771118164,0.0028067612985113975,0.18187727652887076,1.0391829341450443,1
2010-02-24,4858.60009765625,30.399999618530273,-0.002353813207905825,-0.20148785562317206,0.9766001003023627,1
2010-02-25,4859.75,29.549999237060547,0.00023664559057058937,-0.00904967294071799,0.8864383733834673,1
2010-02-26,4922.2998046875,24.020000457763672,0.012788865005232845,0.923420781408805,0.29985717804485407,1
2010-03-02,5017.0,21.6299991607666,0.01905628423679781,1.3890104166273967,0.046343592670857116,1
2010-03-03,5088.10009765625,20.75,0.014072353623684244,1.0187676818782005,-0.04700018193393257,1
2010-03-04,5080.25,20.979999542236328,-0.0015440261478846663,-0.14133096361551173,-0.022603538860989054,1
2010-03-05,5088.7001953125,20.739999771118164,0.0016619605947973564,0.09683312640152782,-0.0480609319350226,1
2010-03-08,5124.0,20.729999542236328,0.006912950461775033,0.48691497131621564,-0.04912168193611264,1
2010-03-09,5101.5,20.799999237060547,-0.004400769901265003,-0.35355073588646996,-0.04169663424585816,1
2010-03-10,5116.25,20.09000015258789,0.002887134691252988,0.18784799864354468,-0.11700806346686878,1
2010-03-11,5133.39990234375,20.139999389648438,0.0033464398319566976,0.2219685361428156,-0.11170451577879435,1
2010-03-12,5137.0,19.729999542236328,0.0007010628286984394,0.0254506284592858,-0.155194254236607,1
2010-03-15,5128.89990234375,20.260000228881836,-0.0015780592864252823,-0.14385919349339604,-0.0989757180830897,1
2010-03-16,5198.10009765625,19.59000015258789,0.013402000790980504,0.9689689817570424,-0.17004434961711595,1
2010-03-17,5231.89990234375,17.729999542236328,0.006481289167163449,0.4548480204277223,-0.36733939883759564,0
2010-03-18,5245.89990234375,17.969999313354492,0.0026723183478340206,0.17188987309360365,-0.3418820057635621,0
2010-03-19,5262.7998046875,17.75,0.0032163668929633504,0.21230576906434767,-0.3652178988354156,0
2010-03-22,5205.2001953125,19.959999084472656,-0.011005003954608747,-0.844161433876546,-0.13079761116366345,1
2010-03-23,5225.2998046875,18.1299991607666,0.003854011649290952,0.25967467459446086,-0.3249104103808731,0
2010-03-25,5260.39990234375,17.049999237060547,0.006694875828928294,0.47071479625114526,-0.4394687803727119,0
2010-03-26,5282.0,17.889999389648438,0.004097762953683076,0.27778230019008376,-0.35036780345490665,0
2010-03-29,5302.85009765625,18.729999542236328,0.003939616419884685,0.2660340216304745,-0.2612668265371013,1
2010-03-30,5262.4501953125,19.799999237060547,-0.007647695404744314,-0.5947560557944213,-0.1477692065463525,1
2010-03-31,5249.10009765625,19.8700008392334,-0.0025400829491546485,-0.21532533125325623,-0.14034395653872225,1
2010-04-01,5290.5,17.6200008392334,0.00785610742115299,0.5569795526767656,-0.3790072442148345,0
2010-04-05,5368.39990234375,17.170000076293945,0.014617134988492871,1.0592380170422648,-0.42673998267700725,0
2010-04-06,5366.0,17.200000762939453,-0.0004471423471397832,-0.05984643070060222,-0.42355773267373714,0
2010-04-07,5374.64990234375,17.31999969482422,0.0016106854412794307,0.09302403383245977,-0.41082913729540826,0
2010-04-08,5304.4501953125,19.920000076293945,-0.013147309710539474,-1.0033075382901513,-0.13504040885064783,1
2010-04-09,5361.75,18.440000534057617,0.010744286598761555,0.7715345776504072,-0.29202776729920926,1
2010-04-12,5339.7001953125,20.049999237060547,-0.004120906136825128,-0.33276041323815925,-0.12125106347122891,1
2010-04-13,5322.9501953125,20.139999389648438,-0.0031418105563994977,-0.26002604885438757,-0.11170451577879435,1
2010-04-15,5273.60009765625,21.579999923706055,-0.009314437828800527,-0.7185738456290918,0.0410400449827827,1
2010-04-16,5262.60009765625,21.780000686645508,-0.0020880400510003044,-0.18174428612468857,0.062254640369831866,1
2010-04-19,5203.64990234375,22.65999984741211,-0.011264936095264202,-0.8634710900648304,0.15559841497462154,1
2010-04-20,5230.10009765625,20.8700008392334,0.005070133360250802,0.350017069584659,-0.03427138423822792,1
2010-04-21,5244.89990234375,19.229999542236328,0.0028257402454029998,0.18328717119741164,-0.20823054038685415,1
2010-04-22,5269.35009765625,20.530000686645508,0.004650876550451328,0.3188716143461866,-0.07033607500578605,1
2010-04-23,5304.10009765625,20.209999084472656,0.006573090991872485,0.46166772986464927,-0.10427946808853987,1
2010-04-26,5322.4501953125,19.790000915527344,0.0034536355429986695,0.2299318157890324,-0.14882975423006678,1
2010-04-27,5308.35009765625,19.81999969482422,-0.002652689456282345,-0.22369056431645643,-0.14564770654417242,1
2010-04-28,5215.4501953125,22.729999542236328,-0.017655659171124917,-1.338220634612221,0.16302346266487602,1
2010-04-29,5254.14990234375,21.190000534057617,0.007392810217539679,0.522562455613633,-0.00032819347284985124,1
2010-04-30,5278.0,20.350000381469727,0.004529016135379945,0.3098189334731849,-0.08942917039065515,1
2010-05-03,5222.75,22.139999389648438,-0.010523154984110675,-0.8083661761930045,0.10044062882219432,1
2010-05-04,5148.5,23.299999237060547,-0.014318672982353193,-1.0903249498086762,0.2234847965053777,1
2010-05-05,5124.89990234375,23.690000534057617,-0.004594416530933983,-0.36793622061913517,0.264853237278386,1
2010-05-06,5090.85009765625,24.360000610351562,-0.006666163674476285,-0.52184071642325,0.3359218688124122,1
2010-05-07,5018.0498046875,27.399999618530273,-0.014403456807526558,-1.0966233110282506,0.6583823834008796,1
2010-05-10,5193.60009765625,24.139999389648438,0.03438574403959364,2.527794553124296,0.312585773423183,1
2010-05-11,5136.14990234375,25.809999465942383,-0.011123364586176314,-0.8529541252922159,0.4897269772577036,1
2010-05-12,5156.64990234375,25.81999969482422,0.003983372356512285,0.26928453189959606,0.4907877272587936,1
2010-05-13,5178.89990234375,24.860000610351562,0.004305534740252186,0.29321710465158013,0.3889581549626594,1
2010-05-14,5093.5,26.530000686645508,-0.016627442603929482,-1.261837204884847,0.56609935879718,1
2010-05-17,5059.89990234375,27.170000076293945,-0.0066185160897830105,-0.5183011061376223,0.6339857403279361,1
2010-05-18,5066.2001953125,26.540000915527344,0.0012443672728817412,0.06581124718189518,0.5671601087982701,1
2010-05-19,4919.64990234375,32.040000915527344,-0.02935369831893425,-2.2072363456039,1.1505592564509888,1
2010-05-20,4947.60009765625,31.040000915527344,0.005665260344674226,0.3942274447564591,1.0444866841504945,1
2010-05-21,4931.14990234375,32.2599983215332,-0.0033304234883113635,-0.27403759378568576,1.1738949472054665,1
2010-05-24,4943.9501953125,31.299999237060547,0.002592439572484712,0.16595589476815725,1.0720653749093323,1
2010-05-25,4806.75,34.52000045776367,-0.02814346627068717,-2.117331477738134,1.4136191872000445,1
2010-05-26,4917.39990234375,32.150001525878906,0.022758735608322447,1.6640555220833935,1.1622273041456035,1
2010-05-27,5003.10009765625,29.010000228881836,0.01727782415402294,1.2568934238754663,0.8291592895462357,1
2010-05-28,5066.5498046875,26.43000030517578,0.012602334221159585,0.9095639136128364,0.5554920611036553,1
2010-05-31,5086.2998046875,26.43000030517578,0.0038905382570750065,0.2623881375631259,0.5554920611036553,1
2010-06-01,4970.2001953125,29.079999923706055,-0.023090492266616938,-1.7419596960842938,0.8365843372364903,1
2010-06-02,5019.85009765625,27.760000228881836,0.009939952188865392,0.7117827482831852,0.6965685741706178,1
2010-06-03,5110.5,25.290000915527344,0.01789717455385668,1.3029032911073852,0.4345693934226521,1
2010-06-04,5135.5,24.719999313354492,0.004879962836728166,0.33588981538243384,0.3741078572647747,1
2010-06-07,5034.0,27.989999771118164,-0.019962312910597833,-1.5095757065257094,0.7209652172435613,1
2010-06-08,4987.10009765625,28.770000457763672,-0.009360298632856782,-0.7219807208104815,0.8037018964722022,1
2010-06-09,5000.2998046875,28.15999984741211,0.0026432734937479525,0.1697322093855812,0.7389975626273404,1
2010-06-10,5078.60009765625,26.5,0.015537780712110243,1.1276302995412189,0.5629171087939099,1
2010-06-11,5119.35009765625,25.100000381469727,0.007991844656968942,0.5670631050568014,0.41441554803669295,1
2010-06-14,5197.7001953125,22.950000762939453,0.01518876068179503,1.101702544815632,0.18635955805410528,1
2010-06-15,5222.35009765625,21.979999542236328,0.004731253234392907,0.32484258095521235,0.08346903343950528,1
2010-06-16,5233.35009765625,22.670000076293945,0.0021041161955454323,0.12967967092903507,0.15665916497571158,1
2010-06-17,5274.85009765625,20.850000381469727,0.007898634397593373,0.5601387668151955,-0.036392884240407986,1
2010-06-18,5262.60009765625,19.959999084472656,-0.002325041692512812,-0.19935049750788061,-0.13079761116366345,1
2010-06-21,5353.2998046875,19.40999984741211,0.017087936936644132,1.24278721572095,-0.18913744500198504,1
2010-06-22,5316.5498046875,20.639999389648438,-0.006888596684940277,-0.5383646635817432,-0.05866822962854719,1
2010-06-23,5323.14990234375,20.34000015258789,0.001240655034366222,0.06553547501596439,-0.0904899203917452,1
2010-06-24,5320.60009765625,20.06999969482422,-0.00047911774257688094,-0.06222179640496586,-0.11912956346904884,1
2010-06-25,5269.0498046875,20.0,-0.009736053722463615,-0.7498945508316927,-0.12655461115930333,1
2010-06-28,5333.5,19.549999237060547,0.01215763950246269,0.8765287448756044,-0.17428734962147607,1
2010-06-29,5256.14990234375,20.639999389648438,-0.014608882074956035,-1.1118837989250032,-0.05866822962854719,1
2010-06-30,5312.5,20.06999969482422,0.01066373324209074,0.7655504865018352,-0.11912956346904884,1
2010-07-01,5251.39990234375,21.440000534057617,-0.011567845125803692,-0.8859733832452538,0.02618994960227373,1
2010-07-02,5237.10009765625,21.899999618530273,-0.002726760461016281,-0.2291930990600492,0.07498323574816076,1
2010-07-05,5235.89990234375,21.989999771118164,-0.00022919799823436973,-0.043655934077403244,0.08452978344059532,1
2010-07-06,5289.0498046875,20.899999618530273,0.010099878028875301,0.7236632066921639,-0.031089336552333573,1
2010-07-07,5241.10009765625,22.110000610351562,-0.009107190095395111,-0.7031779716607226,0.09725858113629997,1
2010-07-08,5296.85009765625,21.1200008392334,0.010580904083332588,0.7593973321672015,-0.007753241163104334,1
2010-07-09,5352.4501953125,20.209999084472656,0.010442113816835361,0.7490869783895431,-0.10427946808853987,1
2010-07-12,5383.0,19.90999984741211,0.005691403079691351,0.39616951788265725,-0.13610115885173787,1
2010-07-13,5400.64990234375,19.110000610351562,0.0032734590355328547,0.2165469900279796,-0.22095913576518306,1
2010-07-14,5386.14990234375,20.06999969482422,-0.0026884727623095483,-0.22634880940659072,-0.11912956346904884,1
2010-07-15,5378.75,20.18000030517578,-0.0013748206813710688,-0.12876114683442078,-0.10746151577443422,1
2010-07-16,5393.89990234375,19.700000762939453,0.002812662152533556,0.18231563502542994,-0.15837630192250132,1
2010-07-19,5386.4501953125,20.709999084472656,-0.0013820902196343338,-0.12930118118399087,-0.051243181938292706,1
2010-07-20,5368.0,20.3799991607666,-0.0034311774341907633,-0.28152233210868927,-0.08624712270476081,1
2010-07-21,5399.35009765625,20.0,0.005823194372050832,0.4059599367883534,-0.12655461115930333,1
2010-07-22,5441.9501953125,18.899999618530273,0.007858894368978778,0.5571865874982191,-0.24323448115332225,1
2010-07-23,5449.10009765625,19.239999771118164,0.0013129869348835793,0.07090881640773447,-0.2071697903857641,1
2010-07-26,5418.60009765625,19.969999313354492,-0.005612977820209495,-0.44360238584599027,-0.12973686116257344,1
2010-07-27,5430.60009765625,19.219999313354492,0.0022121455365479116,0.1377048786918944,-0.20929129038794417,1
2010-07-28,5397.5498046875,19.520000457763672,-0.006104532335174015,-0.4801186421959322,-0.17746939730737044,1
2010-07-29,5408.89990234375,18.329999923706055,0.002100616231522225,0.12941966806140554,-0.3036958149938239,0
2010-07-30,5367.60009765625,18.940000534057617,-0.00766482751966219,-0.596028754307226,-0.2389914811489621,1
2010-08-02,5431.64990234375,17.989999771118164,0.011862037773378627,0.8545692913702311,-0.33976050576138206,0
2010-08-03,5439.5498046875,17.549999237060547,0.0014533637403788082,0.08133702987947873,-0.38643249422246473,0
2010-08-04,5467.85009765625,17.040000915527344,0.005189203059859094,0.35886243574861504,-0.4405293280564262,0
2010-08-05,5447.10009765625,17.709999084472656,-0.003802129121223046,-0.3090793303352074,-0.36946089883977573,0
2010-08-06,5439.25,17.3700008392334,-0.0014421911745366375,-0.13376591868364993,-0.4055253872899581,0
2010-08-09,5486.14990234375,17.0,0.008585532950855656,0.6111666037971023,-0.4447723280607863,0
2010-08-10,5460.7001953125,17.329999923706055,-0.004649694232652821,-0.3720426516760168,-0.40976838729431825,0
2010-08-11,5420.60009765625,18.110000610351562,-0.007370493986963361,-0.574163511683648,-0.3270317080656774,0
2010-08-12,5416.4501953125,18.0,-0.0007658730806648022,-0.08352407543313961,-0.338699755760292,0
2010-08-13,5452.10009765625,16.739999771118164,0.006560218103885612,0.46071143780876883,-0.47235122113699995,0
2010-08-16,5418.2998046875,18.110000610351562,-0.006218796401868112,-0.48860701087929115,-0.3270317080656774,0
2010-08-17,5414.14990234375,17.6299991607666,-0.000766198350143573,-0.08354823882358361,-0.37794669653112023,0
2010-08-18,5479.14990234375,16.399999618530273,0.011934082898280511,0.8599213289766208,-0.508415911904558,0
2010-08-19,5540.2001953125,16.530000686645508,0.0110806748273832,0.7965239499692385,-0.4946263642077634,0
2010-08-20,5530.64990234375,16.700000762939453,-0.0017253047875308014,-0.1547976637974129,-0.47659401882398433,0
2010-08-23,5543.5,17.139999389648438,0.0023207385735129846,0.14577196190426517,-0.42992223268027735,0
2010-08-24,5505.10009765625,16.989999771118164,-0.006951117177111686,-0.5430091419656321,-0.4458330780618764,0
2010-08-25,5462.35009765625,18.920000076293945,-0.007795835084648713,-0.6057609522246328,-0.24111298115114219,1
2010-08-26,5477.89990234375,17.09000015258789,0.002842680040908752,0.184545582820888,-0.4352257803683518,0
2010-08-27,5408.7001953125,19.6299991607666,-0.012712993664487983,-0.9710433730924128,-0.16580155193013157,1
2010-08-30,5415.4501953125,18.360000610351562,0.0012472112140708633,0.06602251588626999,-0.3005135649905538,1
2010-08-31,5402.39990234375,18.469999313354492,-0.00241273435696224,-0.20586494853530304,-0.28884571961331496,1
2010-09-01,5471.85009765625,16.700000762939453,0.012773504308811986,0.9222796767883781,-0.47659401882398433,0
2010-09-02,5486.14990234375,16.149999618530273,0.002609931156180491,0.1672552972449052,-0.5349340549796817,0
2010-09-03,5479.39990234375,15.859999656677246,-0.0012311285750001095,-0.11808664862116806,-0.5656950969004775,0
2010-09-06,5576.9501953125,15.220000267028809,0.017646478902998107,1.2842797887818538,-0.6335814784312337,0
2010-09-07,5604.0,15.829999923706055,0.004838561479732106,0.33281422047021403,-0.5688772457450597,0
2010-09-08,5607.85009765625,15.970000267028809,0.0006867908104461945,0.024390398797540867,-0.5540270492058629,0
2010-09-09,5640.0498046875,15.920000076293945,0.005725476804122235,0.3987007627766346,-0.5593306980526251,0
2010-09-13,5760.0,18.139999389648438,0.021044578618470873,1.536715432307221,-0.323849660379783,0
2010-09-14,5795.5498046875,18.600000381469727,0.006152873284535868,0.4304508921452431,-0.27505617191652026,1
2010-09-15,5860.9501953125,19.43000030517578,0.011221391822531002,0.8069774352108124,-0.18701594499980498,1
2010-09-16,5828.7001953125,18.850000381469727,-0.005517715371069107,-0.4365255959733862,-0.24853802884139667,1
2010-09-17,5884.9501953125,19.489999771118164,0.009604253244100887,0.686844580999114,-0.18065164731064054,1
2010-09-20,5980.4501953125,21.950000762939453,0.016097570938055195,1.1692156024333573,0.08028698575361094,1
2010-09-21,6009.0498046875,22.6299991607666,0.004770785040215841,0.3277792919637778,0.15241616497135144,1
2010-09-22,5991.0,24.290000915527344,-0.0030082905643817803,-0.25010720952338666,0.3284968211221577,1
2010-09-23,5959.5498046875,23.899999618530273,-0.005263401003784735,-0.4176332689851991,0.28712838034914945,1
2010-09-24,6018.2998046875,21.709999084472656,0.009809852862910048,0.7021180209886289,0.05482939036220163,1
2010-09-27,6035.64990234375,22.360000610351562,0.00287874266275489,0.18722457752828003,0.12377672421142355,1
2010-09-28,6029.5,21.209999084472656,-0.0010194490621581462,-0.10236154973661017,0.0017931042119544607,1
2010-09-29,5991.2998046875,22.15999984741211,-0.006355704200122867,-0.4987775211791256,0.10256212882437439,1
2010-09-30,6029.9501953125,22.25,0.0064303668597660915,0.4510651398432836,0.11210867651680893,1
2010-10-01,6143.39990234375,21.43000030517578,0.018639567709410974,1.3580536721035188,0.025129199601183698,1
2010-10-04,6159.4501953125,22.799999237060547,0.002609200623776862,0.16720102796711253,0.1704485103551305,1
2010-10-05,6145.7998046875,22.170000076293945,-0.002218629645768462,-0.19144543416425702,0.10362287882546442,1
2010-10-06,6186.4501953125,21.729999542236328,0.006592558187392446,0.4631138952041593,0.056950890364381695,1
2010-10-07,6120.2998046875,22.450000762939453,-0.01075036507755265,-0.825244999934498,0.1333232719038581,1
2010-10-08,6103.4501953125,21.399999618530273,-0.0027568659448782853,-0.2314295540874704,0.021946949597913597,1
2010-10-11,6135.85009765625,21.200000762939453,0.0052944167152087305,0.36667847383452107,0.0007325565282401829,1
2010-10-12,6090.89990234375,20.510000228881836,-0.007352795767714826,-0.5728487588101776,-0.07245757500796612,1
2010-10-13,6233.89990234375,20.020000457763672,0.023206286464976675,1.6973028655899456,-0.12443311115712326,1
2010-10-14,6177.35009765625,20.600000381469727,-0.009112731758761925,-0.7035896468543118,-0.06291102731553157,1
2010-10-15,6062.64990234375,22.649999618530273,-0.018742410609534424,-1.4189524617148448,0.15453766497353152,1
2010-10-18,6075.9501953125,22.350000381469727,0.0021914056290457356,0.1361641670190941,0.12271597421033352,1
2010-10-19,6027.2998046875,23.229999542236328,-0.008039270881310663,-0.6238451396037309,0.21605974881512321,1
2010-10-20,5982.10009765625,23.799999237060547,-0.007527423655550523,-0.5858213926156415,0.27652108265562486,1
2010-10-21,6101.5,22.190000534057617,0.019762949379863604,1.4415066601409396,0.10574437882764448,1
2010-10-22,6066.0498046875,21.610000610351562,-0.005827022890950839,-0.4595032156332959,0.044222294986052804,1
2010-10-25,6105.7998046875,21.360000610351562,0.006531487421865502,0.4585771130943864,0.017704151910929215,1
2010-10-26,6082.0,20.549999237060547,-0.003905517865498991,-0.3167598007097934,-0.06821477732098175,1
2010-10-27,6012.64990234375,21.020000457763672,-0.011468022351340748,-0.8785578191300214,-0.01836053885662892,1
2010-10-28,5987.7001953125,20.520000457763672,-0.004158169182956317,-0.33552858422119747,-0.0713968250068761,1
2010-10-29,6017.7001953125,20.760000228881836,0.004997761252085383,0.3446407412753871,-0.045939431932842535,1
2010-11-01,6117.5498046875,20.920000076293945,0.01645649867513474,1.195879373916053,-0.028967836550153503,1
2010-11-02,6119.0,21.25,0.00023702683230754845,-0.009021351522494217,0.006036104216314597,1
2010-11-03,6160.5,21.530000686645508,0.0067592586021823315,0.47549761846331495,0.035736497294708285,1
2010-11-04,6281.7998046875,19.360000610351562,0.019498589440667992,1.4218680747664998,-0.19444099269005946,1
2010-11-08,6273.2001953125,19.610000610351562,-0.0013699101106928303,-0.12839635381095724,-0.16792284961493587,1
2010-11-09,6301.5498046875,18.75,0.004508981475751922,0.3083306127588211,-0.2591453265349212,1
2010-11-10,6275.7001953125,19.079999923706055,-0.004110540185239915,-0.3319903547118449,-0.22414138576845313,1
2010-11-11,6194.25,19.360000610351562,-0.013063621326274108,-0.9970905544148895,-0.19444099269005946,1
2010-11-12,6071.64990234375,21.6299991607666,-0.01999106166251395,-1.5117113736038272,0.046343592670857116,1
2010-11-15,6121.60009765625,20.25,0.0081931355022444,0.5820164579061912,-0.10003646808417974,1
2010-11-16,5988.7001953125,21.1299991607666,-0.021949123410368025,-1.657170488629585,-0.006692693479390056,1
2010-11-18,5998.7998046875,20.6200008392334,0.0016850238606307781,0.0985464340852155,-0.0607895273133515,1
2010-11-19,5890.2998046875,21.600000381469727,-0.018252519672628757,-1.382559788082599,0.04316154498496277,1
2010-11-22,6010.0,19.93000030517578,0.020117851552952617,1.4678713833550174,-0.13397965884955781,1
2010-11-23,5934.75,23.260000228881836,-0.01259984437184087,-0.9626378179600085,0.21924199881839332,1
2010-11-24,5865.75,24.68000030517578,-0.01169455300758192,-0.8953861693182407,0.3698650595777903,1
2010-11-25,5799.75,21.6299991607666,-0.011315537992575984,-0.8672301682500115,0.046343592670857116,1
2010-11-26,5751.9501953125,22.579999923706055,-0.00827585146692871,-0.6414200718825476,0.14711261728327704,1
2010-11-29,5830.0,21.309999465942383,0.013478038654212304,0.9746176291024434,0.012400401905479046,1
2010-11-30,5862.7001953125,20.709999084472656,0.005593281281109418,0.38888031466825107,-0.051243181938292706,1
2010-12-01,5960.89990234375,19.200000762939453,0.016611178361988586,1.207370109786298,-0.2114125880727485,1
2010-12-02,6011.7001953125,18.799999237060547,0.00848614292930173,0.6037831877258423,-0.25384177884684683,1
2010-12-03,5992.7998046875,18.600000381469727,-0.0031488868744578725,-0.26055172939716925,-0.27505617191652026,1
2010-12-06,5992.25,19.3700008392334,-9.17484193800369e-05,-0.03344517636114332,-0.19338024268896942,1
2010-12-07,5976.5498046875,19.239999771118164,-0.0026235219193067112,-0.22152378682815377,-0.2071697903857641,1
2010-12-08,5903.7001953125,20.43000030517578,-0.012264139639573417,-0.9376992207379857,-0.08094337269931064,1
2010-12-09,5766.5,22.600000381469727,-0.023513995398226302,-1.7734205990931227,0.1492341172854571,1
2010-12-10,5857.35009765625,21.6299991607666,0.01563198886586812,1.134628768659391,0.046343592670857116,1
2010-12-13,5907.64990234375,22.56999969482422,0.008550805127915114,0.6085867676927309,0.146051867282187,1
2010-12-14,5944.10009765625,21.459999084472656,0.0061510427131599675,0.43031490394537064,0.028311247287078047,1
2010-12-15,5892.2998046875,21.420000076293945,-0.00875276673674562,-0.6768488182772238,0.024068449600093664,1
2010-12-16,5948.75,20.239999771118164,0.009534732799129053,0.6816800950410576,-0.10109721808526978,1
2010-12-20,5947.0498046875,20.780000686645508,-0.00028584800551315775,-0.04786431000528506,-0.04381793193066247,1
2010-12-21,6000.64990234375,19.770000457763672,0.00897251497180786,0.6399144522039657,-0.15095125423224684,1
2010-12-22,5984.39990234375,19.559999465942383,-0.002711713380007471,-0.22807529208094798,-0.17322659962038606,1
2010-12-23,5980.0,19.030000686645508,-0.0007354990769299838,-0.08126767279011886,-0.22944493345652756,1
2010-12-24,6011.60009765625,17.649999618530273,0.005270384359897009,0.3648931751127322,-0.37582519652894014,0
2010-12-27,5998.10009765625,18.450000762939453,-0.0022481836293281954,-0.19364091972480996,-0.29096701729811925,1
2010-12-28,5996.0,18.1299991607666,-0.000350188452758028,-0.05264398793263189,-0.3249104103808731,0
2010-12-29,6060.35009765625,17.1299991607666,0.010674990062610617,0.7663867252734774,-0.4309829826813674,0
2010-12-30,6101.85009765625,17.020000457763672,0.006824449589510328,0.4803404807146092,-0.4426508280586063,0
2010-12-31,6134.5,16.559999465942383,0.005336555356628161,0.36980883961383093,-0.49144431652186904,0
2011-01-03,6157.60009765625,16.989999771118164,0.003758531848336433,0.25258173824304053,-0.4458330780618764,0
2011-01-04,6146.35009765625,17.030000686645508,-0.0018286815139022822,-0.1624772413943581,-0.4415900780575162,0
2011-01-05,6079.7998046875,17.8799991607666,-0.010886657008168427,-0.8353697590919913,-0.35142855345599666,0
2011-01-06,6048.25,18.200000762939453,-0.0052027945736062816,-0.41313098109346647,-0.3174851603732428,0
2011-01-07,5904.60009765625,20.81999969482422,-0.024037249311890194,-1.812291718095743,-0.03957513424367809,1
2011-01-10,5762.85009765625,23.15999984741211,-0.0242995637386114,-1.831778347877042,0.20863470112486873,1
2011-01-11,5754.10009765625,22.329999923706055,-0.0015194997868653757,-0.13950896654489936,0.12059447420815345,1
2011-01-12,5863.25,21.40999984741211,0.01879139619515671,1.3693325999496295,0.02300769959900363,1
2011-01-13,5751.89990234375,23.149999618530273,-0.019173839327316797,-1.4510021350993014,0.2075739511237787,1
2011-01-14,5654.5498046875,23.809999465942383,-0.017069721768040398,-1.2946929286006144,0.2775818326567149,1
2011-01-17,5654.75,23.56999969482422,3.5403661761228884e-05,-0.023999391918052164,0.2521244395826813,1
2011-01-18,5724.0498046875,21.459999084472656,0.012180662758961016,0.8782390803739245,0.028311247287078047,1
2011-01-19,5691.0498046875,21.09000015258789,-0.0057818316196177775,-0.4561460782283084,-0.010935491166374435,1
2011-01-20,5711.60009765625,21.010000228881836,0.0036044806065857974,0.24113768786096007,-0.019421288857718953,1
2011-01-21,5696.5,21.030000686645508,-0.0026472605158493817,-0.223287263004957,-0.017299788855538886,1
2011-01-24,5743.25,20.170000076293945,0.008173301034109938,0.5805430088768092,-0.10852226577552426,1
2011-01-25,5687.39990234375,20.780000686645508,-0.009772067655861168,-0.7525699286058338,-0.04381793193066247,1
2011-01-27,5604.2998046875,22.09000015258789,-0.014719059152266116,-1.1200685562132822,0.09513708113411991,1
2011-01-28,5512.14990234375,22.579999923706055,-0.016579396404794635,-1.2582679826097245,0.14711261728327704,1
2011-01-31,5505.89990234375,23.40999984741211,-0.0011345021634778043,-0.11090853366971011,0.2351528441999923,1
2011-02-01,5417.2001953125,23.729999542236328,-0.016241113960522698,-1.233137894129893,0.2690960349653704,1
2011-02-02,5432.0,23.520000457763672,0.0027282774031740335,0.17604692006944922,0.24682089189460693,1
2011-02-03,5526.75,22.690000534057617,0.017292549076686366,1.257987298581814,0.15878066497789164,1
2011-02-04,5395.75,24.40999984741211,-0.023988332676138546,-1.8086578334369623,0.34122541650048666,1
2011-02-07,5396.0,24.690000534057617,4.633168856676948e-05,-0.023187578342788878,0.37092580957888033,1
2011-02-08,5312.5498046875,24.739999771118164,-0.015586029138919214,-1.1844734132872028,0.3762293572669547,1
2011-02-09,5253.5498046875,25.239999771118164,-0.011167907817883387,-0.8562631215849013,0.4292656434172019,1
2011-02-10,5225.7998046875,24.81999969482422,-0.0052961425847933225,-0.4200655525448329,0.3847151549582993,1
2011-02-11,5310.0,23.469999313354492,0.01598397644993397,1.1607769749324492,0.24151714188915677,1
2011-02-14,5456.0,22.579999923706055,0.027124085287313617,1.9883455511286647,0.14711261728327704,1
2011-02-15,5481.0,22.850000381469727,0.00457164552281843,0.3129857554478688,0.1757522603605807,1
2011-02-16,5481.7001953125,23.049999237060547,0.00012774139600228233,-0.01713987121044052,0.1969666534302541,1
2011-02-17,5546.4501953125,22.56999969482422,0.011742811215976985,0.8457122726647601,0.146051867282187,1
2011-02-18,5458.9501953125,24.18000030517578,-0.01590161932654793,-1.207917755353328,0.3168287734275431,1
2011-02-21,5518.60009765625,24.90999984741211,0.01086772327922514,0.7807043550190873,0.3942617026507338,1
2011-02-22,5469.2001953125,26.850000381469727,-0.008991833464499622,-0.6946084393358097,0.6000425495625581,1
2011-02-23,5437.35009765625,26.549999237060547,-0.0058405613764712025,-0.46050895313097145,0.5682206564819843,1
2011-02-24,5262.7001953125,28.200000762939453,-0.03264758763813046,-2.4519304804483055,0.7432405626317006,1
2011-02-25,5303.5498046875,27.270000457763672,0.0077321306790641905,0.5477696555896194,0.6445930380214607,1
2011-02-28,5333.25,24.399999618530273,0.00558443762100127,0.3882233430613395,0.3401646664993966,1
2011-03-01,5522.2998046875,22.219999313354492,0.03483359635665696,2.5610642913098567,0.10892642651353883,1
2011-03-03,5536.2001953125,22.959999084472656,0.0025139753033331146,0.16012699628503096,0.18742010573781956,1
2011-03-04,5538.75,22.90999984741211,0.0004604634219720642,0.007577148822345796,0.18211655804974514,1
2011-03-07,5463.14990234375,25.219999313354492,-0.013743314929411162,-1.047583155125433,0.4271441434150218,1
2011-03-08,5520.7998046875,23.670000076293945,0.010497213344531289,0.753180173379829,0.2627317372762059,1
2011-03-09,5531.0,23.280000686645508,0.0018458890658586942,0.11049667539733651,0.22136349882057338,1
2011-03-10,5494.39990234375,23.530000686645508,-0.006639257065300575,-0.5198418971503992,0.24788164189569695,1
2011-03-11,5445.4501953125,24.1299991607666,-0.008948940481997226,-0.691422035596269,0.311525023422093,1
2011-03-14,5531.5,23.299999237060547,0.01567859302758532,1.1380908658722755,0.2234847965053777,1
2011-03-15,5449.64990234375,26.6299991607666,-0.014907657983095256,-1.1340790536132568,0.5767064541733288,1
2011-03-16,5511.14990234375,24.889999389648438,0.01122192659188634,0.8070171617808533,0.39214020264855376,1
2011-03-17,5446.64990234375,25.260000228881836,-0.011772572247673354,-0.9011820077953059,0.431387143419382,1
2011-03-18,5373.7001953125,25.889999389648438,-0.013484002212295716,-1.0283195142377666,0.4982127749490481,1
2011-03-21,5364.75,25.209999084472656,-0.0016669439671844774,-0.1504621961907058,0.4260833934139318,1
2011-03-22,5413.85009765625,22.260000228881836,0.009110726224509216,0.6501817926116794,0.11316942651789896,1
2011-03-23,5480.25,20.969999313354492,0.012190217458324736,0.8789488731653454,-0.02366428886207909,1
2011-03-24,5522.39990234375,19.84000015258789,0.007661810366167588,0.542545749605304,-0.14352620654199236,1
2011-03-25,5654.25,20.469999313354492,0.023594944054316423,1.7261751874436164,-0.07670057501232626,1
2011-03-28,5687.25,21.020000457763672,0.005819352489233676,0.4056745336976548,-0.01836053885662892,1
2011-03-29,5736.35009765625,21.219999313354492,0.008596309323982254,0.6119671514304443,0.002853854213044495,1
2011-03-30,5787.64990234375,22.040000915527344,0.008903183538841914,0.6347640074369676,0.08983353344604549,1
2011-03-31,5833.75,22.18000030517578,0.007933698152046535,0.5627435583636883,0.10468362882655445,1
2011-04-01,5826.0498046875,20.110000610351562,-0.0013208110878279227,-0.12474892010648594,-0.1148865634646887,1
2011-04-04,5908.4501953125,20.059999465942383,0.014044355538836166,1.016687779827675,-0.12019031347013888,1
2011-04-05,5910.0498046875,19.899999618530273,0.00027069583868808463,-0.006520172038610861,-0.13716190885282792,1
2011-04-06,5891.75,20.360000610351562,-0.0031011912855171014,-0.2570085530057402,-0.08836842038956512,1
2011-04-07,5885.7001953125,20.31999969482422,-0.001027353989069185,-0.10294878539150368,-0.09261142039392525,1
2011-04-08,5842.0,20.540000915527344,-0.007452509331449193,-0.5802562099555572,-0.06927532500469602,1
2011-04-11,5785.7001953125,21.239999771118164,-0.009683814289420984,-0.7460138245429757,0.004975354215224563,1
2011-04-13,5911.5,20.40999984741211,0.021510216644902755,1.5713064227708016,-0.08306487270149071,1
2011-04-15,5824.5498046875,21.59000015258789,-0.014817896604968487,-1.1274109234380356,0.04210079498387273,1
2011-04-18,5729.10009765625,22.450000762939453,-0.01652324234306882,-1.2540964491365383,0.1333232719038581,1
2011-04-19,5740.75,22.06999969482422,0.0020313964438487763,0.12427751712143371,0.09301558113193983,1
2011-04-20,5851.64990234375,20.989999771118164,0.01913379225131961,1.3947682775386272,-0.02154278885989902,1
2011-04-21,5884.7001953125,20.510000228881836,0.005632139474262156,0.39176698481217875,-0.07245757500796612,1
2011-04-25,5874.5,20.90999984741211,-0.0017348455169341906,-0.15550641879823862,-0.030028586551243536,1
2011-04-26,5868.39990234375,21.709999084472656,-0.00103894238317352,-0.10380965586856276,0.05482939036220163,1
2011-04-27,5833.89990234375,21.350000381469727,-0.005896293981322488,-0.4646491777120567,0.016643401909839182,1
2011-04-28,5785.4501953125,20.920000076293945,-0.008339534900220089,-0.6461509420190578,-0.028967836550153503,1
2011-04-29,5749.5,19.579999923706055,-0.006233284254191724,-0.4896832742708445,-0.17110509961820597,1
2011-05-02,5701.2998046875,20.8799991607666,-0.008418709752226371,-0.6520326277819051,-0.03321083655451364,1
2011-05-03,5565.25,21.579999923706055,-0.024152277406054596,-1.820836844314868,0.0410400449827827,1
2011-05-04,5537.14990234375,21.18000030517578,-0.005061997028756225,-0.4026715120322206,-0.0013889434739398853,1
2011-05-05,5459.85009765625,21.600000381469727,-0.014058575581329499,-1.0710030168742988,0.04316154498496277,1
2011-05-06,5551.4501953125,20.969999313354492,0.016637855340857616,1.2093518704443074,-0.02366428886207909,1
2011-05-09,5551.10009765625,21.5,-6.306616896621993e-05,-0.0313144494998922,0.03255424729143818,1
2011-05-10,5541.25,21.739999771118164,-0.0017760168329809282,-0.15856492459008487,0.05801164036547173,1
2011-05-11,5565.0498046875,21.239999771118164,0.004285827239714357,0.2917530877017858,0.004975354215224563,1
2011-05-12,5486.14990234375,21.229999542236328,-0.01427921764981002,-1.087393919793373,0.003914604214134529,1
2011-05-13,5544.75,20.6299991607666,0.010624817456151603,0.7626595379454669,-0.059728979629637226,1
2011-05-16,5499.0,21.459999084472656,-0.008285276597504446,-0.6421202393589059,0.028311247287078047,1
2011-05-17,5438.9501953125,21.030000686645508,-0.010980194083480721,-0.8423183756062229,-0.017299788855538886,1
2011-05-18,5420.60009765625,20.709999084472656,-0.0033795349947825953,-0.2776859548635303,-0.051243181938292706,1
2011-05-19,5428.10009765625,20.40999984741211,0.0013826543382725416,0.07608421950940222,-0.08306487270149071,1
2011-05-20,5486.35009765625,19.450000762939453,0.010674024255009313,0.7663149780371481,-0.18489444499762492,1
2011-05-23,5386.5498046875,21.040000915527344,-0.01835813752553947,-1.390405852912858,-0.01623903885444885,1
2011-05-24,5394.85009765625,19.93000030517578,0.0015397433883911405,0.08775394046459206,-0.13397965884955781,1
2011-05-25,5348.9501953125,20.65999984741211,-0.008544496425544794,-0.6613769797682427,-0.05654672962636712,1
2011-05-26,5412.35009765625,19.18000030517578,0.011783080883934626,0.8487037974570294,-0.21353408807492857,1
2011-05-27,5476.10009765625,17.25,0.01170978923544845,0.8432591589826494,-0.41825418498566275,0
2011-05-30,5473.10009765625,17.8700008392334,-0.0005479852448685878,-0.06733777701608017,-0.35248910113971094,0
2011-06-01,5592.0,16.729999542236328,0.021491803578991553,1.5699385658708391,-0.47341197113808997,0
2011-06-02,5550.35009765625,17.979999542236328,-0.007475998503883324,-0.582001157089477,-0.3408212557624721,0
2011-06-03,5516.75,17.610000610351562,-0.0060720876465728746,-0.47770841397081093,-0.3800679942159246,0
2011-06-06,5532.0498046875,18.209999084472656,0.0027694979974720634,0.1791090866093954,-0.31642461268952854,0
2011-06-07,5556.14990234375,18.030000686645508,0.004346988013065479,0.2962965562495449,-0.3355175057570219,0
2011-06-08,5526.85009765625,18.579999923706055,-0.005287354136339274,-0.4194126824624791,-0.2771776719187003,1
2011-06-09,5521.0498046875,18.579999923706055,-0.0010500264399477862,-0.10463306048848703,-0.2771776719187003,1
2011-06-10,5485.7998046875,18.540000915527344,-0.006405124402290038,-0.502448814425883,-0.2814204696056847,1
2011-06-13,5482.7998046875,18.90999984741211,-0.0005470160606905956,-0.06726577894299478,-0.2421737311522322,1
2011-06-14,5500.5,18.510000228881836,0.0032231134450305594,0.21280695218293263,-0.2846027196089548,1
2011-06-15,5447.5,19.139999389648438,-0.00968220936071541,-0.7458945987272178,-0.2177770880792887,1
2011-06-16,5396.75,19.65999984741211,-0.009359867303788395,-0.7219486785397813,-0.16261930192686147,1
2011-06-17,5366.39990234375,20.270000457763672,-0.005639646083818007,-0.4455834990708511,-0.09791496808199968,1
2011-06-20,5257.89990234375,22.18000030517578,-0.020425585533706467,-1.5439909775695855,0.10468362882655445,1
2011-06-21,5275.85009765625,21.309999465942383,0.0034081334163708894,0.22655158578437573,0.012400401905479046,1
2011-06-22,5278.2998046875,20.889999389648438,0.0004642168432151349,0.007855980341798284,-0.03215008655342361,1
2011-06-23,5320.0,19.5,0.007869264178642029,0.5579569326307233,-0.1795908973095505,1
2011-06-24,5471.25,19.31999969482422,0.028033806169414976,2.0559262566789056,-0.1986839926944196,1
2011-06-27,5526.60009765625,19.989999771118164,0.010065706387361805,0.7211246878027682,-0.12761536116039335,1
2011-06-28,5545.2998046875,19.489999771118164,0.00337787100253908,0.22430347285364585,-0.18065164731064054,1
2011-06-29,5600.4501953125,19.459999084472656,0.009896299617058683,0.7085399167072346,-0.18383389731391064,1
2011-06-30,5647.39990234375,18.40999984741211,0.008348258431096389,0.59354012102649,-0.29521001730247937,1
2011-07-01,5627.2001953125,18.209999084472656,-0.0035832275147961966,-0.2928177216380034,-0.31642461268952854,0
2011-07-04,5650.5,18.170000076293945,0.0041320193718407065,0.280327116907239,-0.3206674103765129,0
2011-07-05,5632.10009765625,18.25,-0.0032616450989141907,-0.2689282331306533,-0.3121816126851684,0
2011-07-06,5625.4501953125,18.34000015258789,-0.0011814121090557134,-0.11439334673913822,-0.30263506499273385,0
2011-07-07,5728.9501953125,18.6200008392334,0.018231322343836034,1.3277262272949073,-0.2729346719143402,1
2011-07-08,5660.64990234375,18.670000076293945,-0.011993592594938669,-0.9176010120228959,-0.2676311242262658,1
2011-07-11,5616.10009765625,19.690000534057617,-0.007901219137585697,-0.6135896486867546,-0.15943705192359137,1
2011-07-12,5526.14990234375,20.829999923706055,-0.01614613735199751,-1.226082338584026,-0.03851438424258805,1
2011-07-13,5585.4501953125,19.520000457763672,0.010673684337305226,0.7662897264696363,-0.17746939730737044,1
2011-07-15,5581.10009765625,19.950000762939453,-0.0007791301274212043,-0.08450890560570934,-0.13185815884737773,1
2011-07-18,5567.0498046875,20.200000762939453,-0.002520651503807869,-0.21388182169748682,-0.10534001577225416,1
2011-07-19,5613.5498046875,19.25,0.008318027607452367,0.5912943548454294,-0.2061090403846741,1
2011-07-20,5567.0498046875,19.110000610351562,-0.008318027607452325,-0.6445532233689553,-0.22095913576518306,1
2011-07-21,5541.60009765625,18.75,-0.004581970226838186,-0.36701161832755763,-0.2591453265349212,1
2011-07-22,5633.9501953125,17.90999984741211,0.01652754404382657,1.201157142335725,-0.34824630345272656,0
2011-07-25,5680.2998046875,19.200000762939453,0.00819318446303973,0.5820200950713457,-0.2114125880727485,1
2011-07-26,5574.85009765625,19.299999237060547,-0.018738585183611912,-1.4186682811623699,-0.20080549269659967,1
2011-07-27,5546.7998046875,18.25,-0.005044278986077197,-0.4013552865296773,-0.3121816126851684,0
2011-07-28,5487.75,18.510000228881836,-0.01070281423571575,-0.821712576414195,-0.2846027196089548,1
2011-07-29,5482.0,19.770000457763672,-0.0010483375695179318,-0.10450759886890888,-0.15095125423224684,1
2011-08-01,5516.7998046875,18.780000686645508,0.006327948763364648,0.4434567762758406,-0.2559630765316511,1
2011-08-02,5456.5498046875,19.149999618530273,-0.010981260525951745,-0.8423975987350293,-0.21671633807819865,1
2011-08-03,5404.7998046875,19.479999542236328,-0.009529274623523588,-0.7345334904511385,-0.18171239731173056,1
2011-08-04,5331.7998046875,20.219999313354492,-0.013598555890485751,-1.0368293973764007,-0.10321871808744984,1
2011-08-05,5211.25,24.899999618530273,-0.022869105391128044,-1.7255134634656215,0.3932009526496438,1
2011-08-08,5118.5,28.780000686645508,-0.0179583228351812,-1.36070470017978,0.8047626464732922,1
2011-08-09,5072.85009765625,34.880001068115234,-0.008958618282299595,-0.6921409732237067,1.4518053779697828,1
2011-08-10,5161.0,28.950000762939453,0.017227550071201244,1.253158698142741,0.8227949918570713,1
2011-08-11,5138.2998046875,29.09000015258789,-0.004408111716545394,-0.354096139500293,0.8376450872375802,1
2011-08-12,5072.9501953125,27.020000457763672,-0.012799706514216911,-0.9774850363324792,0.6180748949463372,1
2011-08-16,5035.7998046875,26.459999084472656,-0.007350178385929561,-0.5726543205915736,0.5586741087895497,1
2011-08-17,5056.60009765625,25.479999542236328,0.0041219774525322675,0.2795811298629763,0.45472303649123547,1
2011-08-18,4944.14990234375,27.450000762939453,-0.022489300253336914,-1.6972987663112133,0.6636861334063298,1
2011-08-19,4845.64990234375,29.190000534057617,-0.02012366463152472,-1.521562089774159,0.8482523849311049,1
2011-08-22,4898.7998046875,27.079999923706055,0.010908862177967734,0.7837604526170258,0.6244391926355015,1
2011-08-23,4948.89990234375,25.920000076293945,0.010175072634902792,0.7292492107390007,0.5013950249523181,1
2011-08-24,4888.89990234375,28.600000381469727,-0.012198000598804451,-0.9327859301589476,0.7856695510884232,1
2011-08-25,4839.60009765625,27.940000534057617,-0.010135216467870713,-0.779547272336416,0.7156616695554869,1
2011-08-26,4747.7998046875,33.2599983215332,-0.01915078114017379,-1.4492892046977983,1.279967519505961,1
2011-08-29,4919.60009765625,26.06999969482422,0.035545934512972804,2.6139819676448037,0.5173058703339172,1
2011-08-30,5001.0,24.8799991607666,0.016410646200203265,1.1924731174828314,0.3910794526474637,1
2011-09-02,5040.0,26.09000015258789,0.007768189646510544,0.5504483788215285,0.5194273703360972,1
2011-09-05,5017.2001953125,27.829999923706055,-0.00453403398630976,-0.36345056458011155,0.7039936218608723,1
2011-09-06,5064.2998046875,28.65999984741211,0.009343838129813015,0.6674990460050518,0.7920338487775875,1
2011-09-07,5124.64990234375,27.860000610351562,0.011846324726533429,0.8534020115891078,0.7071758718641424,1
2011-09-08,5153.25,27.639999389648438,0.005565372643843948,0.38680705743687965,0.6838397764749131,1
2011-09-09,5059.4501953125,28.149999618530273,-0.0183697632542546,-1.3912694968772457,0.7379368126262503,1
2011-09-12,4946.7998046875,32.75,-0.022516956939733934,-1.699353306793537,1.2258706856719994,1
2011-09-13,4940.9501953125,32.77000045776367,-0.0011832034704437695,-0.11452642213499002,1.2279921856741796,1
2011-09-14,5012.5498046875,32.45000076293945,0.014387068747856058,1.0421470178452221,1.1940489949088016,1
2011-09-15,5075.7001953125,30.790000915527344,0.012519756250054883,0.9034294193300709,1.017968541075371,1
2011-09-16,5084.25,28.450000762939453,0.0016830410664110814,0.09839913766170315,0.7697587057068241,1
2011-09-19,5031.9501953125,29.600000381469727,-0.010339904240795181,-0.7947529737596813,0.8917421233889175,1
2011-09-20,5140.2001953125,27.25,0.021284405456725344,1.5545315199204708,0.6424715380192806,1
2011-09-21,5133.25,27.670000076293945,-0.0013530403595068234,-0.1271431455906799,0.6870220264781832,1
2011-09-22,4923.64990234375,33.880001068115234,-0.041688881314134854,-3.123583750954662,1.3457328056692885,1
2011-09-23,4867.75,35.15999984741211,-0.011418287525742744,-0.8748631533589473,1.4815055687308007,1
2011-09-26,4835.39990234375,35.43000030517578,-0.006667982633315816,-0.5219758419591819,1.5101452118081045,1
2011-09-27,4971.25,32.0099983215332,0.027707482159485847,2.0316845279653095,1.147376804130343,1
2011-09-28,4945.89990234375,32.0,-0.005112386748091802,-0.4064148280890213,1.1463162564466287,1
2011-09-29,5015.4501953125,31.06999969482422,0.013964256346404452,1.0107374273129168,1.0476687318363889,1
2011-09-30,4943.25,31.940000534057617,-0.014500177519274064,-1.1038084312885654,1.1399519587574642,1
2011-10-03,4849.5,35.06999969482422,-0.019147402767341518,-1.4490382345111081,1.4719590210383662,1
2011-10-04,4772.14990234375,37.189998626708984,-0.016078690212319283,-1.2210718728725307,1.6968327610176839,1
2011-10-05,4751.2998046875,35.369998931884766,-0.004378692933928154,-0.3519106976523387,1.5037807118015643,1
2011-10-07,4888.0498046875,33.02000045776367,0.028375187287192356,2.081286537238404,1.2545103287493031,1
2011-10-10,4979.60009765625,30.030000686645508,0.01855617514435224,1.3518586638375816,0.9373533618489102,1
2011-10-11,4974.35009765625,30.299999237060547,-0.0010548576964528867,-0.1049919614763974,0.965992802608838,1
2011-10-12,5099.39990234375,28.40999984741211,0.024828138159656368,1.8177858444692794,0.765515705702464,1
2011-10-13,5077.85009765625,28.239999771118164,-0.00423490371061113,-0.3412289848836491,0.7474833603186849,1
2011-10-14,5132.2998046875,25.979999542236328,0.010665900841971407,0.7657115116384109,0.5077593226414826,1
2011-10-17,5118.25,25.43000030517578,-0.0027412799807702906,-0.2302717149394166,0.44941948880316107,1
2011-10-18,5037.5,25.899999618530273,-0.015902656477749584,-1.2079948025129008,0.4992735249501381,1
2011-10-19,5139.14990234375,24.049999237060547,0.019977749866985615,1.4574636077694358,0.30303922573074843,1
2011-10-20,5091.89990234375,25.600000381469727,-0.009236654465073555,-0.7127955297696191,0.46745183418694014,1
2011-10-21,5049.9501953125,26.299999237060547,-0.008272641750434453,-0.6411816307193667,0.5417025134068607,1
2011-10-24,5098.35009765625,25.219999313354492,0.009538596201786407,0.6819670967825209,0.4271441434150218,1
2011-10-25,5191.60009765625,22.309999465942383,0.018124976515835178,1.3198260831627628,0.11847297420597339,1
2011-10-28,5360.7001953125,20.889999389648438,0.03205264636282784,2.354475032581629,-0.03215008655342361,1
2011-10-31,5326.60009765625,22.65999984741211,-0.006381445723893785,-0.5006897894062312,0.15559841497462154,1
2011-11-01,5257.9501953125,24.020000457763672,-0.012971900191361616,-0.9902768392048605,0.29985717804485407,1
2011-11-02,5258.4501953125,24.889999389648438,9.508957091864603e-05,-0.01956548704500078,0.39214020264855376,1
2011-11-03,5265.75,24.65999984741211,0.001387241922938985,0.07642501877501165,0.3677435595756102,1
2011-11-04,5284.2001953125,23.43000030517578,0.003497687435602619,0.23320431182773127,0.23727434420217236,1
2011-11-08,5289.35009765625,23.709999084472656,0.0009741104185977595,0.04573459592364134,0.2669745349631903,1
2011-11-09,5221.0498046875,24.299999237060547,-0.012996889754193604,-0.9921332462862028,0.329557368805872,1
2011-11-11,5168.85009765625,24.739999771118164,-0.01004824814991453,-0.7730866310522229,0.3762293572669547,1
2011-11-14,5148.35009765625,25.290000915527344,-0.003973951574149737,-0.3218435559637723,0.4345693934226521,1
2011-11-15,5068.5,25.969999313354492,-0.01563137811895635,-1.187842266445563,0.5066985726403926,1
2011-11-16,5030.4501953125,25.040000915527344,-0.007535433683540195,-0.586416435945601,0.4080512503475285,1
2011-11-17,4934.75,26.920000076293945,-0.01920746911581733,-1.453500401192877,0.6074675972528125,1
2011-11-18,4905.7998046875,26.579999923706055,-0.005883874256683862,-0.4637265499365139,0.5714029064852544,1
2011-11-21,4778.35009765625,28.610000610351562,-0.026322819719387578,-1.9820805662605083,0.7867303010895131,1
2011-11-22,4812.35009765625,27.350000381469727,0.007090231524927415,0.5000847023449905,0.6530788357128052,1
2011-11-23,4706.4501953125,30.68000030517578,-0.02225160074786096,-1.6796407125003538,1.0063004933807562,1
2011-11-25,4710.0498046875,29.1200008392334,0.0007645323740951998,0.030165609442198073,0.8408273372408503,1
2011-11-28,4851.2998046875,26.639999389648438,0.02954818779399277,2.168425574518994,0.5777672041744188,1
2011-11-29,4805.10009765625,26.8700008392334,-0.009568795826361632,-0.7374694137926141,0.6021640495647381,1
2011-11-30,4832.0498046875,26.549999237060547,0.00559289365719913,0.3888515191356203,0.5682206564819843,1
2011-12-01,4936.85009765625,25.020000457763672,0.021456727931786077,1.5673328908419206,0.40592975034534845,1
2011-12-02,5050.14990234375,23.989999771118164,0.02269043070647762,1.6589813355388892,0.296674928041584,1
2011-12-05,5039.14990234375,25.020000457763672,-0.00218052879217037,-0.18861502472891706,0.40592975034534845,1
2011-12-07,5062.60009765625,26.459999084472656,0.004642806926756286,0.3182721438123497,0.5586741087895497,1
2011-12-08,4943.64990234375,28.579999923706055,-0.023776299598409673,-1.7929064691725662,0.783548051086243,1
2011-12-09,4866.7001953125,29.530000686645508,-0.01568777554509722,-1.1920318788033815,0.884317075698663,1
2011-12-12,4764.60009765625,29.270000457763672,-0.02120252082692823,-1.6017074006130214,0.8567381826224494,1
2011-12-13,4800.60009765625,28.110000610351562,0.007527321801210558,0.532554957608487,0.733694014939266,1
2011-12-14,4763.25,28.790000915527344,-0.007810722075448438,-0.6068668665347907,0.8058233964743823,1
2011-12-15,4746.35009765625,28.809999465942383,-0.003554286186905766,-0.29066774861124567,0.8079446941591866,1
2011-12-16,4651.60009765625,29.690000534057617,-0.02016465475128,-1.5246071349832477,0.901288671081352,1
2011-12-19,4613.10009765625,30.579999923706055,-0.008311164053918654,-0.6440433485276568,0.9956931956872317,1
2011-12-20,4544.2001953125,30.530000686645508,-0.015048365861574937,-1.1445318616021967,0.9903896479991573,1
2011-12-21,4693.14990234375,27.530000686645508,0.03225224047519715,2.369302339729327,0.6721719310976743,1
2011-12-22,4733.85009765625,26.84000015258789,0.00863486755049247,0.6148315378632448,0.598981799561468,1
2011-12-23,4714.0,27.389999389648438,-0.00420204102712772,-0.3387877049484749,0.6573216333997896,1
2011-12-27,4750.5,26.290000915527344,0.007713071150727649,0.5463537747433285,0.5406419657231464,1
2011-12-28,4705.7998046875,26.739999771118164,-0.00945412670476182,-0.7289509546750864,0.5883745018679434,1
2011-12-29,4646.25,26.6200008392334,-0.012735306330580514,-0.9727009207500605,0.5756459064896146,1
2011-12-30,4624.2998046875,27.110000610351562,-0.004735476707182386,-0.3784151998571277,0.6276214426387716,1
2012-01-03,4765.2998046875,26.15999984741211,0.03003548729238125,2.204625737187903,0.5268524180263517,1
2012-01-04,4749.64990234375,26.40999984741211,-0.0032895426540406015,-0.2710006670998666,0.5533705611014753,1
2012-01-05,4749.9501953125,25.90999984741211,6.322223372845206e-05,-0.021932825394260284,0.5003342749512282,1
2012-01-06,4754.10009765625,25.459999084472656,0.0008732913820035912,0.038245022187363975,0.4526015364890554,1
2012-01-09,4742.7998046875,25.68000030517578,-0.0023797867552800087,-0.20341736025665408,0.47593763187828464,1
2012-01-10,4849.5498046875,24.0,0.022258239444290267,1.6268750147915811,0.29773567804267403,1
2012-01-11,4860.9501953125,24.540000915527344,0.002348055375701594,0.14780125330738025,0.35501496419728135,1
2012-01-12,4831.25,24.030000686645508,-0.006128698887331798,-0.4819139100387096,0.30091792804594414,1
2012-01-13,4866.0,23.479999542236328,0.0071670110077358545,0.5057884426043009,0.24257789189024678,1
2012-01-16,4873.89990234375,24.06999969482422,0.0016221735654996564,0.09387745553083644,0.3051607257329285,1
2012-01-17,4967.2998046875,22.610000610351562,0.01898197568577206,1.3834902352118217,0.15029486728654715,1
2012-01-18,4955.7998046875,22.68000030517578,-0.0023178251959906026,-0.19881440348589308,0.15771991497680163,1
2012-01-19,5018.39990234375,21.68000030517578,0.012552569924145546,0.9058670584899199,0.05164734267630729,1
2012-01-20,5048.60009765625,21.959999084472656,0.005999858132263353,0.41908381005016393,0.08134753343732522,1
2012-01-23,5046.25,22.139999389648438,-0.000465603288007518,-0.061217844101689546,0.10044062882219432,1
2012-01-24,5127.35009765625,21.420000076293945,0.015943582375194214,1.1577762082965815,0.024068449600093664,1
2012-01-25,5158.2998046875,21.020000457763672,0.006018054422187115,0.4204355632479184,-0.01836053885662892,1
2012-01-27,5204.7001953125,21.700000762939453,0.008955071062037441,0.6386185912942803,0.053768842678487354,1
2012-01-30,5087.2998046875,23.459999084472656,-0.022814901479942987,-1.721486801405268,0.24045639188806672,1
2012-01-31,5199.25,22.65999984741211,0.021767184851403856,1.5903958963016394,0.15559841497462154,1
2012-02-01,5235.7001953125,22.889999389648438,0.006986203648760355,0.49235675258965045,0.17999505804756508,1
2012-02-02,5269.89990234375,23.690000534057617,0.006510780445565732,0.4570388477916068,0.264853237278386,1
2012-02-03,5325.85009765625,24.09000015258789,0.01056097309606885,0.7579167129925762,0.30728222573510855,1
2012-02-06,5361.64990234375,24.6200008392334,0.006699403711750445,0.47105116042810347,0.36350076188862585,1
2012-02-07,5335.14990234375,24.90999984741211,-0.004954763050203981,-0.3947053895960945,0.3942617026507338,1
2012-02-08,5368.14990234375,24.270000457763672,0.006166342187456197,0.43145146053962913,0.3263753211199777,1
2012-02-09,5412.35009765625,23.299999237060547,0.008200072906646953,0.5825318189289358,0.2234847965053777,1
2012-02-10,5381.60009765625,23.829999923706055,-0.005697651486356129,-0.44989256364920516,0.27970333265889497,1
2012-02-13,5390.2001953125,23.709999084472656,0.0015967803430544996,0.09199106166783759,0.2669745349631903,1
2012-02-14,5416.0498046875,22.709999084472656,0.004784205192390807,0.3287762387970536,0.16090196266269596,1
2012-02-15,5531.9501953125,22.100000381469727,0.02117367933441728,1.5463059755632427,0.09619783113520994,1
2012-02-16,5521.9501953125,23.329999923706055,-0.001809316598601389,-0.16103867417588108,0.2266670465086478,1
2012-02-17,5564.2998046875,24.18000030517578,0.007640061404398583,0.5409300780182789,0.3168287734275431,1
2012-02-21,5607.14990234375,26.25,0.007671396090022358,0.5432578471223124,0.5363989657187863,1
2012-02-22,5505.35009765625,26.799999237060547,-0.018322187184283887,-1.387735199227068,0.5947387995571078,1
2012-02-23,5483.2998046875,24.329999923706055,-0.004013290579059847,-0.3247659443136237,0.3327396188091421,1
2012-02-24,5429.2998046875,24.81999969482422,-0.009896897659749845,-0.7618432122059086,0.3847151549582993,1
2012-02-27,5281.2001953125,27.3799991607666,-0.027656794612663387,-2.081177955633001,0.6562608833986996,1
2012-02-28,5375.5,25.850000381469727,0.01769821133763864,1.2881228515295873,0.4939699772620637,1
2012-02-29,5385.2001953125,26.93000030517578,0.0018028934481800647,0.10730264716795436,0.6085283472539026,1
2012-03-01,5339.75,27.670000076293945,-0.008475650994548561,-0.6562626387740151,0.6870220264781832,1
2012-03-02,5359.35009765625,27.84000015258789,0.0036638818972382233,0.24555044919453864,0.7050543718619623,1
2012-03-05,5280.35009765625,28.920000076293945,-0.01485031539972594,-1.1298192280794948,0.8196127418538012,1
2012-03-06,5222.39990234375,27.34000015258789,-0.01103535424618985,-0.8464160750077562,0.6520180857117152,1
2012-03-07,5220.4501953125,26.329999923706055,-0.0003734051596396779,-0.05436869433707409,0.5448847634101308,1
2012-03-09,5333.5498046875,25.469999313354492,0.021433378638431977,1.565598334946793,0.45366228649014545,1
2012-03-12,5359.5498046875,26.270000457763672,0.004862958765541654,0.3346266288923573,0.5385204657209663,1
2012-03-13,5429.5,24.75,0.012967068782384641,0.9366590583666977,0.3772901072680448,1
2012-03-14,5463.89990234375,24.719999313354492,0.0063157539426588645,0.44255085600560135,0.3741078572647747,1
2012-03-15,5380.5,25.420000076293945,-0.015381495959166968,-1.1692791961728695,0.448358738802071,1
2012-03-16,5317.89990234375,23.1299991607666,-0.011702836439644667,-0.8960015230978361,0.20545245112159863,1
2012-03-19,5257.0498046875,22.969999313354492,-0.011508474451056095,-0.8815628962844966,0.18848085573890958,1
2012-03-20,5274.85009765625,21.940000534057617,0.0033802656848120043,0.22448136732738716,0.0792262357525209,1
2012-03-21,5364.9501953125,21.0,0.01693683132759836,1.2315619884310984,-0.020482038858808987,1
2012-03-22,5228.4501953125,24.770000457763672,-0.02577218838569368,-1.9411756527191728,0.3794116072702248,1
2012-03-23,5278.2001953125,23.34000015258789,0.009470263113838983,0.6768908163686357,0.22772779650973782,1
2012-03-26,5184.25,26.739999771118164,-0.017959984312352094,-1.360828126828188,0.5883745018679434,1
2012-03-27,5243.14990234375,25.049999237060547,0.011297260934515444,0.8126135464821458,0.40911179803124276,1
2012-03-28,5194.75,24.8700008392334,-0.009273943932475727,-0.7155656635174676,0.3900189049637494,1
2012-03-29,5178.85009765625,24.329999923706055,-0.0030654574390867073,-0.25435398213537413,0.3327396188091421,1
2012-03-30,5295.5498046875,22.3799991607666,0.02228376559490159,1.628771283528768,0.12589802189622787,1
2012-04-02,5317.89990234375,20.8799991607666,0.004211661864997884,0.28624354246725225,-0.03321083655451364,1
2012-04-03,5358.5,20.010000228881836,0.007605614952249603,0.5383711441895276,-0.1254938611582133,1
2012-04-04,5322.89990234375,20.6299991607666,-0.006665835901845565,-0.5218163670804132,-0.059728979629637226,1
2012-04-09,5234.39990234375,22.329999923706055,-0.016766043352304694,-1.2721334798734478,0.12059447420815345,1
2012-04-10,5243.60009765625,21.920000076293945,0.0017560980486462775,0.10382634341455059,0.07710473575034084,1
2012-04-11,5226.85009765625,22.290000915527344,-0.0031994831122376596,-0.2643103871510151,0.11635167652116907,1
2012-04-12,5276.85009765625,21.780000686645508,0.00952052643128076,0.6806247423703833,0.062254640369831866,1
2012-04-13,5207.4501953125,22.75,-0.013239017207444477,-1.0101202403694645,0.1651449626670561,1
2012-04-16,5226.2001953125,22.229999542236328,0.0035941438484491926,0.2403697980370392,0.10998717651462887,1
2012-04-17,5289.7001953125,20.309999465942383,0.012077096484755998,0.8705454217807331,-0.0936721703950153,1
2012-04-18,5300.0,20.030000686645508,0.0019452501478614526,0.11787794162755762,-0.12337236115603323,1
2012-04-19,5332.39990234375,19.350000381469727,0.006094579385556793,0.4261203959460349,-0.1955017426911495,1
2012-04-20,5290.85009765625,20.09000015258789,-0.007822467994285074,-0.6077394390984567,-0.11700806346686878,1
2012-04-23,5200.60009765625,21.56999969482422,-0.017204909624993044,-1.3047356691097487,0.03997929498169266,1
2012-04-24,5222.64990234375,19.25,0.00423089488965838,0.28767231188652637,-0.2061090403846741,1
2012-04-25,5202.0,18.940000534057617,-0.003961750187553282,-0.3209371479312612,-0.2389914811489621,1
2012-04-26,5189.0,18.739999771118164,-0.002502166640857171,-0.2125086311895124,-0.2602060765360113,1
2012-04-27,5190.60009765625,17.889999389648438,0.0003083158607018674,-0.0037254822820842496,-0.35036780345490665,0
2012-04-30,5248.14990234375,17.81999969482422,0.01102629869634238,0.7924844941612739,-0.35779285114516113,0
2012-05-02,5239.14990234375,18.540000915527344,-0.001716362147938504,-0.1541333392721442,-0.2814204696056847,1
2012-05-03,5188.39990234375,19.25,-0.009733907132363178,-0.7497350864549054,-0.2061090403846741,1
2012-05-04,5086.85009765625,21.1200008392334,-0.019766547986143027,-1.4950328593987032,-0.007753241163104334,1
2012-05-07,5114.14990234375,20.219999313354492,0.005352390914891362,0.3709852204370754,-0.10321871808744984,1
2012-05-08,4999.9501953125,22.15999984741211,-0.022583237144103662,-1.7042770840349406,0.10256212882437439,1
2012-05-09,4974.7998046875,23.040000915527344,-0.005042821909914006,-0.4012470442796793,0.19590610574653983,1
2012-05-10,4965.7001953125,22.719999313354492,-0.0018308157369825856,-0.1626357870586451,0.161962712663786,1
2012-05-11,4928.89990234375,22.479999542236328,-0.0074384941865402255,-0.5792150627202105,0.13650531958975246,1
2012-05-14,4907.7998046875,23.260000228881836,-0.00429008318777997,-0.3453281191041914,0.21924199881839332,1
2012-05-15,4942.7998046875,22.280000686645508,0.007106196307577927,0.5012706828987024,0.11529092652007904,1
2012-05-16,4858.25,23.709999084472656,-0.01725364197067538,-1.3083558633573769,0.2669745349631903,1
2012-05-17,4870.2001953125,23.59000015258789,0.0024567533539605795,0.1558761323248419,0.2542459395848614,1
2012-05-18,4891.4501953125,23.549999237060547,0.004353778862483168,0.2968010300985708,0.2500029395805013,1
2012-05-22,4860.5,24.389999389648438,-0.00634750970013281,-0.4981687739228459,0.33910391649830657,1
2012-05-23,4835.64990234375,27.1299991607666,-0.005125777203313112,-0.4074095688158744,0.629742740323576,1
2012-05-24,4921.39990234375,25.489999771118164,0.01757748695340402,1.279154563317,0.4557837864923255,1
2012-05-25,4920.39990234375,25.139999389648438,-0.00020321486380266794,-0.041725717247329965,0.4186583457236773,1
2012-05-28,4985.64990234375,23.68000030517578,0.013173958334390843,0.952028324007007,0.263792487277296,1
2012-05-29,4990.10009765625,24.030000686645508,0.0008922027131203923,0.03964989386274588,0.30091792804594414,1
2012-05-30,4950.75,25.299999237060547,-0.007916888957933466,-0.6147537172882157,0.4356299411063664,1
2012-05-31,4924.25,25.25,-0.005367101491185887,-0.4253368979139817,0.43032639341829193,1
2012-06-01,4841.60009765625,26.770000457763672,-0.01692671398152418,-1.2840692666598001,0.5915567518712135,1
2012-06-04,4848.14990234375,25.600000381469727,0.001351903957286658,0.07379985681766708,0.46745183418694014,1
2012-06-05,4863.2998046875,26.260000228881836,0.0031200109335819946,0.20514774527146654,0.5374597157198763,1
2012-06-06,4997.10009765625,24.899999618530273,0.02714058403860763,1.9895711987696993,0.3932009526496438,1
2012-06-07,5049.64990234375,23.639999389648438,0.010461150903908,0.7505011921349927,0.2595494872729358,1
2012-06-08,5068.35009765625,23.469999313354492,0.0036964255001187096,0.24796802549412836,0.24151714188915677,1
2012-06-11,5054.10009765625,25.020000457763672,-0.0028155257153311976,-0.2357872298895977,0.40592975034534845,1
2012-06-12,5115.89990234375,24.200000762939453,0.01215350351575396,0.8762214936017008,0.3189502734297232,1
2012-06-13,5121.4501953125,24.360000610351562,0.0010843223020839507,0.053921938868669896,0.3359218688124122,1
2012-06-14,5054.75,25.709999084472656,-0.01310924495287964,-1.000479810324505,0.479119679564179,1
2012-06-15,5139.0498046875,25.540000915527344,0.016539804211283652,1.2020679170395001,0.4610875364977757,1
2012-06-18,5064.25,22.600000381469727,-0.014662147764778139,-1.1158407630561145,0.1492341172854571,1
2012-06-19,5103.85009765625,21.43000030517578,0.007789124317959819,0.5520035589815535,0.025129199601183698,1
2012-06-20,5120.5498046875,21.030000686645508,0.0032666409844854687,0.21604049544340376,-0.017299788855538886,1
2012-06-21,5165.0,19.940000534057617,0.0086432855573779,0.6154568888426903,-0.13291890884846777,1
2012-06-22,5146.0498046875,20.579999923706055,-0.003675710428627626,-0.29968802734499467,-0.06503252731771164,1
2012-06-25,5114.64990234375,21.56999969482422,-0.006120440371459533,-0.481300407215562,0.03997929498169266,1
2012-06-26,5120.7998046875,20.229999542236328,0.001201686933128108,0.06264064009743217,-0.10215796808635981,1
2012-06-27,5141.89990234375,20.3700008392334,0.004112003271970844,0.2788401749471459,-0.08730767038847509,1
2012-06-28,5149.14990234375,20.6200008392334,0.0014089915678230246,0.07804074110880635,-0.0607895273133515,1
2012-06-29,5278.89990234375,19.079999923706055,0.0248860906366406,1.8220909773512814,-0.22414138576845313,1
2012-07-02,5278.60009765625,19.010000228881836,-5.679463652956444e-05,-0.030848554305784544,-0.23156643345870762,1
2012-07-03,5287.9501953125,18.559999465942383,0.001769754524874917,0.10484084612304037,-0.2792991719208804,1
2012-07-04,5302.5498046875,18.270000457763672,0.002757116023506428,0.17818926322931702,-0.31006011268298833,0
2012-07-05,5327.2998046875,18.350000381469727,0.004656706469918981,0.3193047033064126,-0.30157431499164383,1
2012-07-06,5316.9501953125,18.040000915527344,-0.0019446391500623072,-0.17109142077598455,-0.33445675575593187,0
2012-07-09,5275.14990234375,18.719999313354492,-0.007892770948501047,-0.6129620555533051,-0.26232757653819133,1
2012-07-10,5345.35009765625,17.829999923706055,0.0132199458969235,0.9554446157330074,-0.35673210114407106,0
2012-07-11,5306.2998046875,18.389999389648438,-0.007332285285333639,-0.5713250905095284,-0.29733151730465945,1
2012-07-12,5235.25,18.709999084472656,-0.013480158401750039,-1.0280339679413264,-0.2633883265392814,1
2012-07-13,5227.25,18.260000228881836,-0.001529271504729059,-0.14023488105412796,-0.3111208626840784,0
2012-07-16,5197.25,18.770000457763672,-0.005755687624308978,-0.4542039114784481,-0.2570238265327412,1
2012-07-17,5192.85009765625,17.780000686645508,-0.0008469413317297982,-0.08954641669460583,-0.3620356488321455,0
2012-07-18,5216.2998046875,17.440000534057617,0.004505602651746632,0.30807960905570714,-0.3981003395997036,0
2012-07-19,5242.7001953125,16.3799991607666,0.00504836919305378,0.34840026842748356,-0.5105374119067382,0
2012-07-20,5205.10009765625,16.889999389648438,-0.007197737118262219,-0.5613298708327252,-0.456440375755401,0
2012-07-23,5117.9501953125,18.65999984741211,-0.016884926528955263,-1.2809649897510065,-0.2686918742273558,1
2012-07-24,5128.2001953125,16.969999313354492,0.002000752092925557,0.12200103111647734,-0.4479545780640564,0
2012-07-25,5109.60009765625,16.75,-0.00363361612631477,-0.29656095539807303,-0.47129047113590994,0
2012-07-26,5043.0,16.3700008392334,-0.013119999282962123,-1.0012787204396774,-0.5115979595904524,0
2012-07-27,5099.85009765625,16.440000534057617,0.01121000358729877,0.8061314339953752,-0.504172911900198,0
2012-07-30,5199.7998046875,16.600000381469727,0.019408979065827576,1.415211162217292,-0.4872013165175089,0
2012-07-31,5229.0,16.010000228881836,0.005599929458278862,0.3893741897815674,-0.5497841503601907,0
2012-08-01,5240.5,16.450000762939453,0.0021968584221014834,0.1365692402774716,-0.5031121618991079,0
2012-08-02,5227.75,16.770000457763672,-0.0024359384433229802,-0.20758871739535745,-0.46916897113372985,0
2012-08-03,5215.7001953125,16.1200008392334,-0.00230763010487979,-0.1980570377224226,-0.538116102665576,0
2012-08-06,5282.5498046875,16.219999313354492,0.012735553625573123,0.9194604231031469,-0.5275090072894272,0
2012-08-07,5336.7001953125,16.209999084472656,0.010198622309721916,0.7309986524315767,-0.5285697572905173,0
2012-08-08,5338.0,16.3700008392334,0.0002435299671450816,-0.00853825121199714,-0.5115979595904524,0
2012-08-09,5322.9501953125,16.329999923706055,-0.0028233533426232993,-0.23636872316472468,-0.5158409595948126,0
2012-08-10,5320.39990234375,16.06999969482422,-0.00047922749776307234,-0.06222994982110321,-0.5434198526710262,0
2012-08-13,5347.89990234375,16.010000228881836,0.005155472083349568,0.35635665267134103,-0.5497841503601907,0
2012-08-14,5380.35009765625,15.640000343322754,0.006049503744983293,0.42277184843765003,-0.589030989972331,0
2012-08-16,5362.9501953125,15.6899995803833,-0.00323921273413046,-0.26726179338075645,-0.5837274422842565,0
2012-08-17,5366.2998046875,15.729999542236328,0.0006243883745507009,0.019754690495308837,-0.5794845434385844,0
2012-08-21,5421.0,16.299999237060547,0.01014167866750203,0.7267684631575533,-0.5190232095980827,0
2012-08-22,5412.85009765625,16.0,-0.0015045258717129944,-0.13839659485952058,-0.5508449003612806,0
2012-08-23,5415.35009765625,16.1200008392334,0.0004617572633175854,0.007673264798927997,-0.538116102665576,0
2012-08-24,5386.7001953125,16.15999984741211,-0.005304542887016916,-0.42068958829280256,-0.5338733049785916,0
2012-08-27,5350.25,16.469999313354492,-0.0067896999946754025,-0.5310178957585779,-0.5009908642143036,0
2012-08-29,5287.7998046875,16.739999771118164,-0.01174104537301993,-0.8988399614877055,-0.47235122113699995,0
2012-08-30,5315.0498046875,16.670000076293945,0.005140138925224487,0.3552175937964773,-0.47977626882725444,0
2012-08-31,5258.5,17.299999237060547,-0.010696567362371883,-0.8212485130774424,-0.41295063729758835,0
2012-09-03,5253.75,17.280000686645508,-0.0009037076407566584,-0.09376343236501315,-0.41507193498239264,0
2012-09-04,5274.0,16.59000015258789,0.003846980593905577,0.259152356493321,-0.48826206651859894,0
2012-09-05,5225.7001953125,17.010000228881836,-0.009200290386331456,-0.7100941406441997,-0.4437115780596963,0
2012-09-06,5238.39990234375,16.979999542236328,0.0024272920075337386,0.15368752852651318,-0.4468938280629664,0
2012-09-07,5342.10009765625,15.260000228881836,0.01960276282144217,1.429606833665835,-0.6293385795855614,0
2012-09-10,5363.4501953125,15.270000457763672,0.003988608782709102,0.26967353184881704,-0.6282778295844713,0
2012-09-11,5390.0,15.380000114440918,0.004937923764457274,0.3401955760474322,-0.6166098830485446,0
2012-09-12,5431.0,15.039999961853027,0.007577894131802447,0.53631183936196,-0.6526745738161027,0
2012-09-13,5435.35009765625,15.670000076293945,0.0008006548380166689,0.03284904965562609,-0.5858488411277488,0
2012-09-14,5577.64990234375,15.380000114440918,0.02584358933331103,1.8932209676126392,-0.6166098830485446,0
2012-09-17,5610.0,17.780000686645508,0.005783196310569196,0.4029885889070923,-0.3620356488321455,0
2012-09-18,5600.0498046875,17.829999923706055,-0.0017752281388536857,-0.15850633463504366,-0.35673210114407106,0
2012-09-20,5554.25,18.6200008392334,-0.00821209092065133,-0.6366834732307273,-0.2729346719143402,1
2012-09-21,5691.14990234375,18.93000030517578,0.024348919045650126,1.7821859517165761,-0.24005223115005214,1
2012-09-24,5669.60009765625,18.829999923706055,-0.003793733782301371,-0.30845566329752255,-0.25065952884357673,1
2012-09-25,5673.89990234375,17.110000610351562,0.00075810903044665,0.029688436603472045,-0.4331042803661717,0
2012-09-26,5663.4501953125,16.969999313354492,-0.0018434131257124254,-0.16357161301933612,-0.4479545780640564,0
2012-09-27,5649.5,16.90999984741211,-0.0024662359760189018,-0.2098394392115834,-0.4543188757532209,0
2012-09-28,5703.2998046875,16.15999984741211,0.009477874770864534,0.6774562657963821,-0.5338733049785916,0
2012-10-01,5718.7998046875,16.34000015258789,0.0027140385821359655,0.17498915653902053,-0.5147802095937225,0
2012-10-03,5731.25,16.5,0.00217469800247328,0.1349230025981693,-0.4978086142110335,0
2012-10-04,5787.60009765625,16.440000534057617,0.009784057731510025,0.700201770395647,-0.504172911900198,0
2012-10-05,5746.9501953125,16.780000686645508,-0.007048401472376666,-0.5502361293222142,-0.46810822113263983,0
2012-10-08,5676.0,17.170000076293945,-0.012422553983974943,-0.949467394223467,-0.42673998267700725,0
2012-10-09,5704.60009765625,16.799999237060547,0.005026124741861446,0.34674778827040137,-0.4659869234478355,0
2012-10-10,5652.14990234375,16.829999923706055,-0.009236897569122873,-0.7128135893123847,-0.4628046734445654,0
2012-10-11,5708.0498046875,16.489999771118164,0.009841438524261526,0.7044644344011397,-0.4988693642121235,0
2012-10-12,5676.0498046875,16.489999771118164,-0.0056218911252959814,-0.4442645311901071,-0.4988693642121235,0
2012-10-15,5687.25,15.899999618530273,0.0019712933975172303,0.11981262425514891,-0.5614521980548053,0
2012-10-16,5648.0,15.569999694824219,-0.006925327076076647,-0.5410932650648689,-0.5964561388212734,0
2012-10-17,5660.25,15.170000076293945,0.0021665606600093767,0.13431850142002305,-0.638885127277996,0
2012-10-18,5718.7001953125,14.760000228881836,0.010273480136426792,0.736559638052779,-0.6823748657358085,0
2012-10-19,5684.25,14.539999961853027,-0.0060423486092661665,-0.475499181267556,-0.70571085996635,0
2012-10-22,5717.14990234375,13.039999961853027,0.005771220015412784,0.4020989023092881,-0.8648197184170914,0
2012-10-23,5691.39990234375,13.710000038146973,-0.004514165983925739,-0.36197462438196576,-0.7937510868830652,0
2012-10-25,5705.2998046875,13.520000457763672,0.0024392867397124295,0.15457858476087122,-0.8139048311103364,0
2012-10-29,5665.60009765625,15.119999885559082,-0.006982713537108193,-0.545356350151566,-0.6441887761247582,0
2012-10-30,5597.89990234375,15.170000076293945,-0.012021309646340173,-0.9196600368582489,-0.638885127277996,0
2012-10-31,5619.7001953125,14.399999618530273,0.0038868064869830134,0.26211091444916856,-0.7205610565055468,0
2012-11-01,5645.0498046875,14.079999923706055,0.0045007039065821375,0.3077156945176978,-0.7545042472709248,0
2012-11-02,5697.7001953125,13.65999984741211,0.009283598556758567,0.6630240109375253,-0.7990547357298274,0
2012-11-05,5704.2001953125,14.630000114440918,0.001140160934837295,0.05807003997602837,-0.6961643122739154,0
2012-11-06,5724.39990234375,15.210000038146973,0.003534943543911931,0.23597196741873372,-0.6346422284323237,0
2012-11-07,5760.10009765625,14.510000228881836,0.0062171292271889006,0.4352242924548602,-0.7088930088109322,0
2012-11-08,5738.75,14.220000267028809,-0.0037134360408294775,-0.3024905611112052,-0.739654050731728,0
2012-11-09,5686.25,14.369999885559082,-0.009190436679217989,-0.7093621353752041,-0.723743205350129,0
2012-11-12,5683.7001953125,14.859999656677246,-0.00044851642908619777,-0.0599485075345516,-0.6717676692009719,0
2012-11-15,5631.0,15.529999732971191,-0.009315417200509159,-0.7186466005062937,-0.6006990376669457,0
2012-11-16,5574.0498046875,16.219999313354492,-0.010165182073687593,-0.7817733362019252,-0.5275090072894272,0
2012-11-19,5571.39990234375,16.68000030517578,-0.0004755128708731552,-0.06195400022929366,-0.4787155188261644,0
2012-11-20,5571.5498046875,15.8100004196167,2.6905325376147813e-05,-0.02463071035891331,-0.570998644588552,0
2012-11-21,5614.7998046875,15.460000038146973,0.007732677239436856,0.547810258082469,-0.6081240853572001,0
2012-11-22,5627.75,14.90999984741211,0.002303783619401963,0.1445124241889738,-0.6664640203542096,0
2012-11-23,5626.60009765625,14.680000305175781,-0.0002043480676846334,-0.041809899900913335,-0.6908606634271531,0
2012-11-26,5635.89990234375,14.670000076293945,0.001651464026839213,0.09605336473789665,-0.6919214134282431,0
2012-11-27,5727.4501953125,13.960000038146973,0.016113606124935557,1.1704068131270173,-0.7672329438079416,0
2012-11-29,5825.0,15.369999885559082,0.016888559855538453,1.2279760312392378,-0.6176706330496347,0
2012-11-30,5879.85009765625,15.149999618530273,0.009372268537928177,0.6696110641826118,-0.641006627280176,0
2012-12-03,5870.9501953125,15.619999885559082,-0.0015147741130177722,-0.1391579090072471,-0.5911524899745111,0
2012-12-04,5889.25,15.90999984741211,0.0031121612139040416,0.20456461081270563,-0.5603914480537152,0
2012-12-05,5900.5,16.6200008392334,0.0019084379930875174,0.11514326614478684,-0.48507981651532883,0
2012-12-06,5930.89990234375,15.239999771118164,0.005138862601968067,0.35512277919138674,-0.6314600795877414,0
2012-12-07,5907.39990234375,14.960000038146973,-0.00397016991551854,-0.3215626267650755,-0.6611603715074472,0
2012-12-10,5908.89990234375,14.510000228881836,0.00025388658596198357,-0.0077688859918161775,-0.7088930088109322,0
2012-12-11,5898.7998046875,14.670000076293945,-0.001710765071977491,-0.15371754762670034,-0.6919214134282431,0
2012-12-12,5888.0,14.510000228881836,-0.001832525857525198,-0.1627628272916655,-0.7088930088109322,0
2012-12-13,5851.5,14.710000038146973,-0.006218342793891255,-0.4885733135686958,-0.6876785145825709,0
2012-12-14,5879.60009765625,14.229999542236328,0.004790710362347276,0.32925949029103596,-0.7385934018893259,0
2012-12-17,5857.89990234375,14.920000076293945,-0.0036975880786428313,-0.30131325883401316,-0.6654032703531195,0
2012-12-18,5896.7998046875,14.4399995803833,0.006618636854775263,0.4650512089189658,-0.7163181576598745,0
2012-12-19,5929.60009765625,14.470000267028809,0.005546975807021157,0.38544040615203173,-0.7131359076566044,0
2012-12-20,5916.39990234375,14.319999694824219,-0.00222863426913261,-0.19218865059362136,-0.7290468541968913,0
2012-12-21,5847.7001953125,14.630000114440918,-0.011679684367163802,-0.8942816182083352,-0.6961643122739154,0
2012-12-24,5855.75,14.489999771118164,0.0013756295489937814,0.07556236690038683,-0.7110145088131122,0
2012-12-26,5905.60009765625,14.100000381469727,0.008476985338926086,0.6031028950878449,-0.7523827472687448,0
2012-12-27,5870.10009765625,13.739999771118164,-0.006029383723567037,-0.47453605495028217,-0.7905689380384829,0
2012-12-28,5908.35009765625,13.630000114440918,0.0064949350428471515,0.4558617356503797,-0.8022368845744097,0
2012-12-31,5905.10009765625,14.949999809265137,-0.0005502203045275154,-0.06750381355725345,-0.6622211215085373,0
2013-01-02,5993.25,13.710000038146973,0.01481743509598375,1.0741177706593907,-0.7937510868830652,0
2013-01-03,6009.5,13.470000267028809,0.0027077144701615867,0.17451935535316665,-0.8192084799570988,0
2013-01-04,6016.14990234375,13.369999885559082,0.0011059532042860644,0.05552884012956041,-0.8298157776506233,0
2013-01-07,5988.39990234375,13.920000076293945,-0.004623255329017686,-0.37007857698366725,-0.7714758426536139,0
2013-01-08,6001.7001953125,13.270000457763672,0.0022185466869673303,0.13818040285561184,-0.8404229741854601,0
2013-01-09,5971.5,13.319999694824219,-0.005044642846597446,-0.4013823167442894,-0.8351194264973856,0
2013-01-10,5968.64990234375,13.270000457763672,-0.0004773973080222145,-0.06209398997186651,-0.8404229741854601,0
2013-01-11,5951.2998046875,13.229999542236328,-0.0029111045491811488,-0.24288752312715495,-0.8446659741898201,0
2013-01-14,6024.0498046875,13.699999809265137,0.012150107904682364,0.8759692428328028,-0.7948118368841552,0
2013-01-15,6056.60009765625,13.579999923706055,0.005388844474855894,0.3736932568806607,-0.807540533421172,0
2013-01-16,6001.85009765625,13.989999771118164,-0.00908083134121998,-0.7012198510551299,-0.7640507949633594,0
2013-01-17,6039.2001953125,14.010000228881836,0.006203813876608185,0.43423513104876504,-0.7619292949611793,0
2013-01-18,6064.39990234375,13.890000343322754,0.004164007938021129,0.2827034610305265,-0.7746579914981961,0
2013-01-21,6082.2998046875,13.65999984741211,0.0029472886846284353,0.19231667622802195,-0.7990547357298274,0
2013-01-22,6048.5,13.890000343322754,-0.005572574388951168,-0.44060092413964663,-0.7746579914981961,0
2013-01-23,6054.2998046875,13.670000076293945,0.0009584237077469017,0.04456927257235713,-0.7979939857287375,0
2013-01-24,6019.35009765625,14.460000038146973,-0.005789434832539505,-0.4567109003664043,-0.7141966576576945,0
2013-01-25,6074.64990234375,14.770000457763672,0.009145062029183172,0.6527325067385676,-0.6813141157347186,0
2013-01-28,6074.7998046875,15.170000076293945,2.4676400556721332e-05,-0.024796291159441205,-0.638885127277996,0
2013-01-29,6049.89990234375,14.470000267028809,-0.004107307883982924,-0.3317502357876824,-0.7131359076566044,0
2013-01-30,6055.75,14.380000114440918,0.0009665070704739352,0.04516976374174702,-0.722682455349039,0
2013-01-31,6034.75,14.130000114440918,-0.003473805238461769,-0.28468903647414,-0.7492005984241625,0
2013-02-01,5998.89990234375,13.760000228881836,-0.005958325862656894,-0.46925735851747535,-0.7884474380363029,0
2013-02-04,5987.25,14.34000015258789,-0.0019438945962046322,-0.17103610988226778,-0.7269253541947112,0
2013-02-05,5956.89990234375,14.609999656677246,-0.005082013073346008,-0.40415844988570593,-0.6982858122760954,0
2013-02-06,5959.2001953125,14.260000228881836,0.0003860815163471072,0.002051518091857704,-0.7354111518860558,0
2013-02-07,5938.7998046875,14.890000343322754,-0.003429216778715081,-0.2813766803126334,-0.6685854191977018,0
2013-02-08,5903.5,15.15999984741211,-0.005961664511139566,-0.4695053776895999,-0.639945877279086,0
2013-02-11,5897.85009765625,15.649999618530273,-0.0009575010873592933,-0.09775960212093639,-0.5879703411299289,0
2013-02-12,5922.5,15.3100004196167,0.004170762773135264,0.2832052594742803,-0.6240349307387991,0
2013-02-13,5932.9501953125,15.140000343322754,0.001762935670411124,0.1043342918548311,-0.6420672761225782,0
2013-02-14,5896.9501953125,15.09000015258789,-0.006086291505428713,-0.47876358025521715,-0.6473709249693405,0
2013-02-15,5887.39990234375,15.239999771118164,-0.0016208437428339576,-0.14703753512275705,-0.6314600795877414,0
2013-02-18,5898.2001953125,16.290000915527344,0.001832795259055871,0.10952397187971545,-0.5200837572817969,0
2013-02-19,5939.7001953125,15.8100004196167,0.0070114071991698905,0.49422905622976593,-0.570998644588552,0
2013-02-20,5943.0498046875,15.600000381469727,0.0005637768132327255,0.015252021425089494,-0.5932738888180032,0
2013-02-21,5852.25,16.940000534057617,-0.01539623406156752,-1.170374049966266,-0.4511366257499508,0
2013-02-22,5850.2998046875,16.790000915527344,-0.00033329408771618207,-0.05138895121553028,-0.46704747113154976,0
2013-02-25,5854.75,16.729999542236328,0.000760388994695336,0.029857808985250967,-0.47341197113808997,0
2013-02-26,5761.35009765625,17.360000610351562,-0.016081458393314825,-1.221277513556888,-0.40658613729104814,0
2013-02-27,5796.89990234375,16.229999542236328,0.006151435864131232,0.4303441100684228,-0.5264482572883371,0
2013-02-28,5693.0498046875,14.859999656677246,-0.018077176721828157,-1.3695340341821347,-0.6717676692009719,0
2013-03-01,5719.7001953125,14.0600004196167,0.004670292272359843,0.3203139558502245,-0.7566256461144171,0
2013-03-04,5698.5,13.670000076293945,-0.003713408297517434,-0.30248850013553774,-0.7979939857287375,0
2013-03-05,5784.25,13.390000343322754,0.014935724292001495,1.0829051553211393,-0.8276942776484433,0
2013-03-06,5818.60009765625,13.399999618530273,0.005920993156224326,0.4132251441353956,-0.8266336288060411,0
2013-03-07,5863.2998046875,13.069999694824219,0.007652851943975546,0.5418802526333573,-0.8616375695725093,0
2013-03-08,5945.7001953125,13.34000015258789,0.01395575035978997,1.0101055405571906,-0.8329979264952055,0
2013-03-11,5942.35009765625,14.25,-0.000563607599626711,-0.06849831952717589,-0.7364719018871457,0
2013-03-12,5914.10009765625,15.130000114440918,-0.0047653476368216515,-0.3806342304852915,-0.6431280261236682,0
2013-03-13,5851.2001953125,16.200000762939453,-0.010692545036311767,-0.8209497053459238,-0.5296303049742315,0
2013-03-14,5908.9501953125,14.65999984741211,0.009821381919884518,0.7029744834706859,-0.6929821634293332,0
2013-03-15,5872.60009765625,15.15999984741211,-0.006170701154912373,-0.48503414497412023,-0.639945877279086,0
2013-03-18,5835.25,15.850000381469727,-0.0063803728356968134,-0.5006100874418656,-0.5667557457428797,0
2013-03-19,5745.9501953125,16.709999084472656,-0.015421816917123578,-1.1722745311605363,-0.47553347114027006,0
2013-03-20,5694.39990234375,16.65999984741211,-0.009012074180768975,-0.6961120674411309,-0.48083701882834445,0
2013-03-21,5658.75,16.510000228881836,-0.006280198856235595,-0.4931684332565436,-0.4967478642099435,0
2013-03-22,5651.35009765625,15.539999961853027,-0.0013085478175716774,-0.12383791490414742,-0.5996382876658556,0
2013-03-25,5633.85009765625,16.360000610351562,-0.0031014095850241405,-0.25702476988610123,-0.5126587095915425,0
2013-03-26,5641.60009765625,15.800000190734863,0.0013746681660056223,0.07549094835660919,-0.572059394589642,0
2013-03-28,5682.5498046875,15.220000267028809,0.007232310747962538,0.5106393838145028,-0.6335814784312337,0
2013-04-01,5704.39990234375,14.850000381469727,0.003837748481610424,0.25846652782334006,-0.6728283180433741,0
2013-04-02,5748.10009765625,14.100000381469727,0.0076315926493432315,0.5403009570944514,-0.7523827472687448,0
2013-04-03,5672.89990234375,14.869999885559082,-0.013168948793470324,-1.0049150472752688,-0.6707069191998818,0
2013-04-04,5574.75,15.850000381469727,-0.017452960325511746,-1.3231626852232665,-0.5667557457428797,0
2013-04-05,5553.25,16.15999984741211,-0.003864131335780677,-0.31368530727596233,-0.5338733049785916,0
2013-04-08,5542.9501953125,16.770000457763672,-0.0018564567084833458,-0.16454058552937195,-0.46916897113372985,0
2013-04-09,5495.10009765625,16.81999969482422,-0.008670081423453112,-0.6707063498334492,-0.46386542344565546,0
2013-04-10,5558.7001953125,16.489999771118164,0.011507499287045326,0.8282315854622674,-0.4988693642121235,0
2013-04-11,5594.0,16.969999313354492,0.006330291669064339,0.44363082440789736,-0.4479545780640564,0
2013-04-12,5528.5498046875,16.450000762939453,-0.01176905510382896,-0.9009207286851938,-0.5031121618991079,0
2013-04-15,5568.39990234375,16.610000610351562,0.007182202318757875,0.5069169640412606,-0.4861405665164189,0
2013-04-16,5688.9501953125,16.25,0.021417989176254947,1.5644550933960877,-0.5243267572861571,0
2013-04-17,5688.7001953125,16.360000610351562,-4.394580453027964e-05,-0.029894049304203817,-0.5126587095915425,0
2013-04-18,5783.10009765625,15.359999656677246,0.016458102609584743,1.1959985258712518,-0.6187313830507247,0
2013-04-22,5834.39990234375,16.219999313354492,0.008831527973868913,0.6294409091847973,-0.5275090072894272,0
2013-04-23,5836.89990234375,15.069999694824219,0.0004284013057793631,0.0051953408674360445,-0.6494924249715205,0
2013-04-25,5916.2998046875,14.199999809265137,0.013511403233731597,0.9770961935376057,-0.7417755507339081,0
2013-04-26,5871.4501953125,13.880000114440918,-0.007609565149353201,-0.5919234621793446,-0.7757187414992861,0
2013-04-29,5904.10009765625,14.329999923706055,0.0055453860244868425,0.38532230550439983,-0.7279861041958012,0
2013-04-30,5930.2001953125,15.100000381469727,0.004410930824423511,0.3010466948815833,-0.6463101749682504,0
2013-05-02,5999.35009765625,16.280000686645508,0.011593174115103801,0.8345961368779864,-0.521144507282887,0
2013-05-03,5944.0,15.550000190734863,-0.009268838888589223,-0.7151864236049815,-0.5985775376647655,0
2013-05-06,5971.0498046875,15.84000015258789,0.004540451211160536,0.3106684143463597,-0.5678164957439698,0
2013-05-07,6043.5498046875,16.5,0.012068796690554202,0.8699288525020511,-0.4978086142110335,0
2013-05-08,6069.2998046875,16.760000228881836,0.0042516896717678145,0.2892171000455856,-0.47022972113481987,0
2013-05-09,6050.14990234375,16.600000381469727,-0.0031601960062404705,-0.26139185423113287,-0.4872013165175089,0
2013-05-10,6094.75,16.860000610351562,0.0073446958820698885,0.5189881716743454,-0.4596224234412953,0
2013-05-13,5980.4501953125,17.510000228881836,-0.018931896238816203,-1.4330288369750395,-0.3906752919094491,0
2013-05-14,5995.39990234375,17.170000076293945,0.0024966436077198026,0.15883947146178617,-0.42673998267700725,0
2013-05-15,6146.75,18.1299991607666,0.024930994618493872,1.8254267727972975,-0.3249104103808731,0
2013-05-16,6169.89990234375,17.739999771118164,0.003759127650507598,0.2526259987760105,-0.3662786488365056,0
2013-05-17,6187.2998046875,17.56999969482422,0.0028161580707262417,0.18257533733924503,-0.3843109942202847,0
2013-05-20,6156.89990234375,17.709999084472656,-0.004925384313636034,-0.3925229226609063,-0.36946089883977573,0
2013-05-21,6114.10009765625,17.8799991607666,-0.006975793048095481,-0.544842245727414,-0.35142855345599666,0
2013-05-22,6094.5,17.719999313354492,-0.0032108700979154446,-0.26515629554042974,-0.36840014883868566,0
2013-05-23,5967.0498046875,18.729999542236328,-0.021134089920608477,-1.596623853536638,-0.2612668265371013,1
2013-05-24,5983.5498046875,17.700000762939453,0.002761369474992902,0.17850524064407708,-0.37052144652349,0
2013-05-27,6083.14990234375,17.030000686645508,0.016508633198256576,1.199752306730303,-0.4415900780575162,0
2013-05-28,6111.25,17.1200008392334,0.004608697044323107,0.31573821283810927,-0.4320435303650817,0
2013-05-29,6104.2998046875,17.860000610351562,-0.0011379260325724719,-0.11116288365076674,-0.35354985114080095,0
2013-05-30,6124.0498046875,16.040000915527344,0.0032302015895608275,0.21333351128234684,-0.5466019003569206,0
2013-05-31,5985.9501953125,16.989999771118164,-0.022808521266850956,-1.7210128326190133,-0.4458330780618764,0
2013-06-03,5939.2998046875,17.290000915527344,-0.007823840773196913,-0.6078414191334893,-0.4140111849813026,0
2013-06-04,5919.4501953125,17.260000228881836,-0.00334767625808323,-0.2753192554214892,-0.41719343498457273,0
2013-06-05,5923.85009765625,16.780000686645508,0.0007430196714316884,0.02856748890556225,-0.46810822113263983,0
2013-06-06,5921.39990234375,17.350000381469727,-0.0004137009092160573,-0.057362156662306416,-0.40764688729213816,0
2013-06-07,5881.0,17.350000381469727,-0.006846075453972334,-0.535205876258932,-0.40764688729213816,0
2013-06-10,5878.0,18.110000610351562,-0.0005102474810933533,-0.06453434054232612,-0.3270317080656774,0
2013-06-11,5788.7998046875,19.489999771118164,-0.01529158551760873,-1.1625999924782107,-0.18065164731064054,1
2013-06-12,5760.2001953125,18.850000381469727,-0.004952752244654958,-0.39455601228663517,-0.24853802884139667,1
2013-06-13,5699.10009765625,19.440000534057617,-0.010663945462104954,-0.8188251202766349,-0.18595519499871493,1
2013-06-14,5808.39990234375,18.350000381469727,0.018996844089153475,1.3845947687129112,-0.30157431499164383,1
2013-06-17,5850.0498046875,18.18000030517578,0.007145045967808824,0.5041567191549292,-0.3196066603754229,0
2013-06-18,5813.60009765625,18.290000915527344,-0.006250157711134042,-0.4909367577817424,-0.3079386126808083,0
2013-06-19,5822.25,18.459999084472656,0.0014867678535771553,0.08381853116480689,-0.28990646961440497,1
2013-06-20,5655.89990234375,19.190000534057617,-0.028987554139514253,-2.180036484124233,-0.21247333807383853,1
2013-06-21,5667.64990234375,19.030000686645508,0.0020753216826701094,0.1275406043929401,-0.22944493345652756,1
2013-06-24,5590.25,21.010000228881836,-0.013750543628800106,-1.0481201556654085,-0.019421288857718953,1
2013-06-25,5609.10009765625,21.139999389648438,0.003366287381407146,0.2234429569478061,-0.0056319434783000215,1
2013-06-26,5588.7001953125,21.06999969482422,-0.0036435593381386397,-0.2972996097300924,-0.013056991168554504,1
2013-06-27,5682.35009765625,18.850000381469727,0.01661815982028318,1.207888743453614,-0.24853802884139667,1
2013-06-28,5842.2001953125,17.950000762939453,0.0277425749122853,2.034291473722572,-0.34400330344836644,0
2013-07-01,5898.85009765625,18.09000015258789,0.009649961552167819,0.6902401276656209,-0.3291532080678575,0
2013-07-02,5857.5498046875,18.209999084472656,-0.007026039129586622,-0.548574891316974,-0.31642461268952854,0
2013-07-03,5770.89990234375,18.90999984741211,-0.014903363447433636,-1.133760024166167,-0.2421737311522322,1
2013-07-04,5836.9501953125,18.579999923706055,0.011380402965057766,0.818789943216,-0.2771776719187003,1
2013-07-05,5867.89990234375,18.670000076293945,0.005288368309453251,0.36622915411849427,-0.2676311242262658,1
2013-07-08,5811.5498046875,19.34000015258789,-0.009649518823911232,-0.743466107103568,-0.19656249269223952,1
2013-07-09,5859.0,19.31999969482422,0.008131657474948715,0.57744942142036,-0.1986839926944196,1
2013-07-10,5816.7001953125,19.979999542236328,-0.007245816361832232,-0.5649015478896243,-0.1286761111614834,1
2013-07-11,5935.10009765625,18.889999389648438,0.02015076937254802,1.4703167592029305,-0.2442952311544123,1
2013-07-12,6009.0,18.690000534057617,0.012374451778423527,0.892635142859502,-0.2655096242240857,1
2013-07-15,6030.7998046875,18.790000915527344,0.003621294184999039,0.24238672315777163,-0.2549023265305611,1
2013-07-16,5955.25,18.989999771118164,-0.012606456082598512,-0.963128984082153,-0.2336879334608877,1
2013-07-17,5973.2998046875,19.360000610351562,0.0030263223541821547,0.19818787392805431,-0.19444099269005946,1
2013-07-18,6038.0498046875,18.270000457763672,0.010781573982748167,0.7743045566269448,-0.31006011268298833,0
2013-07-19,6029.2001953125,18.1299991607666,-0.0014667154424545085,-0.13558776026341504,-0.3249104103808731,0
2013-07-22,6031.7998046875,17.6299991607666,0.00043107692815792104,0.005394105622303803,-0.37794669653112023,0
2013-07-23,6077.7998046875,16.719999313354492,0.00759731497994169,0.5377545616798235,-0.47447272113918004,0
2013-07-24,5990.5,16.90999984741211,-0.014467875158950037,-1.101408776246468,-0.4543188757532209,0
2013-07-25,5907.5,16.719999313354492,-0.013952151018890876,-1.0630970237735748,-0.47447272113918004,0
2013-07-26,5886.2001953125,16.780000686645508,-0.0036120687304303763,-0.2949602575958263,-0.46810822113263983,0
2013-07-29,5831.64990234375,18.25,-0.009310698906358704,-0.7182960911863969,-0.3121816126851684,0
2013-07-30,5755.0498046875,18.1200008392334,-0.013222266146311269,-1.008875849312416,-0.32597095806458737,0
2013-07-31,5742.0,18.770000457763672,-0.0022701145969533727,-0.19527011203496716,-0.2570238265327412,1
2013-08-01,5727.85009765625,19.809999465942383,-0.0024673224848824594,-0.2099201530184559,-0.14670845654526246,1
2013-08-02,5677.89990234375,20.889999389648438,-0.008758830352814497,-0.6772992679263227,-0.03215008655342361,1
2013-08-05,5685.39990234375,20.799999237060547,0.0013200392875264806,0.07143271662457402,-0.04169663424585816,1
2013-08-06,5542.25,22.729999542236328,-0.025500912656776273,-1.921023312018202,0.16302346266487602,1
2013-08-07,5519.10009765625,22.040000915527344,-0.004185734279980768,-0.33757632077657934,0.08983353344604549,1
2013-08-08,5565.64990234375,21.190000534057617,0.008398940586119187,0.5973051613401031,-0.00032819347284985124,1
2013-08-12,5612.39990234375,21.280000686645508,0.008364656339552535,0.594758277325656,0.0092183542195847,1
2013-08-13,5699.2998046875,19.260000228881836,0.015364907874385061,1.1147880436649396,-0.20504829038358405,1
2013-08-14,5742.2998046875,18.700000762939453,0.007516466913095698,0.5317485773088763,-0.2644488742229957,1
2013-08-16,5507.85009765625,23.639999389648438,-0.04168542781460944,-3.12332719980899,0.2595494872729358,1
2013-08-19,5414.75,25.59000015258789,-0.0170476537750192,-1.293053557044137,0.46639108418585007,1
2013-08-20,5401.4501953125,27.229999542236328,-0.002459239132094885,-0.20931966258744159,0.6403500380171006,1
2013-08-21,5302.5498046875,28.09000015258789,-0.018479672110444576,-1.3994343287434563,0.731572514937086,1
2013-08-22,5408.4501953125,29.059999465942383,0.019774781357612244,1.4423856257885794,0.8344628372343101,1
2013-08-23,5471.75,25.75,0.011635910691516363,0.8377709216318455,0.4833626795685391,1
2013-08-26,5476.5,26.3799991607666,0.0008677186396066932,0.03783103821662981,0.5501883110982052,1
2013-08-27,5287.4501953125,29.420000076293945,-0.0351300857798711,-2.6363485577364347,0.8726490280040483,1
2013-08-28,5285.0,32.380001068115234,-0.0004635056795921676,-0.0610620184419003,1.186623947218547,1
2013-08-29,5409.0498046875,29.40999984741211,0.023200821268735756,1.6968968709324648,0.8715882780029583,1
2013-08-30,5471.7998046875,27.809999465942383,0.01153415365937455,0.8302116667415351,0.7018721218586922,1
2013-09-02,5550.75,27.549999237060547,0.014325459513237299,1.037570234321985,0.6742932287824787,1
2013-09-03,5341.4501953125,32.4900016784668,-0.038435865504589016,-2.881925998669824,1.1982919949131616,1
2013-09-04,5448.10009765625,31.110000610351562,0.019769753704386283,1.4420121350190949,1.051911731840749,1
2013-09-05,5592.9501953125,28.530000686645508,0.026239969011229082,1.9226669425556377,0.7782445033981686,1
2013-09-06,5680.39990234375,28.649999618530273,0.015514724622354844,1.125917524948972,0.7909730987764976,1
2013-09-10,5896.75,29.440000534057617,0.03737971608491806,2.750208644305043,0.8747705280062285,1
2013-09-11,5913.14990234375,29.75,0.0027773161535761984,0.17968987629556696,0.9076529687705165,1
2013-09-12,5850.7001953125,29.709999084472656,-0.010617322247705436,-0.8153616076914764,0.9034099687661563,1
2013-09-13,5850.60009765625,28.290000915527344,-1.7108809063270718e-05,-0.027900401445621413,0.7527871103241351,1
2013-09-16,5840.5498046875,28.81999969482422,-0.0017192997315773116,-0.1543515644210106,0.8090054441602766,1
2013-09-17,5850.2001953125,27.93000030517578,0.0016509450320878272,0.09601481002054806,0.7146009195543969,1
2013-09-18,5899.4501953125,27.690000534057617,0.008383277255138238,0.5961415748161638,0.6891435264803634,1
2013-09-19,6115.5498046875,24.5,0.035975516586889605,2.6458944588475704,0.35077196419292117,1
2013-09-20,6012.10009765625,24.729999542236328,-0.01706055452564804,-1.2940119189403825,0.3751686072658647,1
2013-09-23,5889.75,27.020000457763672,-0.02056056945458911,-1.5540185682192749,0.6180748949463372,1
2013-09-24,5892.4501953125,26.719999313354492,0.0004583516346713625,0.007420269851486296,0.5862530018657633,1
2013-09-25,5873.85009765625,25.68000030517578,-0.0031615907611521666,-0.2614954668037984,0.47593763187828464,1
2013-09-26,5882.25,24.0,0.0014290289642726517,0.07952926513425002,0.29773567804267403,1
2013-09-27,5833.2001953125,24.059999465942383,-0.008373573438567785,-0.6486795730340156,0.3040999757318385,1
2013-09-30,5735.2998046875,26.649999618530273,-0.01692574280654838,-1.2839971206957261,0.5788279541755089,1
2013-10-01,5780.0498046875,25.770000457763672,0.007772273841471294,0.5507517826264567,0.4854841795707192,1
2013-10-03,5909.7001953125,25.170000076293945,0.02218280238265632,1.6212709993730463,0.42184059572694743,1
2013-10-04,5907.2998046875,26.1299991607666,-0.0004062605835685447,-0.056809434979562375,0.5236701680230816,1
2013-10-07,5906.14990234375,26.829999923706055,-0.00019467680921306599,-0.04109144824840478,0.597921049560378,1
2013-10-08,5928.39990234375,26.549999237060547,0.0037601812630294537,0.25270426880256974,0.5682206564819843,1
2013-10-09,6007.4501953125,25.8700008392334,0.013246052547886104,0.9573840082723227,0.4960914772642438,1
2013-10-10,6020.9501953125,25.8799991607666,0.002244688442359527,0.14012240320812175,0.49715202494795807,1
2013-10-11,6096.2001953125,23.59000015258789,0.012420571665258479,0.8960612646002756,0.2542459395848614,1
2013-10-14,6112.7001953125,22.850000381469727,0.0027029477705162687,0.17416525011988612,0.1757522603605807,1
2013-10-15,6089.0498046875,23.239999771118164,-0.0038765620083412522,-0.3146087483430369,0.21712049881621323,1
2013-10-17,6045.85009765625,21.059999465942383,-0.007119941635177799,-0.5555506546589438,-0.01411774116964454,1
2013-10-18,6189.35009765625,20.1200008392334,0.02345798647282757,1.7160009788818742,-0.11382581346359867,1
2013-10-21,6204.9501953125,20.18000030517578,0.0025173031999250295,0.16037421672825125,-0.10746151577443422,1
2013-10-22,6202.7998046875,19.959999084472656,-0.0003466205632012109,-0.052378939060698695,-0.13079761116366345,1
2013-10-23,6178.35009765625,20.350000381469727,-0.003949510183774189,-0.32002787113262604,-0.08942917039065515,1
2013-10-24,6164.35009765625,20.639999389648438,-0.0022685483374774457,-0.19515375885176509,-0.05866822962854719,1
2013-10-25,6144.89990234375,20.420000076293945,-0.003160259398470375,-0.26139656346855683,-0.08200412270040067,1
2013-10-28,6101.10009765625,21.290000915527344,-0.007153354803001501,-0.5580328285879169,0.010279104220674734,1
2013-10-29,6220.89990234375,19.760000228881836,0.019445476322178384,1.417922444747312,-0.15201200423333688,1
2013-10-30,6251.7001953125,19.530000686645508,0.004938882885003037,0.3402668265204792,-0.1764086473062804,1
2013-10-31,6299.14990234375,18.389999389648438,0.007561230152356484,0.5350739173680935,-0.29733151730465945,1
2013-11-01,6307.2001953125,18.639999389648438,0.0012771807859823679,0.06824887438222951,-0.2708133742295359,1
2013-11-05,6253.14990234375,19.940000534057617,-0.008606547777017665,-0.6659866069576242,-0.13291890884846777,1
2013-11-06,6215.14990234375,20.25,-0.00609547705014856,-0.4794459495458908,-0.10003646808417974,1
2013-11-07,6187.25,19.8700008392334,-0.004499121077551629,-0.3608569789505989,-0.14034395653872225,1
2013-11-08,6140.75,19.639999389648438,-0.007543838501638632,-0.5870408071657074,-0.16474080192904153,1
2013-11-11,6078.7998046875,19.979999542236328,-0.010139608589296157,-0.7798735511661468,-0.1286761111614834,1
2013-11-12,6018.0498046875,20.860000610351562,-0.010044021820206814,-0.7727726684411024,-0.035332134239317955,1
2013-11-13,5989.60009765625,20.450000762939453,-0.004738605888357065,-0.37864765826908675,-0.07882187269713058,1
2013-11-14,6056.14990234375,19.260000228881836,0.011049620288933722,0.7942169922416055,-0.20504829038358405,1
2013-11-18,6189.0,18.81999969482422,0.021699254229649953,1.5853495140134906,-0.25172027884466674,1
2013-11-19,6203.35009765625,19.299999237060547,0.0023159616952837573,0.14541710053149653,-0.20080549269659967,1
2013-11-20,6122.89990234375,20.829999923706055,-0.013053659902868716,-0.996350547193701,-0.03851438424258805,1
2013-11-21,5999.0498046875,21.139999389648438,-0.020434733748201976,-1.5446705736987887,-0.0056319434783000215,1
2013-11-22,5995.4501953125,20.040000915527344,-0.0006002100100985879,-0.07121741367264077,-0.12231161115494318,1
2013-11-25,6115.35009765625,21.049999237060547,0.019801138983068924,1.4443436625447292,-0.015178491170734573,1
2013-11-26,6059.10009765625,21.59000015258789,-0.00924072945680619,-0.7130982498916051,0.04210079498387273,1
2013-11-27,6057.10009765625,21.139999389648438,-0.0003301365091241254,-0.05115438323618632,-0.0056319434783000215,1
2013-11-28,6091.85009765625,20.709999084472656,0.005720674496259994,0.3983440123051602,-0.051243181938292706,1
2013-11-29,6176.10009765625,21.3799991607666,0.01373519180845845,0.9937208419013864,0.019825449595733527,1
2013-12-02,6217.85009765625,23.360000610351562,0.006737183425796762,0.4738577132741137,0.22984929651191788,1
2013-12-03,6201.85009765625,24.719999313354492,-0.002576553153439162,-0.21803460415838696,0.3741078572647747,1
2013-12-04,6160.9501953125,23.709999084472656,-0.006616632250020927,-0.5181611607733132,0.2669745349631903,1
2013-12-05,6241.10009765625,21.68000030517578,0.012925446408512491,0.9335670447081145,0.05164734267630729,1
2013-12-06,6259.89990234375,22.209999084472656,0.003007730399185639,0.19680672784144307,0.1078656765124488,1
2013-12-09,6363.89990234375,19.15999984741211,0.016477186675700303,1.1974162295628257,-0.21565558807710863,1
2013-12-10,6332.85009765625,17.979999542236328,-0.004890994401687254,-0.3899681890508117,-0.3408212557624721,0
2013-12-11,6307.89990234375,17.540000915527344,-0.003947586608913919,-0.3198849739552682,-0.38749304190617906,0
2013-12-12,6237.0498046875,17.739999771118164,-0.011295517736679127,-0.865742917549906,-0.3662786488365056,0
2013-12-13,6168.39990234375,17.84000015258789,-0.01106781370198504,-0.8488274002478108,-0.35567135114298104,0
2013-12-16,6154.7001953125,18.360000610351562,-0.0022234198483338887,-0.19180128536594906,-0.3005135649905538,1
2013-12-17,6139.0498046875,18.329999923706055,-0.0025460740749505,-0.21577039579589777,-0.3036958149938239,0
2013-12-18,6217.14990234375,17.540000915527344,0.012641611434832655,0.9124817116586966,-0.38749304190617906,0
2013-12-19,6166.64990234375,16.579999923706055,-0.008155861807590793,-0.6325063643967322,-0.489322816519689,0
2013-12-20,6274.25,16.020000457763672,0.017298231088561187,1.258409399886731,-0.5487234003591006,0
2013-12-23,6284.5,16.260000228881836,0.0016323284205711835,0.09463183226769778,-0.523266007285067,0
2013-12-24,6268.39990234375,15.579999923706055,-0.002565161294966418,-0.21718833378220495,-0.5953953888201833,0
2013-12-26,6278.89990234375,14.880000114440918,0.001673667261396705,0.0977027830225762,-0.6696461691987918,0
2013-12-27,6313.7998046875,14.65999984741211,0.0055428927092751245,0.3851370838562193,-0.6929821634293332,0
2013-12-30,6291.10009765625,15.079999923706055,-0.003601731349932257,-0.2941923215383506,-0.6484316749704305,0
2013-12-31,6304.0,15.119999885559082,0.0020484008470497933,0.12554072827597051,-0.6441887761247582,0
2014-01-02,6221.14990234375,16.549999237060547,-0.013229591131722482,-1.0094200026807452,-0.4925050665229591,0
2014-01-03,6211.14990234375,15.869999885559082,-0.001608713160675422,-0.14613638696056985,-0.5646343468993875,0
2014-01-06,6191.4501953125,16.5,-0.0031767086647526764,-0.2626185350018187,-0.4978086142110335,0
2014-01-07,6162.25,16.31999969482422,-0.004727369003838941,-0.377812900489132,-0.5169017095959026,0
2014-01-08,6174.60009765625,16.31999969482422,0.0020021483091771735,0.12210475224813586,-0.5169017095959026,0
2014-01-09,6168.35009765625,16.18000030517578,-0.0010127239331396106,-0.10186195807840924,-0.5317518049764116,0
2014-01-10,6171.4501953125,15.579999923706055,0.0005024550880677336,0.01069659620209636,-0.5953953888201833,0
2014-01-13,6272.75,15.949999809265137,0.01628100492203701,1.1828424173205212,-0.556148549208043,0
2014-01-14,6241.85009765625,15.739999771118164,-0.004938226534857065,-0.3934769365656381,-0.5784237934374943,0
2014-01-15,6320.89990234375,15.420000076293945,0.012584959187806487,0.9082731693460355,-0.6123669842028724,0
2014-01-16,6318.89990234375,15.539999961853027,-0.0003164607110232277,-0.050138445158029364,-0.5996382876658556,0
2014-01-17,6261.64990234375,15.40999984741211,-0.009101413862469748,-0.7027488709286202,-0.6134277342039623,0
2014-01-20,6303.9501953125,15.350000381469727,0.006732738974413205,0.4735275469932312,-0.6197920318931268,0
2014-01-21,6313.7998046875,15.550000190734863,0.00156123102385989,0.08935019882708028,-0.5985775376647655,0
2014-01-22,6338.9501953125,15.850000381469727,0.0039754873445066955,0.2686987756692027,-0.5667557457428797,0
2014-01-23,6345.64990234375,15.579999923706055,0.0010563529953923905,0.051844174669610756,-0.5953953888201833,0
2014-01-24,6266.75,15.829999923706055,-0.012511644446641086,-0.9560856839024595,-0.5688772457450597,0
2014-01-27,6135.85009765625,18.670000076293945,-0.02110924516297498,-1.594778203642114,-0.2676311242262658,1
2014-01-28,6126.25,17.719999313354492,-0.0015658165471230908,-0.14294971348014338,-0.36840014883868566,0
2014-01-29,6120.25,18.040000915527344,-0.0009798718785080376,-0.09942146773191043,-0.33445675575593187,0
2014-01-30,6073.7001953125,17.25,-0.007634938648466337,-0.5938083908493155,-0.41825418498566275,0
2014-01-31,6089.5,16.81999969482422,0.002597969830382306,0.16636672268026464,-0.46386542344565546,0
2014-02-03,6001.7998046875,18.270000457763672,-0.014506584850296355,-1.1042844145925654,-0.31006011268298833,0
2014-02-04,6000.89990234375,18.690000534057617,-0.00014994998915273514,-0.037768813673155974,-0.2655096242240857,1
2014-02-05,6022.39990234375,18.93000030517578,0.0035763930477856866,0.23905113903236688,-0.24005223115005214,1
2014-02-06,6036.2998046875,18.940000534057617,0.0023053743500808565,0.14463059527170383,-0.2389914811489621,1
2014-02-07,6063.2001953125,18.549999237060547,0.004446536625011425,0.30369175357239203,-0.2803599219219704,1
2014-02-10,6053.4501953125,19.049999237060547,-0.0016093560167322405,-0.14618414299952837,-0.22732363577172324,1
2014-02-11,6062.7001953125,18.6299991607666,0.0015268879138819519,0.08679894200890387,-0.2718741242306259,1
2014-02-12,6084.0,17.43000030517578,0.003507096771439477,0.23390330595562817,-0.39916108960079366,0
2014-02-13,6001.10009765625,17.799999237060547,-0.013719572366101803,-1.0458193842682537,-0.35991435114734116,0
2014-02-14,6048.35009765625,16.65999984741211,0.007842721688164616,0.555985162751834,-0.48083701882834445,0
2014-02-18,6127.10009765625,15.40999984741211,0.012936047030872241,0.9343545362920042,-0.6134277342039623,0
2014-02-19,6152.75,15.069999694824219,0.004177565596221632,0.2837106228147901,-0.6494924249715205,0
2014-02-20,6091.4501953125,15.15999984741211,-0.010012955663091487,-0.7704648475941863,-0.639945877279086,0
2014-02-21,6155.4501953125,14.039999961853027,0.010451719302448996,0.7498005439542058,-0.7587471461165971,0
2014-02-24,6186.10009765625,14.359999656677246,0.004966955468135648,0.34235226284720977,-0.724803955351219,0
2014-02-25,6200.0498046875,13.949999809265137,0.002252469579198007,0.14070044283310296,-0.7682936938090317,0
2014-02-26,6238.7998046875,13.960000038146973,0.006230499856538058,0.4362175603712563,-0.7672329438079416,0
2014-02-28,6276.9501953125,14.180000305175781,0.00609639994140803,0.42625564011965,-0.7438969495774003,0
2014-03-03,6221.4501953125,15.279999732971191,-0.008881194883291635,-0.6863893981703016,-0.6272171807420692,0
2014-03-04,6297.9501953125,14.390000343322754,0.012221184683582093,0.8812493446319246,-0.7216217053479489,0
2014-03-05,6328.64990234375,13.84000015258789,0.0048627132066446956,0.3346083869855954,-0.7799616403449584,0
2014-03-06,6401.14990234375,14.479999542236328,0.011390718629937804,0.8195562660789011,-0.7120752588142022,0
2014-03-07,6526.64990234375,16.719999313354492,0.01941613337444026,1.4157426364675616,-0.47447272113918004,0
2014-03-10,6537.25,17.780000686645508,0.0016228078999031938,0.09392457851920494,-0.3620356488321455,0
2014-03-11,6511.89990234375,17.329999923706055,-0.0038853304216658053,-0.31526013006977116,-0.40976838729431825,0
2014-03-12,6516.89990234375,17.040000915527344,0.0007675304433891083,0.030388327906902147,-0.4405293280564262,0
2014-03-13,6493.10009765625,16.81999969482422,-0.0036586981147299726,-0.29842422852618566,-0.46386542344565546,0
2014-03-14,6504.2001953125,16.450000762939453,0.00170806245985478,0.10025790935315795,-0.5031121618991079,0
2014-03-18,6516.64990234375,17.1299991607666,0.0019122731206803513,0.11542816740812843,-0.4309829826813674,0
2014-03-19,6524.0498046875,16.8799991607666,0.0011348935723144095,0.05767874185075809,-0.457501125756491,0
2014-03-20,6483.10009765625,16.90999984741211,-0.006296512707220438,-0.4943803451533558,-0.4543188757532209,0
2014-03-21,6493.2001953125,16.18000030517578,0.001556699439417862,0.08901355966678605,-0.5317518049764116,0
2014-03-24,6583.5,16.540000915527344,0.013811013280164102,0.99935341410517,-0.4935656142066734,0
2014-03-25,6589.75,16.920000076293945,0.0009488927134847534,0.043861240768862136,-0.45325812575213087,0
2014-03-26,6601.39990234375,17.770000457763672,0.0017663214289679917,0.10458581070703922,-0.3630963988332355,0
2014-03-27,6641.75,18.3700008392334,0.006093750024184339,0.42605878493126176,-0.29945281498946374,1
2014-03-28,6695.89990234375,18.6299991607666,0.00811990122114581,0.5765760810999832,-0.2718741242306259,1
2014-03-31,6704.2001953125,21.6200008392334,0.0012388406011620149,0.06540068567724892,0.045283044987142834,1
2014-04-01,6721.0498046875,20.690000534057617,0.0025101384662722147,0.15984196802992706,-0.05336447962309702,1
2014-04-02,6752.5498046875,21.209999084472656,0.004675819128421151,0.3207245310491086,0.0017931042119544607,1
2014-04-03,6736.10009765625,22.110000610351562,-0.0024390454649215365,-0.20781952963229902,0.09725858113629997,1
2014-04-04,6694.35009765625,22.690000534057617,-0.006217235293906131,-0.4884910403881367,0.15878066497789164,1
2014-04-07,6695.0498046875,24.950000762939453,0.0001045165633993392,-0.018865181252755513,0.39850470265509397,1
2014-04-09,6796.2001953125,26.90999984741211,0.014995242988600424,1.0873266384251603,0.6064068472517224,1
2014-04-10,6796.39990234375,28.719999313354492,2.9384669574600685e-05,-0.024446526579547594,0.798398146466752,1
2014-04-11,6776.2998046875,29.190000534057617,-0.0029618444059262942,-0.2466568499457659,0.8482523849311049,1
2014-04-15,6733.10009765625,31.8799991607666,-0.006395525277556329,-0.5017357213937979,1.133587458750924,1
2014-04-16,6675.2998046875,31.15999984741211,-0.008621558339553982,-0.6671017010781056,1.0572152795288234,1
2014-04-17,6779.39990234375,30.850000381469727,0.015474470218657372,1.1229271340973346,1.0243328387645354,1
2014-04-21,6817.64990234375,34.38999938964844,0.005626235315480606,0.3913283808139765,1.39982963950325,1
2014-04-22,6815.35009765625,33.349998474121094,-0.0003373879130515304,-0.051693070434958584,1.2895140671983956,1
2014-04-23,6840.7998046875,31.1299991607666,0.00372721984979212,0.2502556545008219,1.0540330295255533,1
2014-04-25,6782.75,30.68000030517578,-0.008522030871778505,-0.6597080744985344,1.0063004933807562,1
2014-04-28,6761.25,31.389999389648438,-0.003174840233210194,-0.2624797342724987,1.0816119226017669,1
2014-04-29,6715.25,31.049999237060547,-0.006826724839414866,-0.5337683714040322,1.0455472318342087,1
2014-04-30,6696.39990234375,30.59000015258789,-0.0028110053879877397,-0.23545142698873067,0.9967539456883218,1
2014-05-02,6694.7998046875,33.060001373291016,-0.0002389774925132282,-0.04438242627549721,1.2587533287536632,1
2014-05-05,6699.35009765625,34.189998626708984,0.0006794448586849589,0.023844687895735912,1.3786150441162008,1
2014-05-06,6715.2998046875,33.27000045776367,0.002377954648569805,0.15002238947741678,1.2810284718244267,1
2014-05-07,6652.5498046875,33.61000061035156,-0.009388265536980073,-0.7240583065292375,1.3170931625919848,1
2014-05-08,6659.85009765625,34.29999923706055,0.0010967659857117281,0.05484634649276078,1.3902830918108153,1
2014-05-09,6858.7998046875,37.709999084472656,0.029435494406797515,2.1600538873703936,1.751990547170111,1
2014-05-12,7014.25,37.099998474121094,0.02241132323613701,1.6382471959351117,1.6872862133252493,1
2014-05-13,7108.75,32.04999923706055,0.013382625556367727,0.9675296479447764,1.1516198041347032,1
2014-05-14,7108.75,32.41999816894531,0.0,-0.026629434261764506,1.1908665425881557,1
2014-05-15,7123.14990234375,36.77000045776367,0.0020236099686651147,0.12369908092521736,1.6522824748761569,1
2014-05-16,7203.0,24.290000915527344,0.011147576299688492,0.8014938795264208,0.3284968211221577,1
2014-05-19,7263.5498046875,20.6299991607666,0.008371057244219524,0.5952337832330897,-0.059728979629637226,1
2014-05-20,7275.5,19.229999542236328,0.0016438760667509807,0.09548967569157588,-0.20823054038685415,1
2014-05-21,7252.89990234375,17.90999984741211,-0.003111163794727852,-0.25774938376144635,-0.34824630345272656,0
2014-05-22,7276.39990234375,17.84000015258789,0.003234845561498608,0.21367849940594116,-0.35567135114298104,0
2014-05-23,7367.10009765625,17.700000762939453,0.012387933925730808,0.8936366951435978,-0.37052144652349,0
2014-05-26,7359.0498046875,19.84000015258789,-0.0010933331283551897,-0.10785019732155213,-0.14352620654199236,1
2014-05-27,7318.0,19.100000381469727,-0.0055937551853276766,-0.44217438825529276,-0.22201988576627307,1
2014-05-28,7329.64990234375,17.559999465942383,0.0015906858612653664,0.09153831908780431,-0.3853717442213747,0
2014-05-29,7235.64990234375,16.690000534057617,-0.012907568856390952,-0.985497838203736,-0.47765476882507435,0
2014-05-30,7229.9501953125,16.34000015258789,-0.0007880360700878707,-0.08517050401555684,-0.5147802095937225,0
2014-06-02,7362.5,16.5,0.018167401445903533,1.3229777165520242,-0.4978086142110335,0
2014-06-03,7415.85009765625,15.800000190734863,0.007220065712657715,0.5097297332374203,-0.572059394589642,0
2014-06-04,7402.25,15.569999694824219,-0.0018356066412509439,-0.16299169038795136,-0.5964561388212734,0
2014-06-05,7474.10009765625,15.449999809265137,0.009659715706976952,0.6909647374629962,-0.6091848353582902,0
2014-06-06,7583.39990234375,15.979999542236328,0.014517911265275567,1.0518669548249635,-0.5529664003634608,0
2014-06-09,7654.60009765625,17.100000381469727,0.009345152051744758,0.667596653714111,-0.43416503036726173,0
2014-06-10,7656.39990234375,16.65999984741211,0.00023509956185606317,-0.009164523235335028,-0.48083701882834445,0
2014-06-11,7626.85009765625,17.059999465942383,-0.003866957814588266,-0.3138952787472101,-0.4384080303716219,0
2014-06-12,7649.89990234375,16.899999618530273,0.003017634271514681,0.19754245974871787,-0.4553796257543109,0
2014-06-13,7542.10009765625,17.760000228881836,-0.01419189231300482,-1.0809067565438322,-0.36415714883432554,0
2014-06-16,7533.5498046875,17.979999542236328,-0.0011343184460937106,-0.1108948858017946,-0.3408212557624721,0
2014-06-17,7631.7001953125,17.700000762939453,0.012944298456771088,0.9349675124201893,-0.37052144652349,0
2014-06-18,7558.2001953125,18.579999923706055,-0.00967755834425001,-0.7455490872847065,-0.2771776719187003,1
2014-06-19,7540.7001953125,18.739999771118164,-0.002318050637252134,-0.19883115090789272,-0.2602060765360113,1
2014-06-20,7511.4501953125,18.850000381469727,-0.0038864927679996926,-0.315346477637342,-0.24853802884139667,1
2014-06-23,7493.35009765625,18.959999084472656,-0.002412575453478406,-0.20585314402497118,-0.2368701834641578,1
2014-06-24,7580.2001953125,19.190000534057617,0.011523636710027154,0.8294303909995828,-0.21247333807383853,1
2014-06-25,7569.25,18.309999465942383,-0.0014456230527611481,-0.13402086364131563,-0.30581731499600395,0
2014-06-26,7493.2001953125,17.700000762939453,-0.010098018573784505,-0.7767839413227072,-0.37052144652349,0
2014-06-27,7508.7998046875,17.6299991607666,0.0020796713768032227,0.1278637314137957,-0.37794669653112023,0
2014-06-30,7611.35009765625,17.8700008392334,0.013564927084193412,0.9810723357248882,-0.35248910113971094,0
2014-07-01,7634.7001953125,17.65999984741211,0.0030631036189189007,0.20092025467345148,-0.3747644465278501,0
2014-07-02,7725.14990234375,17.56999969482422,0.01177755667969897,0.8482934192551057,-0.3843109942202847,0
2014-07-03,7714.7998046875,17.809999465942383,-0.00134069079277555,-0.12622572965645246,-0.35885360114625114,0
2014-07-04,7751.60009765625,18.15999984741211,0.004758749631257964,0.32688521396143466,-0.321728160377603,0
2014-07-07,7787.14990234375,19.40999984741211,0.004575640474488179,0.3132825296099141,-0.18913744500198504,1
2014-07-08,7623.2001953125,19.18000030517578,-0.02127867207000753,-1.6073644706408516,-0.21353408807492857,1
2014-07-09,7585.0,18.190000534057617,-0.005023641872147828,-0.39982221111357175,-0.3185459103743329,0
2014-07-10,7567.75,15.970000267028809,-0.0022768154231857557,-0.19576789830487004,-0.5540270492058629,0
2014-07-11,7459.60009765625,15.720000267028809,-0.014393990810803546,-1.0959201077162637,-0.5805451922809864,0
2014-07-14,7454.14990234375,15.5600004196167,-0.0007308953891714673,-0.08092567726932252,-0.5975167876636756,0
2014-07-15,7526.64990234375,14.770000457763672,0.009679131549908635,0.692407087957518,-0.6813141157347186,0
2014-07-16,7624.39990234375,14.729999542236328,0.012903575337152367,0.9319423019296013,-0.6855571157390786,0
2014-07-17,7640.4501953125,14.970000267028809,0.002102909465983186,0.12959002625138782,-0.6600996215063573,0
2014-07-18,7663.89990234375,15.100000381469727,0.0030644522939827193,0.20102044409876219,-0.6463101749682504,0
2014-07-21,7684.2001953125,14.899999618530273,0.0026453182709969426,0.16988411036081288,-0.6675247703552996,0
2014-07-22,7767.85009765625,14.640000343322754,0.01082713528937421,0.7776891829537216,-0.6951035622728253,0
2014-07-23,7795.75,14.6899995803833,0.0035852800193615086,0.23971132813115034,-0.6898000145847509,0
2014-07-24,7830.60009765625,14.720000267028809,0.004460434486412476,0.30472418813292784,-0.6866177645814808,0
2014-07-25,7790.4501953125,14.220000267028809,-0.005140498238365478,-0.40850315472210397,-0.739654050731728,0
2014-07-28,7748.7001953125,14.319999694824219,-0.005373537086780802,-0.4258149809166888,-0.7290468541968913,0
2014-07-30,7791.39990234375,13.890000343322754,0.005495436222823544,0.38161166974246924,-0.7746579914981961,0
2014-07-31,7721.2998046875,13.819999694824219,-0.009037830441044684,-0.6980254304033477,-0.7820831403471384,0
2014-08-01,7602.60009765625,15.220000267028809,-0.015492411451246685,-1.1775188082986074,-0.6335814784312337,0
2014-08-04,7683.64990234375,14.819999694824219,0.010604375070275692,0.7611409283501446,-0.6760105680466442,0
2014-08-05,7746.5498046875,13.949999809265137,0.00815287578222499,0.579025672119366,-0.7682936938090317,0
2014-08-06,7672.0498046875,14.300000190734863,-0.009663728440738909,-0.7445217011321394,-0.7311682530403835,0
2014-08-07,7649.25,14.140000343322754,-0.0029762254910542657,-0.2477251818909241,-0.7481398484230725,0
2014-08-08,7568.5498046875,14.619999885559082,-0.010606126094877983,-0.8145298757587325,-0.6972250622750054,0
2014-08-11,7625.9501953125,14.0,0.007555452786540585,0.5346447324766151,-0.7629900449622693,0
2014-08-12,7727.0498046875,13.470000267028809,0.013170203962401476,0.9517494218591819,-0.8192084799570988,0
2014-08-13,7739.5498046875,13.760000228881836,0.0016163866702790495,0.09344756272563824,-0.7884474380363029,0
2014-08-14,7791.7001953125,13.220000267028809,0.0067155684981506794,0.4722519987198149,-0.8457266230322223,0
2014-08-18,7874.25,13.5,0.010538852441929612,0.7562734293839716,-0.8160263311125165,0
2014-08-19,7897.5,13.90999984741211,0.0029483116130798108,0.1923926668179177,-0.7725365926547039,0
2014-08-20,7875.2998046875,13.65999984741211,-0.0028149992705591483,-0.2357481217303498,-0.7990547357298274,0
2014-08-21,7891.10009765625,13.729999542236328,0.0020043000756105184,0.12226460116070437,-0.791629688039573,0
2014-08-22,7913.2001953125,13.619999885559082,0.0027967213545059197,0.18113143622452615,-0.8032976345754997,0
2014-08-25,7906.2998046875,13.789999961853027,-0.0008723905385931191,-0.09143696948871617,-0.7852652891917207,0
2014-08-26,7904.75,13.899999618530273,-0.0001960407071773607,-0.04119276854184759,-0.7735973426557939,0
2014-08-27,7936.0498046875,13.0600004196167,0.0039518011472649325,0.26693919209483974,-0.8626982184149113,0
2014-08-28,7954.35009765625,13.069999694824219,0.002303315356676902,0.1444776382167431,-0.8616375695725093,0
2014-09-01,8027.7001953125,13.529999732971191,0.009179124246061186,0.6552628967675447,-0.8128441822679343,0
2014-09-02,8083.0498046875,13.449999809265137,0.0068711670335596,0.48381099336576533,-0.8213299799592788,0
2014-09-03,8114.60009765625,13.390000343322754,0.0038956679592612917,0.2627692092740566,-0.8276942776484433,0
2014-09-04,8095.9501953125,13.079999923706055,-0.0023009595892866165,-0.19756150314798343,-0.8605768195714192,0
2014-09-05,8086.85009765625,12.9399995803833,-0.0011246630312066596,-0.11017761112635793,-0.875427016110616,0
2014-09-08,8173.89990234375,12.789999961853027,0.010706841477298593,0.7687528807830823,-0.8913378614922151,0
2014-09-09,8152.9501953125,12.760000228881836,-0.002566290301383355,-0.21727220461745622,-0.8945200103367973,0
2014-09-10,8094.10009765625,12.930000305175781,-0.007244435632928195,-0.5647989772711585,-0.8764876649530182,0
2014-09-11,8085.7001953125,12.520000457763672,-0.0010383197500981691,-0.10376340214023905,-0.9199774034108308,0
2014-09-12,8105.5,12.369999885559082,0.0024457500763813006,0.15505872857298433,-0.9358883499511177,0
2014-09-15,8042.0,13.260000228881836,-0.00786503512440859,-0.6109016361454798,-0.84148372418655,0
2014-09-16,7932.89990234375,13.279999732971191,-0.013659152116613792,-1.0413309272368076,-0.8393623253430579,0
2014-09-17,7975.5,12.949999809265137,0.005355686271897236,0.37123002360239626,-0.874366266109526,0
2014-09-18,8114.75,12.329999923706055,0.01730905071438062,1.259213160645721,-0.9401312487967899,0
2014-09-19,8121.4501953125,11.890000343322754,0.0008253403644006908,0.03468287069099439,-0.9868031360991848,0
2014-09-22,8146.2998046875,11.569999694824219,0.003055078754324302,0.20032410917221224,-1.0207464280232508,0
2014-09-23,8017.5498046875,12.40999984741211,-0.01593094790039912,-1.2100964958358675,-0.9316454511054454,0
2014-09-24,8002.39990234375,12.539999961853027,-0.0018913800776086584,-0.1671349482312904,-0.9178560045673386,0
2014-09-25,7911.85009765625,13.300000190734863,-0.011379836545715916,-0.8720067339775334,-0.8372408253408778,0
2014-09-26,7968.85009765625,12.930000305175781,0.007178555614569579,0.506646060243374,-0.8764876649530182,0
2014-09-29,7958.89990234375,13.390000343322754,-0.0012494164721180694,-0.11944520706978487,-0.8276942776484433,0
2014-09-30,7964.7998046875,13.149999618530273,0.0007410215869771875,0.028419056611832517,-0.8531517718811646,0
2014-10-01,7945.5498046875,13.0,-0.0024198097296141007,-0.20639055884639004,-0.8690626172627637,0
2014-10-07,7852.39990234375,14.460000038146973,-0.01179279382430551,-0.90268421406871,-0.7141966576576945,0
2014-10-08,7842.7001953125,14.109999656677246,-0.001236017381957707,-0.11844982487664787,-0.7513220984263426,0
2014-10-09,7960.5498046875,13.15999984741211,0.014914880678345798,1.0813567395984893,-0.8520910218800747,0
2014-10-10,7859.9501953125,14.329999923706055,-0.012717798464841716,-0.9714003087243436,-0.7279861041958012,0
2014-10-13,7884.25,14.5,0.0030868286329098203,0.2026827218391959,-0.7099537588120222,0
2014-10-14,7864.0,14.59000015258789,-0.0025717157348472356,-0.21767524540570107,-0.7004072111195876,0
2014-10-16,7748.2001953125,16.43000030517578,-0.01483479931274002,-1.128666579913977,-0.5052336619012879,0
2014-10-17,7779.7001953125,16.399999618530273,0.004057218608794233,0.27477037039098856,-0.508415911904558,0
2014-10-20,7879.39990234375,14.1899995803833,0.01273394430406019,0.9193408709576032,-0.7428363007349981,0
2014-10-21,7927.75,13.329999923706055,0.006117516281268019,0.4278243159348961,-0.8340586764962956,0
2014-10-22,7995.89990234375,13.029999732971191,0.008559635367284744,0.6092427423092514,-0.8658804684181814,0
2014-10-27,7991.7001953125,13.520000457763672,-0.0005253705499506886,-0.06565779245331536,-0.8139048311103364,0
2014-10-28,8027.60009765625,13.319999694824219,0.004482088703870871,0.3063328214211913,-0.8351194264973856,0
2014-10-29,8090.4501953125,13.010000228881836,0.007798761644535693,0.5527194899252417,-0.8680018672616736,0
2014-10-30,8169.2001953125,13.270000457763672,0.009686630877276963,0.6929641927186324,-0.8404229741854601,0
2014-10-31,8322.2001953125,13.300000190734863,0.01855565765600878,1.3518202210272066,-0.8372408253408778,0
2014-11-03,8324.150390625,13.739999771118164,0.00023430905306898972,-0.009223247996550454,-0.7905689380384829,0
2014-11-05,8338.2998046875,13.760000228881836,0.0016983597607461473,0.09953712206069915,-0.7884474380363029,0
2014-11-07,8337.0,14.109999656677246,-0.0001558958106129228,-0.038210512679148975,-0.7513220984263426,0
2014-11-10,8344.25,13.930000305175781,0.0008692394702429653,0.03794401661411837,-0.7704150926525238,0
2014-11-11,8362.650390625,14.800000190734863,0.0022027303251594033,0.13700544808514578,-0.6781319668901363,0
2014-11-12,8383.2998046875,14.4399995803833,0.0024661992049072835,0.1565778390615567,-0.7163181576598745,0
2014-11-13,8357.849609375,13.800000190734863,-0.0030404381788521184,-0.2524953689142585,-0.7842045391906306,0
2014-11-14,8389.900390625,13.970000267028809,0.00382747776597414,0.2577035441182693,-0.7661721938068515,0
2014-11-17,8430.75,14.40999984741211,0.004857088011971049,0.33419050647698895,-0.7195003065044567,0
2014-11-18,8425.900390625,14.069999694824219,-0.0005753942089820699,-0.0693739148795001,-0.7555649972720149,0
2014-11-19,8382.2998046875,14.350000381469727,-0.005188025276412326,-0.4120338099231805,-0.7258646041936212,0
2014-11-20,8401.900390625,14.170000076293945,0.002335600698223698,0.1468760289798781,-0.7449576995784902,0
2014-11-21,8477.349609375,13.850000381469727,0.008939937646133834,0.6374943707291894,-0.7789008903438683,0
2014-11-24,8530.150390625,13.020000457763672,0.006209137249718906,0.43463059004922094,-0.8669411172605836,0
2014-11-25,8463.099609375,13.529999732971191,-0.007891501533809672,-0.6128677541668394,-0.8128441822679343,0
2014-11-26,8475.75,12.989999771118164,0.0014936543234813655,0.08433010840133467,-0.8701233672638538,0
2014-11-27,8494.2001953125,12.739999771118164,0.002174455713767457,0.1349050036250683,-0.8966415103389773,0
2014-11-28,8588.25,12.899999618530273,0.011011389339421218,0.7913769183324053,-0.8796699149562883,0
2014-12-01,8555.900390625,13.199999809265137,-0.0037738408764703764,-0.30697787308960983,-0.8478481230344024,0
2014-12-02,8524.7001953125,12.399999618530273,-0.0036532942570473856,-0.2980227905444184,-0.9327062011065355,0
2014-12-03,8537.650390625,12.369999885559082,0.0015179851960037325,0.0861375831598742,-0.9358883499511177,0
2014-12-04,8564.400390625,12.449999809265137,0.003128282351293758,0.20576220653739957,-0.9274025522597732,0
2014-12-05,8538.2998046875,11.949999809265137,-0.003052220515157543,-0.2533706468332522,-0.9804388384100203,0
2014-12-08,8438.25,12.210000038146973,-0.01178696074088962,-0.902250890067321,-0.9528599453338067,0
2014-12-09,8340.7001953125,12.5,-0.01162777201814715,-0.89042519010787,-0.9220989034130108,0
2014-12-10,8355.650390625,12.239999771118164,0.001790834377979736,0.10640681143586077,-0.9496777964892245,0
2014-12-11,8292.900390625,12.770000457763672,-0.0075382293595515236,-0.5866241191603679,-0.8934592603357072,0
2014-12-12,8224.099609375,13.75,-0.008330953463077941,-0.6455134502475578,-0.789508188037393,0
2014-12-15,8219.599609375,14.020000457763672,-0.0005473221143822177,-0.06728851484454768,-0.7608685449600893,0
2014-12-16,8067.60009765625,16.309999465942383,-0.01866544617437457,-1.4132349818452343,-0.5179624595969926,0
2014-12-17,8029.7998046875,16.93000030517578,-0.004696455660811477,-0.3755164317877795,-0.4521973757510408,0
2014-12-18,8159.2998046875,14.600000381469727,0.015998760320407486,1.1618752287122853,-0.6993464611184976,0
2014-12-19,8225.2001953125,14.510000228881836,0.008044279165652847,0.5709583229876608,-0.7088930088109322,0
2014-12-22,8324.0,14.210000038146973,0.01194027232053888,0.8603811244275098,-0.740714800732818,0
2014-12-23,8267.0,15.300000190734863,-0.006871222260849433,-0.5370739645753885,-0.6250956807398891,0
2014-12-24,8174.10009765625,15.069999694824219,-0.0113010553438477,-0.8661542914194909,-0.6494924249715205,0
2014-12-26,8200.7001953125,14.649999618530273,0.003248909370282162,0.21472326174900275,-0.6940429134304232,0
2014-12-29,8246.2998046875,14.579999923706055,0.005545050916857839,0.3852974112643654,-0.7014679611206777,0
2014-12-30,8248.25,14.859999656677246,0.00023646541975141835,-0.009063057343910998,-0.6717676692009719,0
2014-12-31,8282.7001953125,15.119999885559082,0.004167969146088031,0.2829977284715181,-0.6441887761247582,0
2015-01-02,8395.4501953125,13.800000190734863,0.013520889912634575,0.9778009332728429,-0.7842045391906306,0
2015-01-05,8378.400390625,14.149999618530273,-0.0020329035926431203,-0.17764834765539356,-0.7470791995806704,0
2015-01-06,8127.35009765625,17.420000076293945,-0.030422082918029548,-2.2866037498555114,-0.4002218396018837,0
2015-01-07,8102.10009765625,18.139999389648438,-0.0031116297926513815,-0.2577840014876926,-0.323849660379783,0
2015-01-08,8234.599609375,16.469999313354492,0.01622144246054657,1.1784176830409967,-0.5009908642143036,0
2015-01-09,8284.5,15.960000038146973,0.006041557177687999,0.4221815194311553,-0.555087799206953,0
2015-01-12,8323.0,16.110000610351562,0.004636467736743234,0.31780122251975557,-0.539176852666666,0
2015-01-13,8299.400390625,16.479999542236328,-0.0028394966643650508,-0.23756796690497176,-0.4999301142132136,0
2015-01-14,8277.5498046875,17.25,-0.0026362628028638235,-0.22247027263172706,-0.41825418498566275,0
2015-01-15,8494.150390625,16.15999984741211,0.025830729950324278,1.8922656788067165,-0.5338733049785916,0
2015-01-16,8513.7998046875,17.270000457763672,0.0023106162211340322,0.14501999970458737,-0.41613268498348266,0
2015-01-19,8550.7001953125,17.649999618530273,0.004324820315931695,0.29464977794402253,-0.37582519652894014,0
2015-01-20,8695.599609375,17.270000457763672,0.01680393189462208,1.2216892487540474,-0.41613268498348266,0
2015-01-21,8729.5,17.709999084472656,0.003890988763950604,0.26242160450129026,-0.36946089883977573,0
2015-01-22,8761.400390625,18.56999969482422,0.003647659672542357,0.24434534396708818,-0.27823842191979037,1
2015-01-23,8835.599609375,17.889999389648438,0.008433216854945564,0.5998514527097876,-0.35036780345490665,0
2015-01-27,8910.5,18.09000015258789,0.008441385660836975,0.6004582912209243,-0.3291532080678575,0
2015-01-28,8914.2998046875,19.770000457763672,0.0004263503418490414,0.005042980300369505,-0.15095125423224684,1
2015-01-29,8952.349609375,19.43000030517578,0.0042593170470792705,0.2897837171423087,-0.18701594499980498,1
2015-01-30,8808.900390625,20.170000076293945,-0.016153405638702815,-1.226622279958738,-0.10852226577552426,1
2015-02-02,8797.400390625,20.40999984741211,-0.0013063506955069547,-0.12367469664431041,-0.08306487270149071,1
2015-02-03,8756.5498046875,19.809999465942383,-0.004654298232220474,-0.3723846703602712,-0.14670845654526246,1
2015-02-04,8723.7001953125,20.049999237060547,-0.0037584872121479928,-0.3058372908647724,-0.12125106347122891,1
2015-02-05,8711.7001953125,20.6200008392334,-0.0013765100457609084,-0.12888664514895115,-0.0607895273133515,1
2015-02-06,8661.0498046875,20.690000534057617,-0.005831032408607971,-0.4598010718631751,-0.05336447962309702,1
2015-02-09,8526.349609375,22.020000457763672,-0.015674617197285398,-1.1910543807086427,0.08771203344386543,1
2015-02-10,8565.5498046875,21.190000534057617,0.004586999150377187,0.3141263349416357,-0.00032819347284985124,1
2015-02-11,8627.400390625,20.5,0.007194908616778425,0.5078608805788001,-0.07351832500905615,1
2015-02-12,8711.5498046875,20.15999984741211,0.009706478627223793,0.6944386284179573,-0.10958301577661429,1
2015-02-13,8805.5,20.100000381469727,0.010726817268910518,0.7702368283516379,-0.11594731346577875,1
2015-02-16,8809.349609375,20.829999923706055,0.0004370868354434235,0.0058405653910491495,-0.03851438424258805,1
2015-02-18,8869.099609375,20.90999984741211,0.006759668427262326,0.47552806326083813,-0.030028586551243536,1
2015-02-19,8895.2998046875,20.399999618530273,0.0029497438893496893,0.19249906675087042,-0.08412562270258074,1
2015-02-20,8833.599609375,21.270000457763672,-0.006960437077779418,-0.5437014921965387,0.008157604218494666,1
2015-02-23,8754.9501953125,21.6299991607666,-0.008943311319236858,-0.6910038603092249,0.046343592670857116,1
2015-02-24,8762.099609375,21.549999237060547,0.0008162806567537197,0.034009849496353946,0.037857794979512596,1
2015-02-25,8767.25,20.780000686645508,0.0005876305610850604,0.017024051881458325,-0.04381793193066247,1
2015-02-26,8683.849609375,20.579999923706055,-0.009558254487962844,-0.7366863262539524,-0.06503252731771164,1
2015-02-27,8844.599609375,19.56999969482422,0.018342125395864908,1.3359574865531696,-0.172165849619296,1
2015-03-02,8956.75,15.850000381469727,0.012600378838793266,0.909418653541823,-0.5667557457428797,0
2015-03-03,8996.25,15.489999771118164,0.00440038586730066,0.30026333851769155,-0.6049419365126179,0
2015-03-04,8922.650390625,15.199999809265137,-0.008214792388202198,-0.636884157953592,-0.6357029784334137,0
2015-03-05,8937.75,14.4399995803833,0.0016908482052135402,0.09897910890231058,-0.7163181576598745,0
2015-03-09,8756.75,15.8100004196167,-0.02045904811401918,-1.5464768222188157,-0.570998644588552,0
2015-03-10,8712.0498046875,15.529999732971191,-0.005117729137055929,-0.4068116997258309,-0.6006990376669457,0
2015-03-11,8699.9501953125,15.130000114440918,-0.00138980143838521,-0.12987402678321763,-0.6431280261236682,0
2015-03-12,8776.0,14.75,0.00870342200550124,0.6199242630378097,-0.6834356157368986,0
2015-03-13,8647.75,14.970000267028809,-0.014721551472009752,-1.1202537039108293,-0.6600996215063573,0
2015-03-16,8633.150390625,15.180000305175781,-0.0016896819631506011,-0.15215134045508685,-0.6378243772769059,0
2015-03-17,8723.2998046875,15.130000114440918,0.01038809476984804,0.7450740493907911,-0.6431280261236682,0
2015-03-18,8685.900390625,15.510000228881836,-0.0042965180681336585,-0.345806148973561,-0.6028204365104378,0
2015-03-19,8634.650390625,15.199999809265137,-0.005917842938767325,-0.4662499915184083,-0.6357029784334137,0
2015-03-20,8570.900390625,14.260000228881836,-0.0074104331263360745,-0.5771304824006911,-0.7354111518860558,0
2015-03-23,8550.900390625,14.270000457763672,-0.002336203925268819,-0.2001797096101954,-0.7343504018849657,0
2015-03-24,8542.9501953125,13.670000076293945,-0.0009301819792756467,-0.09573013941911131,-0.7979939857287375,0
2015-03-25,8530.7998046875,13.140000343322754,-0.0014232834235154116,-0.13236131296389209,-0.8542124207235668,0
2015-03-26,8342.150390625,15.15999984741211,-0.022362097108321904,-1.6878491884709563,-0.639945877279086,0
2015-03-27,8341.400390625,14.5,-8.990891811211022e-05,-0.033308524783727735,-0.7099537588120222,0
2015-03-30,8492.2998046875,14.260000228881836,0.017928732765285012,1.3052476653392968,-0.7354111518860558,0
2015-03-31,8491.0,14.489999771118164,-0.00015306856794447524,-0.03800048446274255,-0.7110145088131122,0
2015-04-01,8586.25,13.670000076293945,0.011155307528727893,0.8020682116358985,-0.7979939857287375,0
2015-04-06,8659.900390625,14.569999694824219,0.008541133724940244,0.6078683053054625,-0.7025287111217677,0
2015-04-07,8660.2998046875,14.25,4.6121183134830896e-05,-0.023203216222376408,-0.7364719018871457,0
2015-04-08,8714.400390625,14.350000381469727,0.006227533157299894,0.43599717230320695,-0.7258646041936212,0
2015-04-09,8778.2998046875,14.420000076293945,0.007305870171212896,0.516103914552376,-0.7184395565033667,0
2015-04-10,8780.349609375,14.260000228881836,0.00023348090715570997,-0.009284768718146638,-0.7354111518860558,0
2015-04-13,8834.0,14.489999771118164,0.0060916874846368065,0.4259055644428791,-0.7110145088131122,0
2015-04-16,8706.7001953125,14.949999809265137,-0.014515046525185486,-1.1049130095499806,-0.6622211215085373,0
2015-04-17,8606.0,15.039999961853027,-0.011633232232741262,-0.8908308146922739,-0.6526745738161027,0
2015-04-20,8448.099609375,16.299999237060547,-0.01851811663955681,-1.4022902689038605,-0.5190232095980827,0
2015-04-21,8377.75,17.030000686645508,-0.008362135754524264,-0.6478298984000372,-0.4415900780575162,0
2015-04-22,8429.7001953125,17.209999084472656,0.006181825339152998,0.4326016620315354,-0.42249718499002287,0
2015-04-23,8398.2998046875,18.5,-0.003731926202576211,-0.30386414525241556,-0.28566346961004485,1
2015-04-24,8305.25,19.110000610351562,-0.011141436198728826,-0.8542966165450365,-0.22095913576518306,1
2015-04-27,8213.7998046875,18.739999771118164,-0.011072202173819238,-0.8491534079592721,-0.2602060765360113,1
2015-04-28,8285.599609375,17.40999984741211,0.008703378361128562,0.6199210208153249,-0.4012825896029737,0
2015-04-29,8239.75,17.239999771118164,-0.0055490174921902485,-0.43885094594853397,-0.41931493498675276,0
2015-04-30,8181.5,17.229999542236328,-0.007094495768480639,-0.5536603499967498,-0.42037568498784283,0
2015-05-04,8331.9501953125,17.309999465942383,0.018222037975143816,1.3270365166384261,-0.4118898872964983,0
2015-05-05,8324.7998046875,17.360000610351562,-0.0008585577695799613,-0.09040937046574625,-0.40658613729104814,0
2015-05-06,8097.0,19.670000076293945,-0.027745365388399824,-2.0877576391745882,-0.16155855192577143,1
2015-05-07,8057.2998046875,19.649999618530273,-0.004915134139810429,-0.3917614649514307,-0.1636800519279515,1
2015-05-08,8191.5,19.110000610351562,0.01651854271401412,1.2004884578726285,-0.22095913576518306,1
2015-05-11,8325.25,18.6299991607666,0.016196034167464263,1.1765301696210968,-0.2718741242306259,1
2015-05-12,8126.9501953125,20.549999237060547,-0.024107341992543527,-1.8174987138959473,-0.06821477732098175,1
2015-05-13,8235.4501953125,20.690000534057617,0.013262307208340643,0.958591523064618,-0.05336447962309702,1
2015-05-14,8224.2001953125,20.700000762939453,-0.0013669794296785854,-0.12817864143941327,-0.05230372962200699,1
2015-05-15,8262.349609375,19.81999969482422,0.004627952191887896,0.3171686257081498,-0.14564770654417242,1
2015-05-18,8373.650390625,17.899999618530273,0.013380913913783618,0.9674024946434069,-0.3493070534538166,0
2015-05-19,8365.650390625,18.270000457763672,-0.0009558345015271625,-0.09763579596389263,-0.31006011268298833,0
2015-05-20,8423.25,17.719999313354492,0.006861656693210339,0.48310449588563564,-0.36840014883868566,0
2015-05-21,8421.0,17.40999984741211,-0.0002671534812630433,-0.04647554432604668,-0.4012825896029737,0
2015-05-22,8458.9501953125,16.950000762939453,0.004496489481834225,0.3074026162938645,-0.45007587574886077,0
2015-05-25,8370.25,16.93000030517578,-0.010541322896106728,-0.809715821271209,-0.4521973757510408,0
2015-05-26,8339.349609375,17.06999969482422,-0.003698523791285403,-0.3013827703971986,-0.43734728037053183,0
2015-05-27,8334.599609375,17.280000686645508,-0.0005697510609127147,-0.06895470066165058,-0.41507193498239264,0
2015-05-28,8319.0,17.1299991607666,-0.0018734224796336696,-0.16580092681327696,-0.4309829826813674,0
2015-05-29,8433.650390625,16.65999984741211,0.01368764678319723,0.9901888504787698,-0.48083701882834445,0
2015-06-01,8433.400390625,16.90999984741211,-2.9643593685729908e-05,-0.02883157671638069,-0.4543188757532209,0
2015-06-02,8236.4501953125,16.81999969482422,-0.02363060893126965,-1.7820835032814621,-0.46386542344565546,0
2015-06-03,8135.10009765625,17.510000228881836,-0.012381404397236432,-0.9464105026431993,-0.3906752919094491,0
2015-06-04,8130.64990234375,18.1200008392334,-0.0005471860103022912,-0.06727840404031017,-0.32597095806458737,0
2015-06-05,8114.7001953125,18.09000015258789,-0.001963603376990351,-0.1725002219382176,-0.3291532080678575,0
2015-06-08,8044.14990234375,18.889999389648438,-0.008732148739867544,-0.6753171630151895,-0.2442952311544123,1
2015-06-09,8022.39990234375,18.010000228881836,-0.0027074902267056862,-0.22776156543643897,-0.33763900575920197,0
2015-06-10,8124.4501953125,17.079999923706055,0.012640440848079765,0.9123947519326703,-0.4362865303694418,0
2015-06-11,7965.35009765625,17.809999465942383,-0.019777160752925255,-1.495821253158915,-0.35885360114625114,0
2015-06-12,7982.89990234375,17.479999542236328,0.0022008448289133065,0.13686537966511653,-0.3938575419127192,0
2015-06-15,8013.89990234375,17.520000457763672,0.0038757800540692557,0.2612917905500965,-0.3896145419083591,0
2015-06-16,8047.2998046875,17.170000076293945,0.0041590853857635356,0.28233777792791637,-0.42673998267700725,0
2015-06-17,8091.5498046875,16.729999542236328,0.005483675969067097,0.38073803227635467,-0.47341197113808997,0
2015-06-18,8174.60009765625,16.020000457763672,0.010211514727058937,0.731956395270096,-0.5487234003591006,0
2015-06-19,8224.9501953125,15.09000015258789,0.006140443483030782,0.4295275157865266,-0.6473709249693405,0
2015-06-22,8353.099609375,15.489999771118164,0.015460439332762258,1.1218848175066718,-0.6049419365126179,0
2015-06-23,8381.5498046875,15.039999961853027,0.003400157603319678,0.22595908418971888,-0.6526745738161027,0
2015-06-24,8360.849609375,15.920000076293945,-0.0024727884395158908,-0.21032620401486665,-0.5593306980526251,0
2015-06-25,8398.0,15.930000305175781,0.004433532413488122,0.30272570584592967,-0.5582699480515352,0
2015-06-26,8381.099609375,15.760000228881836,-0.0020144580738723343,-0.17627807992020592,-0.5763022934353143,0
2015-06-29,8318.400390625,17.299999237060547,-0.007509148581665224,-0.5844637867703206,-0.41295063729758835,0
2015-06-30,8368.5,16.93000030517578,0.006004681365091595,0.4194421149808068,-0.4521973757510408,0
2015-07-01,8453.0498046875,15.850000381469727,0.010052642911917523,0.720154237519794,-0.5667557457428797,0
2015-07-02,8444.900390625,15.5600004196167,-0.000964544764320111,-0.09828285784480247,-0.5975167876636756,0
2015-07-03,8484.900390625,16.309999465942383,0.004725404031422576,0.3244080594756917,-0.5179624595969926,0
2015-07-06,8522.150390625,16.020000457763672,0.004380543110671768,0.29878927375846054,-0.5487234003591006,0
2015-07-07,8510.7998046875,16.309999465942383,-0.001332779992604704,-0.12563805769296205,-0.5179624595969926,0
2015-07-08,8363.0498046875,17.790000915527344,-0.017512752525573723,-1.327604486160336,-0.36097489883105544,0
2015-07-09,8328.5498046875,17.440000534057617,-0.004133821795005965,-0.3337198825761506,-0.3981003395997036,0
2015-07-10,8360.5498046875,17.06999969482422,0.0038348430969963264,0.2582506946529923,-0.43734728037053183,0
2015-07-13,8459.650390625,16.270000457763672,0.011783656733947193,0.8487465757980635,-0.522205257283977,0
2015-07-14,8454.099609375,16.010000228881836,-0.000656363189627265,-0.07538888160978605,-0.5497841503601907,0
2015-07-15,8523.7998046875,15.569999694824219,0.008210743295109776,0.5833244932480599,-0.5964561388212734,0
2015-07-16,8608.0498046875,14.779999732971191,0.009835561378738018,0.7040278371448663,-0.6802534668923164,0
2015-07-17,8609.849609375,14.800000190734863,0.00020906205231804127,-0.011098779445092544,-0.6781319668901363,0
2015-07-20,8603.4501953125,14.960000038146973,-0.0007435430080160121,-0.08186523468947375,-0.6611603715074472,0
2015-07-21,8529.4501953125,15.100000381469727,-0.008638404295993872,-0.668353141651006,-0.6463101749682504,0
2015-07-22,8633.5,15.130000114440918,0.012125080858812433,0.8741100512378803,-0.6431280261236682,0
2015-07-23,8589.7998046875,15.520000457763672,-0.005074554770036643,-0.4036043926910527,-0.6017596865093477,0
2015-07-24,8521.5498046875,15.460000038146973,-0.00797720384261551,-0.6192343470530054,-0.6081240853572001,0
2015-07-27,8361.0,16.3700008392334,-0.019020189089775028,-1.439587874236069,-0.5115979595904524,0
2015-07-28,8337.0,15.920000076293945,-0.002874597739444469,-0.24017553090191954,-0.5593306980526251,0
2015-07-29,8375.0498046875,15.880000114440918,0.0045535850933296085,0.31164409495462425,-0.5635735968982974,0
2015-07-30,8421.7998046875,15.329999923706055,0.005566534416230723,0.3868933623674708,-0.621913531895307,0
2015-07-31,8532.849609375,14.569999694824219,0.013099815871268341,0.9465204808128644,-0.7025287111217677,0
2015-08-03,8543.0498046875,15.390000343322754,0.0011946892258352072,0.06212079933594945,-0.6155491330474546,0
2015-08-04,8516.900390625,14.829999923706055,-0.0030655933038692055,-0.2543640751628525,-0.6749498180455541,0
2015-08-05,8567.9501953125,14.670000076293945,0.005976049525257857,0.41731513298530065,-0.6919214134282431,0
2015-08-06,8588.650390625,14.729999542236328,0.0024130893825477714,0.15263245390296487,-0.6855571157390786,0
2015-08-07,8564.599609375,14.90999984741211,-0.0028042262557410207,-0.2349478235766672,-0.6664640203542096,0
2015-08-10,8525.599609375,15.470000267028809,-0.004564027276617137,-0.3656786850515947,-0.6070633353561101,0
2015-08-11,8462.349609375,15.890000343322754,-0.00744648944425946,-0.5798090088066999,-0.5625128468972074,0
2015-08-12,8349.4501953125,17.450000762939453,-0.013431174840318333,-1.0243951115546601,-0.3970395895986136,0
2015-08-13,8355.849609375,17.020000457763672,0.0007661537895581861,0.030286060014603947,-0.4426508280586063,0
2015-08-14,8518.5498046875,16.020000457763672,0.01928427002460754,1.4059468646069346,-0.5487234003591006,0
2015-08-17,8477.2998046875,16.459999084472656,-0.004854135797220708,-0.3872300629459205,-0.5020516142153937,0
2015-08-18,8466.5498046875,16.360000610351562,-0.001268897173926015,-0.12089237575492463,-0.5126587095915425,0
2015-08-19,8495.150390625,16.68000030517578,0.00337237573051901,0.22389524394782037,-0.4787155188261644,0
2015-08-20,8372.75,16.979999542236328,-0.014513073495647132,-1.1047664385182534,-0.4468938280629664,0
2015-08-21,8299.9501953125,17.110000610351562,-0.008732870680242016,-0.6753707940143584,-0.4331042803661717,0
2015-08-24,7809.0,28.1299991607666,-0.0609725995392517,-4.5561190581305935,0.7358153126240703,1
2015-08-25,7880.7001953125,26.850000381469727,0.009139842514835898,0.6523447631249402,0.6000425495625581,1
2015-08-26,7791.85009765625,25.520000457763672,-0.011338429020653107,-0.8689306808563056,0.4589660364955956,1
2015-08-27,7948.9501953125,22.040000915527344,0.019961540867943228,1.4562594850400363,0.08983353344604549,1
2015-08-28,8001.9501953125,23.329999923706055,0.006645417343079588,0.46704065901315917,0.2266670465086478,1
2015-08-31,7971.2998046875,24.600000381469727,-0.0038377197180878234,-0.31172325958251673,0.36137926188644576,1
2015-09-01,7785.85009765625,28.719999313354492,-0.02353957047024599,-1.775320502069513,0.798398146466752,1
2015-09-02,7717.0,26.649999618530273,-0.008882308721944062,-0.6864721422333228,0.5788279541755089,1
2015-09-03,7823.0,24.1200008392334,0.01364242522747763,0.9868294633285586,0.31046447573837865,1
2015-09-04,7655.0498046875,26.420000076293945,-0.021702577450189775,-1.6388552556089682,0.5544313111025654,1
2015-09-07,7558.7998046875,26.350000381469727,-0.012653113658095735,-0.9665950492603893,0.5470062634123108,1
2015-09-08,7688.25,24.56999969482422,0.016980767754825463,1.2348259068590297,0.35819701188317565,1
2015-09-09,7818.60009765625,24.299999237060547,0.016812333537542277,1.2223133840987441,0.329557368805872,1
2015-09-10,7788.10009765625,24.75,-0.003908582653268309,-0.3169874755097099,0.3772901072680448,1
2015-09-11,7789.2998046875,24.979999542236328,0.00015403174356981987,-0.015186832346837431,0.4016867503409883,1
2015-09-14,7872.25,24.31999969482422,0.010592945398427487,0.760291848920501,0.3316788688080521,1
2015-09-15,7829.10009765625,23.739999771118164,-0.00549634403468119,-0.43493797715528143,0.2701567849664604,1
2015-09-16,7899.14990234375,22.0,0.008907573043561995,0.6350900918787294,0.08559053344168535,1
2015-09-18,7981.89990234375,18.290000915527344,0.010421319740291772,0.7475422426450635,-0.3079386126808083,0
2015-09-21,7977.10009765625,18.18000030517578,-0.0006015169913181517,-0.07131450577495134,-0.3196066603754229,0
2015-09-22,7812.0,20.350000381469727,-0.020913936119176794,-1.5802692226569404,-0.08942917039065515,1
2015-09-23,7845.9501953125,20.690000534057617,0.004336486972064778,0.2955164622956718,-0.05336447962309702,1
2015-09-24,7868.5,20.8799991607666,0.0028699470722847766,0.18657117688485605,-0.03321083655451364,1
2015-09-28,7795.7001953125,21.670000076293945,-0.009295122372462671,-0.7171389525833018,0.05058659267521725,1
2015-09-29,7843.2998046875,21.56999969482422,0.006087314580231289,0.42558071319361895,0.03997929498169266,1
2015-09-30,7948.89990234375,19.6299991607666,0.01337390276102144,0.9668816550543519,-0.16580155193013157,1
2015-10-01,7950.89990234375,19.239999771118164,0.0002515754959328041,-0.007940570623701624,-0.2071697903857641,1
2015-10-05,8119.2998046875,19.1299991607666,0.02095880198216427,1.5303433178319146,-0.21883783808037874,1
2015-10-06,8152.89990234375,19.309999465942383,0.004129760698013392,0.28015932613332034,-0.19974474269550963,1
2015-10-07,8177.39990234375,19.34000015258789,0.003000559533489925,0.19627402361022547,-0.19656249269223952,1
2015-10-08,8129.35009765625,19.559999465942383,-0.00589325816039762,-0.4644236547807232,-0.17322659962038606,1
2015-10-09,8189.7001953125,18.93000030517578,0.007396309429230271,0.522822402592506,-0.24005223115005214,1
2015-10-12,8143.60009765625,19.1200008392334,-0.005644936325841478,-0.44597649685238144,-0.219898385764093,1
2015-10-13,8131.7001953125,18.020000457763672,-0.0014623268695636497,-0.13526174504472752,-0.33657825575811195,0
2015-10-14,8107.89990234375,17.719999313354492,-0.002931144839264699,-0.2443762621128419,-0.36840014883868566,0
2015-10-15,8179.5,17.170000076293945,0.008792141080753622,0.6265149633496145,-0.42673998267700725,0
2015-10-16,8238.150390625,16.270000457763672,0.007144827515608405,0.5041404909313897,-0.522205257283977,0
2015-10-19,8275.0498046875,16.8799991607666,0.00446908837067067,0.30536706180486983,-0.457501125756491,0
2015-10-20,8261.650390625,17.0,-0.0016205672034621203,-0.1470169917602501,-0.4447723280607863,0
2015-10-21,8251.7001953125,16.6200008392334,-0.0012051093404612868,-0.11615375001170763,-0.48507981651532883,0
2015-10-23,8295.4501953125,16.190000534057617,0.005287931868963474,0.3661967321341141,-0.5306910549753215,0
2015-10-26,8260.5498046875,17.229999542236328,-0.004216047634858218,-0.3398282179799071,-0.42037568498784283,0
2015-10-27,8232.900390625,16.540000915527344,-0.003352778179937369,-0.2756982634066291,-0.4935656142066734,0
2015-10-28,8171.2001953125,17.040000915527344,-0.007522568634822207,-0.5854607262478182,-0.4405293280564262,0
2015-10-29,8111.75,17.579999923706055,-0.0073021729802976425,-0.5690881287555275,-0.3832502442191946,0
2015-10-30,8065.7998046875,17.8799991607666,-0.005680751342262694,-0.44863709762198056,-0.35142855345599666,0
2015-11-02,8050.7998046875,19.479999542236328,-0.0018614353765358403,-0.16491043732271635,-0.18171239731173056,1
2015-11-03,8060.7001953125,19.559999465942383,0.0012289844981697455,0.06466850242489264,-0.17322659962038606,1
2015-11-04,8040.2001953125,19.360000610351562,-0.0025464428174963505,-0.21579778868299673,-0.19444099269005946,1
2015-11-05,7955.4501953125,19.290000915527344,-0.010596729858654794,-0.8138318547657297,-0.20186604038031394,1
2015-11-06,7954.2998046875,19.469999313354492,-0.00014461454479229208,-0.03737245793218419,-0.1827731473128206,1
2015-11-09,7915.2001953125,17.040000915527344,-0.004927652224989373,-0.39269139966566624,-0.4405293280564262,0
2015-11-10,7783.35009765625,16.829999923706055,-0.016798136847989233,-1.2745176189259941,-0.4628046734445654,0
2015-11-13,7762.25,17.649999618530273,-0.0027146086971354118,-0.22829037736495947,-0.37582519652894014,0
2015-11-16,7806.60009765625,17.8799991607666,0.005697301642988936,0.39660770620747915,-0.35142855345599666,0
2015-11-17,7837.5498046875,16.969999313354492,0.0039567183391247835,0.26730447698798965,-0.4479545780640564,0
2015-11-18,7731.7998046875,17.420000076293945,-0.013584591382027576,-1.035792011786124,-0.4002218396018837,0
2015-11-19,7842.75,15.84000015258789,0.014247868942778304,1.0318062405533115,-0.5678164957439698,0
2015-11-20,7856.5498046875,15.899999618530273,0.0017580157603643014,0.10396880503491776,-0.5614521980548053,0
2015-11-23,7849.25,17.079999923706055,-0.0009295680963622142,-0.0956845357166667,-0.4362865303694418,0
2015-11-24,7831.60009765625,16.25,-0.0022511419581774496,-0.19386068597929057,-0.5243267572861571,0
2015-11-26,7883.7998046875,16.690000534057617,0.006643152490718722,0.46687240925268214,-0.47765476882507435,0
2015-11-27,7942.7001953125,16.729999542236328,0.007443296061827621,0.5263129125333397,-0.47341197113808997,0
2015-11-30,7935.25,16.43000030517578,-0.000938432954834984,-0.09634308209279138,-0.5052336619012879,0
2015-12-01,7954.89990234375,15.640000343322754,0.0024732192560477395,0.15709933968708364,-0.589030989972331,0
2015-12-02,7931.35009765625,15.489999771118164,-0.0029648056574549755,-0.2468768333182018,-0.6049419365126179,0
2015-12-03,7864.14990234375,16.059999465942383,-0.008508828559286395,-0.6587273103865239,-0.5444806026721162,0
2015-12-04,7781.89990234375,16.09000015258789,-0.010513932743920033,-0.8076810808949856,-0.5412983526688461,0
2015-12-07,7765.39990234375,15.869999885559082,-0.0021225558652615325,-0.18430837267728786,-0.5646343468993875,0
2015-12-08,7701.7001953125,15.970000267028809,-0.008236846826399094,-0.6385225225588076,-0.5540270492058629,0
2015-12-09,7612.5,16.729999542236328,-0.011649476035916928,-0.8920375229266666,-0.47341197113808997,0
2015-12-10,7683.2998046875,16.290000915527344,0.009257483913935133,0.6610840247044693,-0.5200837572817969,0
2015-12-11,7610.4501953125,17.18000030517578,-0.009526788440796045,-0.7343487986559297,-0.42567923267591723,0
2015-12-14,7650.0498046875,17.799999237060547,0.0051898297247641055,0.35890898899066703,-0.35991435114734116,0
2015-12-15,7700.89990234375,17.34000015258789,0.006625034231155874,0.4655264527195406,-0.4087076372932282,0
2015-12-16,7750.89990234375,16.729999542236328,0.006471760590641962,0.4541401682316464,-0.47341197113808997,0
2015-12-17,7844.35009765625,14.220000267028809,0.011984586823973591,0.8636731291150449,-0.739654050731728,0
2015-12-18,7761.9501953125,14.489999771118164,-0.010559923429662535,-0.811097604635804,-0.7110145088131122,0
2015-12-21,7834.4501953125,14.229999542236328,0.009297083993681328,0.664025807598264,-0.7385934018893259,0
2015-12-22,7786.10009765625,14.479999542236328,-0.006190595230165718,-0.48651202205525873,-0.7120752588142022,0
2015-12-23,7865.9501953125,13.649999618530273,0.010203237135106905,0.7313414753365411,-0.8001154857309175,0
2015-12-24,7861.0498046875,13.75,-0.0006231818889286995,-0.07292393246285209,-0.789508188037393,0
2015-12-28,7925.14990234375,14.399999618530273,0.008121074246974173,0.5766632220183341,-0.7205610565055468,0
2015-12-29,7928.9501953125,14.239999771118164,0.0004794082310730862,0.008984507486691632,-0.7375326518882358,0
2015-12-30,7896.25,14.350000381469727,-0.004132679706995248,-0.3336350399446542,-0.7258646041936212,0
2015-12-31,7946.35009765625,13.869999885559082,0.006324752800432643,0.44321935682762653,-0.7767794915003762,0
2016-01-04,7791.2998046875,16.84000015258789,-0.019705014523420224,-1.4904617047648216,-0.46174392344347537,0
2016-01-05,7784.64990234375,16.700000762939453,-0.0008538680302466864,-0.09006098240604012,-0.47659401882398433,0
2016-01-06,7741.0,16.549999237060547,-0.005622955254962513,-0.44434358250691874,-0.4925050665229591,0
2016-01-07,7568.2998046875,18.959999084472656,-0.022562432473354942,-1.7027315612755958,-0.2368701834641578,1
2016-01-08,7601.35009765625,17.799999237060547,0.004357430194614917,0.2970722776938682,-0.35991435114734116,0
2016-01-11,7563.85009765625,18.690000534057617,-0.00494554321070581,-0.3940204726390306,-0.2655096242240857,1
2016-01-12,7510.2998046875,18.709999084472656,-0.007104947023205757,-0.5544367454627716,-0.2633883265392814,1
2016-01-13,7562.39990234375,18.350000381469727,0.00691320150571891,0.4869336206922881,-0.30157431499164383,1
2016-01-14,7536.7998046875,18.610000610351562,-0.0033909243778356985,-0.2785320413474777,-0.2739954219154302,1
2016-01-15,7437.7998046875,19.420000076293945,-0.013222582904531205,-1.008899380424445,-0.18807669500089502,1
2016-01-18,7351.0,20.229999542236328,-0.01173872154132596,-0.8986673303119809,-0.10215796808635981,1
2016-01-19,7435.10009765625,18.43000030517578,0.011375684463334866,0.8184394184761072,-0.29308851730029933,1
2016-01-20,7309.2998046875,20.969999313354492,-0.017064559633827973,-1.2943094476021184,-0.02366428886207909,1
2016-01-21,7276.7998046875,20.809999465942383,-0.004456304927870771,-0.3576762829137075,-0.04063588424476812,1
2016-01-22,7422.4501953125,18.81999969482422,0.019818039378412727,1.4455991472366647,-0.25172027884466674,1
2016-01-25,7436.14990234375,18.270000457763672,0.0018440109866640082,0.11035715797000986,-0.31006011268298833,0
2016-01-27,7437.75,19.059999465942383,0.00021515509354344282,-0.010646143880645359,-0.22626288577063322,1
2016-01-28,7424.64990234375,17.899999618530273,-0.0017628513745914778,-0.1575868982697522,-0.3493070534538166,0
2016-01-29,7563.5498046875,17.239999771118164,0.018535098493895702,1.350292936440846,-0.41931493498675276,0
2016-02-01,7555.9501953125,17.889999389648438,-0.001005272663116682,-0.10130842336759587,-0.35036780345490665,0
2016-02-02,7455.5498046875,18.040000915527344,-0.013376662920665904,-1.0203455683777467,-0.33445675575593187,0
2016-02-03,7361.7998046875,18.59000015258789,-0.012654253761286621,-0.9666797444449851,-0.2761169219176103,1
2016-02-04,7404.0,18.209999084472656,0.00571595318480905,0.39799327883816515,-0.31642461268952854,0
2016-02-05,7489.10009765625,18.110000610351562,0.011428248424226505,0.8223442530615976,-0.3270317080656774,0
2016-02-08,7387.25,20.260000228881836,-0.013693101923425259,-1.0438529666257612,-0.0989757180830897,1
2016-02-09,7298.2001953125,21.729999542236328,-0.012127772043135017,-0.9275688405710383,0.056950890364381695,1
2016-02-10,7215.7001953125,22.469999313354492,-0.011368534484495037,-0.8711671343964897,0.1354445695886624,1
2016-02-11,6976.35009765625,25.969999313354492,-0.03373336331978199,-2.5325898212186413,0.5066985726403926,1
2016-02-12,6980.9501953125,24.670000076293945,0.0006591672782349067,0.022338321250066663,0.36880430957670024,1
2016-02-15,7162.9501953125,22.3799991607666,0.02573689591661371,1.8852950020556924,0.12589802189622787,1
2016-02-16,7048.25,23.040000915527344,-0.01614257549907488,-1.225817738157331,0.19590610574653983,1
2016-02-17,7108.4501953125,21.829999923706055,0.008504885651830765,0.605175533924952,0.06755818805790628,1
2016-02-18,7191.75,21.489999771118164,0.011650291007518507,0.8388391964407248,0.03149349729034815,1
2016-02-19,7210.75,20.920000076293945,0.002638432358562314,0.16937257453719362,-0.028967836550153503,1
2016-02-22,7234.5498046875,21.020000457763672,0.0032951654232690796,0.21815949890517797,-0.01836053885662892,1
2016-02-23,7109.5498046875,23.84000015258789,-0.017429210300505937,-1.3213983600568253,0.280764082659985,1
2016-02-24,7018.7001953125,22.959999084472656,-0.0128608796700014,-0.982029424737746,0.18742010573781956,1
2016-02-25,6970.60009765625,22.75,-0.006876725240095017,-0.5374827660301664,0.1651449626670561,1
2016-02-26,7029.75,21.8700008392334,0.008449825021575584,0.6010852285204077,0.07180118806226642,1
2016-02-29,6987.0498046875,20.15999984741211,-0.006092735574228962,-0.47924229270944724,-0.10958301577661429,1
2016-03-01,7222.2998046875,18.670000076293945,0.03311502695088197,2.43339641508055,-0.2676311242262658,1
2016-03-02,7368.85009765625,18.989999771118164,0.02008823459754814,1.465671219786318,-0.2336879334608877,1
2016-03-03,7475.60009765625,18.040000915527344,0.014382727390574045,1.041824510146502,-0.33445675575593187,0
2016-03-04,7485.35009765625,17.8799991607666,0.0013033933343828406,0.07019613375598588,-0.35142855345599666,0
2016-03-08,7485.2998046875,18.469999313354492,-6.718875810813698e-06,-0.027128561386064863,-0.28884571961331496,1
2016-03-09,7531.7998046875,17.510000228881836,0.006192960002448895,0.43342882607317296,-0.3906752919094491,0
2016-03-10,7486.14990234375,17.899999618530273,-0.006079397498643517,-0.4782514431241715,-0.3493070534538166,0
2016-03-11,7510.2001953125,17.100000381469727,0.0032074889464729544,0.21164625041476764,-0.43416503036726173,0
2016-03-14,7538.75,17.100000381469727,0.0037942631968658764,0.25523612355109626,-0.43416503036726173,0
2016-03-15,7460.60009765625,17.600000381469727,-0.010420532757604035,-0.8007426483517666,-0.3811287442170146,0
2016-03-16,7498.75,17.110000610351562,0.005100486959710426,0.35227195644922393,-0.4331042803661717,0
2016-03-17,7512.5498046875,16.84000015258789,0.0018385894298917032,0.10995440517070429,-0.46174392344347537,0
2016-03-18,7604.35009765625,16.3799991607666,0.012145535400108631,0.8756295638265225,-0.5105374119067382,0
2016-03-21,7704.25,16.329999923706055,0.013051659829120443,0.9429430985971844,-0.5158409595948126,0
2016-03-22,7714.89990234375,16.43000030517578,0.0013813866658977931,0.0759900475549296,-0.5052336619012879,0
2016-03-23,7716.5,16.350000381469727,0.000207382048564695,-0.011223582383237634,-0.5137194595926325,0
2016-03-28,7615.10009765625,17.489999771118164,-0.013227762297457975,-1.009284143526183,-0.3927967919116292,0
2016-03-29,7597.0,17.639999389648438,-0.0023796985402065656,-0.20341080699727448,-0.3768859465300302,0
2016-03-30,7735.2001953125,16.809999465942383,0.018027932915947852,1.3126169764152384,-0.46492617344674547,0
2016-03-31,7738.39990234375,16.579999923706055,0.0004135698294723892,0.00409355057890082,-0.489322816519689,0
2016-04-01,7713.0498046875,17.280000686645508,-0.0032812610960895605,-0.27038545254296453,-0.41507193498239264,0
2016-04-04,7758.7998046875,17.450000762939453,0.005913983718554631,0.4127044319559255,-0.3970395895986136,0
2016-04-05,7603.2001953125,17.829999923706055,-0.020258420894693874,-1.5315727683476235,-0.35673210114407106,0
2016-04-06,7614.35009765625,17.350000381469727,0.0014654006885952725,0.08223122222918203,-0.40764688729213816,0
2016-04-07,7546.4501953125,16.93000030517578,-0.008957357794121351,-0.692047334963775,-0.4521973757510408,0
2016-04-08,7555.2001953125,16.43000030517578,0.001158813871706803,0.05945571624116328,-0.5052336619012879,0
2016-04-11,7671.39990234375,16.010000228881836,0.015263021567415073,1.1072191852970463,-0.5497841503601907,0
2016-04-12,7708.9501953125,16.020000457763672,0.0048829015384887434,0.3361081235935445,-0.5487234003591006,0
2016-04-13,7850.4501953125,16.040000915527344,0.018188863004861715,1.3245720377610217,-0.5466019003569206,0
2016-04-18,7914.7001953125,16.950000762939453,0.008150934704248517,0.5788814746828126,-0.45007587574886077,0
2016-04-20,7914.75,17.079999923706055,6.292661701482301e-06,-0.026161969431680754,-0.4362865303694418,0
2016-04-21,7912.0498046875,16.510000228881836,-0.00034121810751646184,-0.0519776052295615,-0.4967478642099435,0
2016-04-22,7899.2998046875,16.3799991607666,-0.0016127659027939515,-0.1464374542188598,-0.5105374119067382,0
2016-04-25,7855.0498046875,16.56999969482422,-0.005617511031739854,-0.44393914587827893,-0.490383566520779,0
2016-04-26,7962.64990234375,16.579999923706055,0.013605234565983467,0.9840666696045649,-0.489322816519689,0
2016-04-27,7979.89990234375,16.350000381469727,0.002164021055994669,0.13412984110177717,-0.5137194595926325,0
2016-04-28,7847.25,16.600000381469727,-0.016762715869970777,-1.2718862902043346,-0.4872013165175089,0
2016-04-29,7849.7998046875,16.540000915527344,0.0003248769344116223,-0.0024952048772284648,-0.4935656142066734,0
2016-05-02,7805.89990234375,17.09000015258789,-0.005608183374211703,-0.4432462194111769,-0.4352257803683518,0
2016-05-03,7747.0,17.459999084472656,-0.007574173857563739,-0.5892943387674013,-0.3959790419148993,0
2016-05-04,7706.5498046875,17.450000762939453,-0.005235080380291306,-0.4155294064104633,-0.3970395895986136,0
2016-05-05,7735.5,17.170000076293945,0.003749531907512104,0.2519131569641172,-0.42673998267700725,0
2016-05-06,7733.4501953125,16.950000762939453,-0.00026502182418547155,-0.046317189283167276,-0.45007587574886077,0
2016-05-09,7866.0498046875,16.610000610351562,0.017000904277695215,1.236321794718307,-0.4861405665164189,0
2016-05-10,7887.7998046875,16.420000076293945,0.0027612316174809364,0.17849499958211254,-0.506294411902378,0
2016-05-11,7848.85009765625,16.959999084472656,-0.004950200558543867,-0.3943664544221043,-0.4490153280651465,0
2016-05-12,7900.39990234375,16.329999923706055,0.006546342052207653,0.4596806234336146,-0.5158409595948126,0
2016-05-13,7814.89990234375,17.0,-0.010881223351540733,-0.8349661074271322,-0.4447723280607863,0
2016-05-16,7860.75,17.030000686645508,0.005849866346159204,0.40794132565622016,-0.4415900780575162,0
2016-05-17,7890.75,16.3700008392334,0.0038091656381104887,0.2563431856330456,-0.5115979595904524,0
2016-05-18,7870.14990234375,16.450000762939453,-0.002614077814670393,-0.2208222098201176,-0.5031121618991079,0
2016-05-19,7783.39990234375,17.059999465942383,-0.011083861385826453,-0.8500195393069304,-0.4384080303716219,0
2016-05-20,7749.7001953125,16.43000030517578,-0.004339090032687426,-0.34896870515734096,-0.5052336619012879,0
2016-05-23,7731.0498046875,16.15999984741211,-0.0024094956185153732,-0.20562435140970298,-0.5338733049785916,0
2016-05-24,7748.85009765625,16.219999313354492,0.0022997953380331686,0.144216145545558,-0.5275090072894272,0
2016-05-25,7934.89990234375,15.520000457763672,0.023726281336622208,1.7359318791695155,-0.6017596865093477,0
2016-05-26,8069.64990234375,15.329999923706055,0.016839359534278495,1.224321072350786,-0.621913531895307,0
2016-05-27,8156.64990234375,15.260000228881836,0.010723434761836886,0.7699855510433312,-0.6293385795855614,0
2016-05-30,8178.5,15.979999542236328,0.002675226223002301,0.17210589128049023,-0.5529664003634608,0
2016-05-31,8160.10009765625,16.049999237060547,-0.0022523239460265896,-0.19394849266194272,-0.5455413526732062,0
2016-06-01,8179.9501953125,15.84000015258789,0.0024296262330994575,0.15386093183487776,-0.5678164957439698,0
2016-06-02,8218.9501953125,15.09000015258789,0.004756425442880727,0.32671255628867407,-0.6473709249693405,0
2016-06-03,8220.7998046875,15.0,0.00022501672869773692,-0.00991354965892451,-0.656917472661775,0
2016-06-06,8201.0498046875,15.359999656677246,-0.0024053331374929024,-0.20531513194484,-0.6187313830507247,0
2016-06-07,8266.4501953125,14.869999885559082,0.007943007071457264,0.5634350928266922,-0.6707069191998818,0
2016-06-08,8273.0498046875,15.140000343322754,0.0007980422292402209,0.03265496601094678,-0.6420672761225782,0
2016-06-09,8203.599609375,15.670000076293945,-0.008430185637149968,-0.6528851402560154,-0.5858488411277488,0
2016-06-10,8170.0498046875,15.970000267028809,-0.004098029802836798,-0.33106099221600666,-0.5540270492058629,0
2016-06-13,8110.60009765625,16.579999923706055,-0.007303144729646939,-0.569160317388256,-0.489322816519689,0
2016-06-14,8108.85009765625,17.190000534057617,-0.00021579029938960387,-0.04265991236836935,-0.4246184826748272,0
2016-06-15,8206.599609375,17.059999465942383,0.011982591110193301,0.863524872932295,-0.4384080303716219,0
2016-06-16,8140.75,17.700000762939453,-0.008056347617289792,-0.6251137241648537,-0.37052144652349,0
2016-06-17,8170.2001953125,17.350000381469727,0.0036110989197415846,0.24162934445741788,-0.40764688729213816,0
2016-06-20,8238.5,17.520000457763672,0.008324876233428225,0.5918031207588039,-0.3896145419083591,0
2016-06-21,8219.900390625,17.260000228881836,-0.0022601974495153427,-0.19453339395572541,-0.41719343498457273,0
2016-06-22,8203.7001953125,18.18000030517578,-0.001972795244488282,-0.17318306093098604,-0.3196066603754229,0
2016-06-23,8270.4501953125,18.020000457763672,0.00810364889252149,0.5753687395330523,-0.33657825575811195,0
2016-06-24,8088.60009765625,18.6299991607666,-0.02223326969761141,-1.678278948322225,-0.2718741242306259,1
2016-06-27,8094.7001953125,18.530000686645508,0.0007538756415223447,0.029373949582230677,-0.28248121960677475,1
2016-06-28,8127.85009765625,17.729999542236328,0.004086897298664459,0.2769751200462935,-0.36733939883759564,0
2016-06-29,8204.0,16.15999984741211,0.009325392253691965,0.666128751723279,-0.5338733049785916,0
2016-06-30,8287.75,16.290000915527344,0.010156680759383653,0.7278829280159917,-0.5200837572817969,0
2016-07-01,8328.349609375,15.739999771118164,0.004886789454209853,0.3363969463442607,-0.5784237934374943,0
2016-07-04,8370.7001953125,15.579999923706055,0.005072225932684971,0.3501725211350174,-0.5953953888201833,0
2016-07-05,8335.9501953125,15.359999656677246,-0.00416002601386157,-0.3356665231705317,-0.6187313830507247,0
2016-07-07,8337.900390625,15.3100004196167,0.0002339226096985007,-0.009251955830070263,-0.6240349307387991,0
2016-07-08,8323.2001953125,15.079999923706055,-0.0017646132140196943,-0.15771778055899907,-0.6484316749704305,0
2016-07-11,8467.900390625,14.850000381469727,0.01723577043083921,1.2537693664423706,-0.6728283180433741,0
2016-07-12,8521.0498046875,14.779999732971191,0.006256959594241648,0.43818318277024143,-0.6802534668923164,0
2016-07-13,8519.5,15.329999923706055,-0.0001818960901539572,-0.04014200317305501,-0.621913531895307,0
2016-07-14,8565.0,15.609999656677246,0.005326478102926448,0.3690602276729932,-0.5922132399756012,0
2016-07-15,8541.400390625,15.640000343322754,-0.0027591572520208334,-0.23159976910217692,-0.589030989972331,0
2016-07-18,8508.7001953125,15.989999771118164,-0.0038357821106622886,-0.31157931996381244,-0.5519056503623707,0
2016-07-19,8528.5498046875,15.800000190734863,0.0023301434628515147,0.1464706257138192,-0.572059394589642,0
2016-07-20,8565.849609375,15.989999771118164,0.004363986470652139,0.29755932572046084,-0.5519056503623707,0
2016-07-21,8510.099609375,15.710000038146973,-0.00652967485068765,-0.5117013306041053,-0.5816059422820765,0
2016-07-22,8541.2001953125,15.5,0.0036478885225085054,0.2443623446125408,-0.6038811865115279,0
2016-07-25,8635.650390625,15.720000267028809,0.010997493024321226,0.7903445986423959,-0.5805451922809864,0
2016-07-26,8590.650390625,15.619999885559082,-0.005224581055714631,-0.41474943996509195,-0.5911524899745111,0
2016-07-27,8615.7998046875,15.430000305175781,0.0029232563005614403,0.19053137537008152,-0.6113062342017823,0
2016-07-28,8666.2998046875,15.149999618530273,0.005844213941164874,0.40752142376643374,-0.641006627280176,0
2016-07-29,8638.5,14.920000076293945,-0.0032129615963578163,-0.26531166730684036,-0.6654032703531195,0
2016-08-01,8636.5498046875,15.180000305175781,-0.00022578173062699604,-0.043402148790292486,-0.6378243772769059,0
2016-08-02,8622.900390625,15.6899995803833,-0.0015816745902789463,-0.14412776464529128,-0.5837274422842565,0
2016-08-03,8544.849609375,16.239999771118164,-0.009092783738205783,-0.7021077623224312,-0.5253875072872471,0
2016-08-04,8551.099609375,15.140000343322754,0.0007311673892417124,0.027687014895853984,-0.6420672761225782,0
2016-08-05,8683.150390625,14.350000381469727,0.015324527088340225,1.111788264210301,-0.7258646041936212,0
2016-08-08,8711.349609375,14.59000015258789,0.003242317221417232,0.21423354882699625,-0.7004072111195876,0
2016-08-09,8678.25,14.539999961853027,-0.0038068328301676924,-0.3094287561595854,-0.70571085996635,0
2016-08-10,8575.2998046875,14.920000076293945,-0.0119339403558223,-0.913169608406191,-0.6654032703531195,0
2016-08-11,8592.150390625,14.210000038146973,0.001963086091088332,0.1192029256431408,-0.740714800732818,0
2016-08-16,8642.5498046875,14.180000305175781,0.0058486143833095606,0.40784832071990806,-0.7438969495774003,0
2016-08-17,8624.0498046875,14.779999732971191,-0.0021428662849281455,-0.18581717885959803,-0.6802534668923164,0
2016-08-18,8673.25,14.550000190734863,0.005688787100174632,0.3959751838347936,-0.7046501099652599,0
2016-08-19,8666.900390625,14.539999961853027,-0.0007323592374647016,-0.0810344226025579,-0.70571085996635,0
2016-08-22,8629.150390625,14.239999771118164,-0.004365165253066113,-0.35090576280352714,-0.7375326518882358,0
2016-08-23,8632.599609375,13.899999618530273,0.0003996372089627608,0.003058533858135327,-0.7735973426557939,0
2016-08-24,8650.2998046875,13.489999771118164,0.0020482907499330422,0.12553254945873604,-0.8170870811136065,0
2016-08-25,8592.2001953125,13.289999961853027,-0.006739142150229588,-0.527262090141744,-0.8383015753419678,0
2016-08-26,8572.5498046875,13.569999694824219,-0.0022896225356679534,-0.19671930407628532,-0.808601283422262,0
2016-08-29,8607.4501953125,13.170000076293945,0.00406291485846204,0.2751935293830648,-0.8510302718789846,0
2016-08-30,8744.349609375,13.020000457763672,0.015779602831678955,1.1455946112104844,-0.8669411172605836,0
2016-08-31,8786.2001953125,13.239999771118164,0.0047745981624819625,0.3280625585108736,-0.8436052241887302,0
2016-09-01,8774.650390625,13.34000015258789,-0.0013154039773133465,-0.1243472404806219,-0.8329979264952055,0
2016-09-02,8809.650390625,12.9399995803833,0.00398082888319566,0.2690955841413687,-0.875427016110616,0
2016-09-06,8943.0,12.75,0.015023347446829987,1.089414442666692,-0.8955807603378872,0
2016-09-07,8917.9501953125,13.149999618530273,-0.0028049819116828943,-0.2350039592142125,-0.8531517718811646,0
2016-09-08,8952.5,13.119999885559082,0.0038667014380895045,0.260617364706519,-0.8563339207257469,0
2016-09-09,8866.7001953125,13.229999542236328,-0.009630114351834806,-0.7420246013191502,-0.8446659741898201,0
2016-09-12,8715.599609375,15.239999771118164,-0.01718822993969123,-1.3034965803703007,-0.6314600795877414,0
2016-09-14,8726.599609375,14.760000228881836,0.0012613090035687876,0.06706980256475953,-0.6823748657358085,0
2016-09-15,8742.5498046875,14.680000305175781,0.0018260991839711186,0.10902653855972869,-0.6908606634271531,0
2016-09-16,8779.849609375,14.579999923706055,0.0042573919410826295,0.28964070622096827,-0.7014679611206777,0
2016-09-19,8808.400390625,14.9399995803833,0.003246577269225301,0.21455001626465914,-0.6632818715096274,0
2016-09-20,8775.900390625,14.779999732971191,-0.0036964832905136196,-0.30123118710990016,-0.6802534668923164,0
2016-09-21,8777.150390625,14.8100004196167,0.00014242538436080372,-0.01604903740296744,-0.6770712168890463,0
2016-09-22,8867.4501953125,13.34000015258789,0.01023549301709891,0.7337376776289737,-0.8329979264952055,0
2016-09-23,8831.5498046875,13.25,-0.004056776073300545,-0.3279963641487703,-0.8425444741876401,0
2016-09-26,8723.0498046875,14.569999694824219,-0.01236159001721051,-0.944938545905107,-0.7025287111217677,0
2016-09-27,8706.400390625,14.25,-0.0019104927510736648,-0.16855477708553518,-0.7364719018871457,0
2016-09-28,8745.150390625,13.850000381469727,0.004440873383603119,0.30327104667469984,-0.7789008903438683,0
2016-09-29,8591.25,18.450000762939453,-0.01775506219605918,-1.3456050166694609,-0.29096701729811925,1
2016-09-30,8611.150390625,17.18000030517578,0.002313677050935853,0.14524738047779598,-0.42567923267591723,0
2016-10-03,8738.099609375,15.619999885559082,0.014634809521912494,1.060551010359523,-0.5911524899745111,0
2016-10-04,8769.150390625,14.989999771118164,0.0035471948830647004,0.23688208629164223,-0.6579782226628651,0
2016-10-05,8743.9501953125,14.930000305175781,-0.002877869921600413,-0.24041861247027574,-0.6643425203520295,0
2016-10-06,8709.5498046875,14.84000015258789,-0.00394195263650275,-0.3194664413722655,-0.673889068044464,0
2016-10-07,8697.599609375,14.489999771118164,-0.0013730217286708416,-0.12862750750050547,-0.7110145088131122,0
2016-10-10,8708.7998046875,14.289999961853027,0.0012869056479532695,0.06897130809382482,-0.7322290030414735,0
2016-10-13,8573.349609375,15.430000305175781,-0.015675477121613476,-1.1911182621627838,-0.6113062342017823,0
2016-10-14,8583.400390625,14.890000343322754,0.001171641761961016,0.06040866553710368,-0.6685854191977018,0
2016-10-17,8520.400390625,15.65999984741211,-0.007366816969274471,-0.5738903559777331,-0.5869095911288388,0
2016-10-18,8677.900390625,14.539999961853027,0.018316274989203487,1.3340371297104157,-0.70571085996635,0
2016-10-19,8659.099609375,14.609999656677246,-0.0021688629658940845,-0.18774840202508639,-0.6982858122760954,0
2016-10-20,8699.400390625,14.170000076293945,0.004643356702434108,0.318312985161529,-0.7449576995784902,0
2016-10-21,8693.0498046875,13.829999923706055,-0.0007302693005771827,-0.08087916683983674,-0.7810223903460484,0
2016-10-24,8708.9501953125,14.329999923706055,0.001827421566475664,0.10912477478187414,-0.7279861041958012,0
2016-10-25,8691.2998046875,14.479999542236328,-0.0020287520787162444,-0.1773399429064206,-0.7120752588142022,0
2016-10-26,8615.25,14.449999809265137,-0.008788614143283245,-0.6795118252210273,-0.7152574076587844,0
2016-10-27,8615.25,14.09000015258789,0.0,-0.026629434261764506,-0.7534434972698348,0
2016-10-28,8638.0,14.649999618530273,0.0026371858270232084,0.16927997307826173,-0.6940429134304232,0
2016-11-01,8626.25,15.739999771118164,-0.001361194585834806,-0.12774890102545514,-0.5784237934374943,0
2016-11-02,8514.0,16.799999237060547,-0.013098012546713908,-0.9996453852292454,-0.4659869234478355,0
2016-11-03,8484.9501953125,16.469999313354492,-0.003417838470350909,-0.2805314165373942,-0.5009908642143036,0
2016-11-04,8433.75,16.850000381469727,-0.006052515976111644,-0.4762544874702875,-0.46068317344238535,0
2016-11-07,8497.0498046875,16.510000228881836,0.007477508488472915,0.5288544612399431,-0.4967478642099435,0
2016-11-08,8543.5498046875,16.770000457763672,0.005457567982692605,0.37879854053289963,-0.46916897113372985,0
2016-11-09,8432.0,16.6200008392334,-0.013142597631657107,-1.0029574906857222,-0.48507981651532883,0
2016-11-10,8525.75,15.460000038146973,0.01105700404045472,0.7947655111853985,-0.6081240853572001,0
2016-11-11,8296.2998046875,17.360000610351562,-0.027281387102400093,-2.053289946341789,-0.40658613729104814,0
2016-11-15,8108.4501953125,20.149999618530273,-0.02290285685988103,-1.7280207688562759,-0.11064376577770432,1
2016-11-16,8111.60009765625,19.5,0.00038839613027746525,0.002223464504837355,-0.1795908973095505,1
2016-11-17,8079.9501953125,18.709999084472656,-0.003909439439923456,-0.3170511238746096,-0.2633883265392814,1
2016-11-18,8074.10009765625,17.809999465942383,-0.0007242886837538094,-0.08043488298035713,-0.35885360114625114,0
2016-11-21,7929.10009765625,19.100000381469727,-0.01812187142597807,-1.372854282953201,-0.22201988576627307,1
2016-11-22,8002.2998046875,18.469999313354492,0.009189427494782599,0.6560282972675797,-0.28884571961331496,1
2016-11-23,8033.2998046875,18.040000915527344,0.0038664021768522933,0.26059513339804574,-0.33445675575593187,0
2016-11-24,7965.5,17.15999984741211,-0.008475662098624583,-0.6562634636658109,-0.4278007326780973,0
2016-11-25,8114.2998046875,17.610000610351562,0.018508197132649923,1.3482945070225256,-0.3800679942159246,0
2016-11-28,8126.89990234375,18.059999465942383,0.0015516218520139676,0.08863635942218402,-0.3323354580711276,0
2016-11-29,8142.14990234375,17.709999084472656,0.001874725893588773,0.11263888538962327,-0.36946089883977573,0
2016-11-30,8224.5,16.850000381469727,0.010063243621010479,0.7209417355468591,-0.46068317344238535,0
2016-12-01,8192.900390625,16.690000534057617,-0.0038495313077255163,-0.31260071065249917,-0.47765476882507435,0
2016-12-02,8086.7998046875,17.93000030517578,-0.013034894616329137,-0.9949565247752336,-0.34612480345054647,0
2016-12-05,8128.75,17.290000915527344,0.005174081595203409,0.3577391030094305,-0.4140111849813026,0
2016-12-06,8143.14990234375,17.110000610351562,0.0017699108511295017,0.10485245917797702,-0.4331042803661717,0
2016-12-07,8102.0498046875,16.850000381469727,-0.005059979081726745,-0.40252160420148,-0.46068317344238535,0
2016-12-08,8246.849609375,15.529999732971191,0.017714169916451,1.2893083712169304,-0.6006990376669457,0
2016-12-09,8261.75,15.069999694824219,0.0018051676124941,0.10747158868826405,-0.6494924249715205,0
2016-12-12,8170.7998046875,16.190000534057617,-0.011069630108506541,-0.8489623361789346,-0.5306910549753215,0
2016-12-13,8221.7998046875,15.920000076293945,0.006222340051564259,0.43561139051396125,-0.5593306980526251,0
2016-12-14,8182.4501953125,16.59000015258789,-0.004797498800311476,-0.38302265352322873,-0.48826206651859894,0
2016-12-15,8153.60009765625,15.65999984741211,-0.0035320811496494836,-0.2890181964089453,-0.5869095911288388,0
2016-12-16,8139.4501953125,15.25,-0.0017369253327930302,-0.15566092269709417,-0.6303993295866515,0
2016-12-19,8104.35009765625,14.84000015258789,-0.004321667547371758,-0.3476744358124933,-0.673889068044464,0
2016-12-20,8082.39990234375,14.539999961853027,-0.0027121205636996375,-0.22810554065690858,-0.70571085996635,0
2016-12-21,8061.2998046875,14.710000038146973,-0.0026140364419853872,-0.22081913635517006,-0.6876785145825709,0
2016-12-22,7979.10009765625,15.550000190734863,-0.010249174221346512,-0.7880128858386866,-0.5985775376647655,0
2016-12-23,7985.75,15.130000114440918,0.0008330679821808747,0.03525693452978536,-0.6431280261236682,0
2016-12-26,7908.25,16.600000381469727,-0.009752185003088458,-0.7510929000699093,-0.4872013165175089,0
2016-12-27,8032.85009765625,15.079999923706055,0.015632877835896817,1.134694807840127,-0.6484316749704305,0
2016-12-28,8034.85009765625,15.539999961853027,0.00024894664276991384,-0.008135861019944622,-0.5996382876658556,0
2016-12-29,8103.60009765625,15.279999732971191,0.008520076594398652,0.60630402799045,-0.6272171807420692,0
2016-12-30,8185.7998046875,15.470000267028809,0.010092502517199517,0.7231152998642012,-0.6070633353561101,0
2017-01-02,8179.5,15.829999923706055,-0.0007698979027411989,-0.08382306858696144,-0.5688772457450597,0
2017-01-03,8192.25,15.960000038146973,0.0015575613575361691,0.08907758923421466,-0.555087799206953,0
2017-01-04,8190.5,15.890000343322754,-0.00021363934707617968,-0.042500123934569346,-0.5625128468972074,0
2017-01-05,8273.7998046875,15.050000190734863,0.01011892597298775,0.7250782269777567,-0.6516138238150128,0
2017-01-06,8243.7998046875,14.90999984741211,-0.0036324930615801707,-0.29647752595434357,-0.6664640203542096,0
2017-01-09,8236.0498046875,15.479999542236328,-0.0009405426329750955,-0.09649980437981125,-0.6060026865137079,0
2017-01-10,8288.599609375,15.199999809265137,0.006360193250249055,0.4458521320565282,-0.6357029784334137,0
2017-01-11,8380.650390625,14.8100004196167,0.011044494137506545,0.7938361843069719,-0.6770712168890463,0
2017-01-12,8407.2001953125,14.609999656677246,0.0031629810720875113,0.2083398807219429,-0.6982858122760954,0
2017-01-13,8400.349609375,14.380000114440918,-0.0008151796539613075,-0.08718692749820983,-0.722682455349039,0
2017-01-16,8412.7998046875,15.069999694824219,0.0014810071904502009,0.0833905870709464,-0.6494924249715205,0
2017-01-17,8398.0,15.390000343322754,-0.001760750075312027,-0.15743079842564453,-0.6155491330474546,0
2017-01-18,8417.0,15.180000305175781,0.002259887967437504,0.14125153484509764,-0.6378243772769059,0
2017-01-19,8435.099609375,15.020000457763672,0.0021480547533008396,0.13294374762815558,-0.654795972659595,0
2017-01-20,8349.349609375,15.789999961853027,-0.010217880246458876,-0.7856881410252085,-0.573120144590732,0
2017-01-23,8391.5,15.90999984741211,0.005035644029815811,0.34745495044393077,-0.5603914480537152,0
2017-01-24,8475.7998046875,15.289999961853027,0.009995732282151228,0.7159265006517221,-0.6261564307409792,0
2017-01-25,8602.75,15.170000076293945,0.014866898538362306,1.0777922761045828,-0.638885127277996,0
2017-01-27,8641.25,16.010000228881836,0.004465328690727306,0.3050877653434885,-0.5497841503601907,0
2017-01-30,8632.75,16.670000076293945,-0.0009841380903137704,-0.09973839307629982,-0.47977626882725444,0
2017-01-31,8561.2998046875,16.829999923706055,-0.008311085218864388,-0.6440374920845496,-0.4628046734445654,0
2017-02-01,8716.400390625,13.970000267028809,0.017954328487415367,1.3071491023565958,-0.7661721938068515,0
2017-02-02,8734.25,13.520000457763672,0.002045724967320079,0.12534194440318092,-0.8139048311103364,0
2017-02-03,8740.9501953125,13.130000114440918,0.0007668233343177947,0.03033579868515892,-0.8552731707246569,0
2017-02-06,8801.0498046875,13.399999618530273,0.006852108598963618,0.4823951937705044,-0.8266336288060411,0
2017-02-07,8768.2998046875,13.510000228881836,-0.003728087682222944,-0.30357899195007126,-0.8149655811114265,0
2017-02-08,8769.0498046875,13.350000381469727,8.553173850807276e-05,-0.020275512582004482,-0.8319371764941155,0
2017-02-09,8778.400390625,13.239999771118164,0.0010657487804178315,0.05254216214435243,-0.8436052241887302,0
2017-02-10,8793.5498046875,13.180000305175781,0.0017242727924366554,0.10146213114760187,-0.8499695218778945,0
2017-02-13,8805.0498046875,13.6899995803833,0.0013069223565665177,0.0704582952758187,-0.7958725868852453,0
2017-02-14,8792.2998046875,13.800000190734863,-0.0014490821077153884,-0.13427782748478007,-0.7842045391906306,0
2017-02-15,8724.7001953125,14.210000038146973,-0.007718210304816345,-0.5999944171340719,-0.740714800732818,0
2017-02-16,8778.0,13.729999542236328,0.006090485336691579,0.425816260121177,-0.791629688039573,0
2017-02-17,8821.7001953125,13.430000305175781,0.004966026084143879,0.3422832214223875,-0.823451378802771,0
2017-02-20,8879.2001953125,13.609999656677246,0.006496867502078924,0.4560052928236839,-0.8043583845765898,0
2017-02-21,8907.849609375,13.529999732971191,0.0032213817527225,0.212678309441761,-0.8128441822679343,0
2017-02-22,8926.900390625,13.699999809265137,0.0021363673161383717,0.13207551951000002,-0.7948118368841552,0
2017-02-23,8939.5,13.399999618530273,0.0014104252886116898,0.07814724835115548,-0.8266336288060411,0
2017-02-27,8896.7001953125,13.680000305175781,-0.00479921579345047,-0.38315020430285923,-0.7969332357276474,0
2017-02-28,8879.599609375,13.789999961853027,-0.0019239764630964217,-0.16955644560811464,-0.7852652891917207,0
2017-03-01,8945.7998046875,13.579999923706055,0.007427659614302356,0.5251513231086627,-0.807540533421172,0
2017-03-02,8899.75,13.359999656677246,-0.005160940111567701,-0.41002172623228383,-0.8308765276517134,0
2017-03-03,8897.5498046875,13.350000381469727,-0.0002472504647169898,-0.04499700302043934,-0.8319371764941155,0
2017-03-06,8963.4501953125,13.640000343322754,0.00737928331770254,0.5215575787850505,-0.8011761345733197,0
2017-03-07,8946.900390625,13.880000114440918,-0.0018480720763560477,-0.1639177138705032,-0.7757187414992861,0
2017-03-08,8924.2998046875,14.079999923706055,-0.0025292759007722594,-0.21452250483807006,-0.7545042472709248,0
2017-03-09,8927.0,14.390000343322754,0.0003025208654424808,-0.004155976817270716,-0.7216217053479489,0
2017-03-10,8934.5498046875,13.960000038146973,0.0008453695473995277,0.036170784561378067,-0.7672329438079416,0
2017-03-14,9087.0,12.399999618530273,0.016919058968585234,1.2302417279149005,-0.9327062011065355,0
2017-03-15,9084.7998046875,12.420000076293945,-0.00024215491551740303,-0.04461846844258223,-0.9305847011043554,0
2017-03-16,9153.7001953125,11.90999984741211,0.0075555246752815495,0.5346500728968815,-0.9846817372556925,0
2017-03-17,9160.0498046875,11.850000381469727,0.000693425391241901,0.024883263873000314,-0.991046034944857,0
2017-03-20,9126.849609375,12.020000457763672,-0.0036310400180971465,-0.2963695832812556,-0.9730136895610779,0
2017-03-21,9121.5,11.9399995803833,-0.0005863115999817308,-0.0701849383494909,-0.9814995884111104,0
2017-03-22,9030.4501953125,12.270000457763672,-0.010032042543653485,-0.7718827603633792,-0.9464955464859544,0
2017-03-23,9086.2998046875,11.84000015258789,0.006165541424006181,0.43139197398721985,-0.9921067849459471,0
2017-03-24,9108.0,11.979999542236328,0.0023853850750034113,0.15057437577431518,-0.9772566895654381,0
2017-03-27,9045.2001953125,12.4399995803833,-0.006918896341847197,-0.5406155431998629,-0.9284633022608632,0
2017-03-28,9100.7998046875,12.119999885559082,0.006128048426003716,0.4286067205011753,-0.9624064930262413,0
2017-03-29,9143.7998046875,12.09000015258789,0.004713732341589461,0.32354100118407203,-0.9655886418708235,0
2017-03-30,9173.75,12.149999618530273,0.0032701122498964663,0.21629836636869842,-0.959224344181659,0
2017-03-31,9173.75,12.420000076293945,0.0,-0.026629434261764506,-0.9305847011043554,0
2017-04-03,9237.849609375,11.489999771118164,0.006962987433382358,0.49063208269768616,-1.0292322257145952,0
2017-04-05,9265.150390625,11.550000190734863,0.0029509594186491106,0.19258936513720856,-1.0228678268667428,0
2017-04-06,9261.9501953125,11.289999961853027,-0.00034546099962948787,-0.052292798217007844,-1.0504467199429566,0
2017-04-07,9198.2998046875,11.6899995803833,-0.006895967591191596,-0.5389122282851698,-1.008017731486234,0
2017-04-10,9181.4501953125,11.619999885559082,-0.001833497636833679,-0.16283501814998083,-1.0154427791764884,0
2017-04-11,9237.0,11.399999618530273,0.006031992108960761,0.4214709563277448,-1.0387787734070297,0
2017-04-12,9203.4501953125,11.630000114440918,-0.0036387226287440087,-0.2969403036617568,-1.0143820291753984,0
2017-04-13,9150.7998046875,11.579999923706055,-0.005737149166000338,-0.45282673951618896,-1.0196856780221606,0
2017-04-17,9139.2998046875,11.890000343322754,-0.0012575110864404995,-0.1200465340897861,-0.9868031360991848,0
2017-04-18,9105.150390625,12.380000114440918,-0.003743544319295666,-0.30472722374221806,-0.9348275999500276,0
2017-04-19,9103.5,12.220000267028809,-0.00018127544810997014,-0.04009589735306998,-0.9517991953327166,0
2017-04-20,9136.400390625,11.5600004196167,0.00360752258526342,0.24136366823510258,-1.0218070768656529,0
2017-04-21,9119.400390625,11.420000076293945,-0.0018624222643066866,-0.16498375054786585,-1.0366572734048498,0
2017-04-24,9217.9501953125,11.630000114440918,0.010748636018943606,0.7718576843201789,-1.0143820291753984,0
2017-04-25,9306.599609375,11.15999984741211,0.009571092601938416,0.684381166518991,-1.0642361664810633,0
2017-04-26,9351.849609375,11.739999771118164,0.00485035901773151,0.3336906276819665,-1.0027140826394716,0
2017-04-27,9342.150390625,11.069999694824219,-0.001037682638315093,-0.10371607282785127,-1.073782714173498,0
2017-04-28,9304.0498046875,10.859999656677246,-0.004086692040742791,-0.33021874051359007,-1.0960579584029493,0
2017-05-02,9313.7998046875,11.449999809265137,0.0010473820656935206,0.05117774854878694,-1.0334751245602676,0
2017-05-03,9311.9501953125,11.529999732971191,-0.00019860777483643832,-0.04138346906000536,-1.024989326868923,0
2017-05-04,9359.900390625,11.329999923706055,0.005136105872378302,0.3549179892010139,-1.0462038210972842,0
2017-05-05,9285.2998046875,11.989999771118164,-0.008002164979810267,-0.621088642470586,-0.976195939564348,0
2017-05-08,9314.0498046875,11.670000076293945,0.0030915084131222883,0.20303037006273464,-1.010139130329726,0
2017-05-09,9316.849609375,11.109999656677246,0.0003005549701442118,-0.004302017865584386,-1.0695398153278257,0
2017-05-10,9407.2998046875,10.949999809265137,0.009661416055306064,0.6910910517446879,-1.0865114107105147,0
2017-05-11,9422.400390625,10.84000015258789,0.0016039118008357616,0.09252083839160168,-1.0981793572464413,0
2017-05-12,9400.900390625,10.630000114440918,-0.0022844037397764944,-0.19633161383479847,-1.1204546014758927,0
2017-05-15,9445.400390625,10.680000305175781,0.004722420937348687,0.324186453479608,-1.1151509526291303,0
2017-05-16,9512.25,10.5600004196167,0.007052549770711115,0.4972854266699878,-1.1278796491661471,0
2017-05-17,9525.75,10.640000343322754,0.0014182164368899746,0.07872603169894102,-1.1193938514748027,0
2017-05-18,9429.4501953125,11.789999961853027,-0.01016086690923151,-0.78145277429745,-0.9974104337927093,0
2017-05-19,9427.900390625,11.300000190734863,-0.00016437141409942322,-0.03884014235441673,-1.0493859699418664,0
2017-05-22,9438.25,11.199999809265137,0.0010971618691591547,0.05487575560408177,-1.0599932676353911,0
2017-05-23,9386.150390625,12.199999809265137,-0.005535341505865151,-0.43783499388770997,-0.9539206953348968,0
2017-05-24,9360.5498046875,11.829999923706055,-0.002731211528938736,-0.22952375686572332,-0.9931675349470371,0
2017-05-25,9509.75,10.449999809265137,0.01581355951256376,1.1481171612557672,-1.1395476968607618,0
2017-05-26,9595.099609375,10.859999656677246,0.008934922695320598,0.637121823587614,-1.0960579584029493,0
2017-05-29,9604.900390625,11.789999961853027,0.001020914802213731,0.04921156708022852,-0.9974104337927093,0
2017-05-30,9624.5498046875,11.770000457763672,0.0020436799494468433,0.12519002555262437,-0.9995318326362015,0
2017-05-31,9621.25,11.760000228881836,-0.0003429116745806887,-0.052103415749413184,-1.0005925826372917,0
2017-06-01,9616.099609375,11.3100004196167,-0.0005354574151470177,-0.06640711840611034,-1.0483252199407764,0
2017-06-02,9653.5,10.8100004196167,0.003881807442491232,0.2617395489452227,-1.1013615060910236,0
2017-06-05,9675.099609375,11.020000457763672,0.00223499051174814,0.1394019701544351,-1.0790862618615722,0
2017-06-06,9637.150390625,11.130000114440918,-0.003930072114359614,-0.31858386949276357,-1.0674183153256456,0
2017-06-07,9663.900390625,10.890000343322754,0.002771871586730097,0.17928541414007038,-1.0928757083996792,0
2017-06-08,9647.25,11.069999694824219,-0.0017244332330555142,-0.15473291837106923,-1.073782714173498,0
2017-06-09,9668.25,10.859999656677246,0.0021744203643893584,0.13490237761531115,-1.0960579584029493,0
2017-06-12,9616.400390625,11.420000076293945,-0.005377306123000276,-0.42609497243053435,-1.0366572734048498,0
2017-06-13,9606.900390625,11.34000015258789,-0.0009883839285963953,-0.10005380492672279,-1.0451430710961942,0
2017-06-14,9618.150390625,11.180000305175781,0.001170348147540874,0.06031256641819457,-1.0621146664788832,0
2017-06-15,9578.0498046875,11.329999923706055,-0.00417797729350316,-0.3370000752166341,-1.0462038210972842,0
2017-06-16,9588.0498046875,10.920000076293945,0.0010435092284018055,0.050890045933836704,-1.089693559555097,0
2017-06-19,9657.5498046875,10.630000114440918,0.0072224616043765726,0.5099077175576311,-1.1204546014758927,0
2017-06-20,9653.5,10.65999984741211,-0.00041942875067181194,-0.05778766252292343,-1.1172724526313105,0
2017-06-21,9633.599609375,10.920000076293945,-0.0020635967138743832,-0.17992845667471877,-1.089693559555097,0
2017-06-22,9630.0,11.210000038146973,-0.00037372136982585634,-0.054392184737156755,-1.058932517634301,0
2017-06-23,9574.9501953125,11.5600004196167,-0.005732892290795095,-0.45251050776261514,-1.0218070768656529,0
2017-06-27,9511.400390625,12.510000228881836,-0.006659213268124637,-0.5213243895208487,-0.9210381534119209,0
2017-06-28,9491.25,11.989999771118164,-0.002120798705808072,-0.18417783805071664,-0.976195939564348,0
2017-06-29,9504.099609375,11.380000114440918,0.001352921804466218,0.07387546993361327,-1.040900172250522,0
2017-06-30,9520.900390625,11.729999542236328,0.0017661798283679123,0.10457529158117547,-1.0037748326405618,0
2017-07-03,9615.0,11.199999809265137,0.00983495586260243,0.7039828549877342,-1.0599932676353911,0
2017-07-04,9613.2998046875,11.279999732971191,-0.00017684302140083614,-0.03976662435275027,-1.0515074699440465,0
2017-07-05,9637.599609375,11.149999618530273,0.0025245384198064923,0.16091170165799248,-1.0652969164821533,0
2017-07-06,9674.5498046875,10.979999542236328,0.00382663157881288,0.25764068316112226,-1.0833292618659325,0
2017-07-07,9665.7998046875,10.869999885559082,-0.000904844097829429,-0.09384785668934877,-1.094997208401859,0
2017-07-10,9771.0498046875,10.90999984741211,0.010830050223587575,0.7779057255379884,-1.090754309556187,0
2017-07-11,9786.0498046875,10.890000343322754,0.0015339700917757582,0.08732505786302187,-1.0928757083996792,0
2017-07-12,9816.099609375,11.050000190734863,0.003065972775967725,0.2011333965958905,-1.07590411301699,0
2017-07-13,9891.7001953125,11.25,0.0076721863955028615,0.5433165567804322,-1.0546896187886288,0
2017-07-14,9886.349609375,11.170000076293945,-0.0005410630593885717,-0.06682354656595735,-1.0631754164799734,0
2017-07-17,9915.9501953125,11.460000038146973,0.0029896131536668747,0.19546084663889568,-1.0324143745591774,0
2017-07-18,9827.150390625,11.489999771118164,-0.008995588419495522,-0.6948873847936146,-1.0292322257145952,0
2017-07-19,9899.599609375,11.260000228881836,0.007345309743460549,0.5190337737779215,-1.0536288687875388,0
2017-07-20,9873.2998046875,11.319999694824219,-0.002660188538483533,-0.22424765086476658,-1.0472645710983743,0
2017-07-21,9915.25,11.09000015258789,0.004239851688892752,0.2883376882933343,-1.0716612141713178,0
2017-07-24,9966.400390625,11.3100004196167,0.005145498736317388,0.35561575967614534,-1.0483252199407764,0
2017-07-25,9964.5498046875,10.90999984741211,-0.00018569972075426088,-0.040424564609951176,-1.090754309556187,0
2017-07-26,10020.650390625,11.170000076293945,0.005614227803035337,0.39043637516815666,-1.0631754164799734,0
2017-07-27,10020.5498046875,11.220000267028809,-1.0037915545995924e-05,-0.02737512387733667,-1.057871767633211,0
2017-07-28,10014.5,11.140000343322754,-0.0006039221195206731,-0.07149317624856927,-1.0663575653245556,0
2017-07-31,10077.099609375,11.899999618530273,0.006231441314613235,0.43628749874710127,-0.9857424872567826,0
2017-08-01,10114.650390625,11.90999984741211,0.003719422490879323,0.24967640978178446,-0.9846817372556925,0
2017-08-02,10081.5,11.9399995803833,-0.0032828454686495033,-0.27050315129822233,-0.9814995884111104,0
2017-08-03,10013.650390625,11.640000343322754,-0.006752859858295522,-0.5282811415979297,-1.0133212791743083,0
2017-08-04,10066.400390625,11.390000343322754,0.005253982862758577,0.36367475222005863,-1.039839422249432,0
2017-08-07,10057.400390625,11.899999618530273,-0.0008944632972548343,-0.09307669507174693,-0.9857424872567826,0
2017-08-08,9978.5498046875,12.770000457763672,-0.007870951189924851,-0.6113411246628224,-0.8934592603357072,0
2017-08-09,9908.0498046875,13.449999809265137,-0.007090231284273741,-0.5533435529910086,-0.8213299799592788,0
2017-08-10,9820.25,13.800000190734863,-0.008900958038211523,-0.6878575495337174,-0.7842045391906306,0
2017-08-11,9710.7998046875,15.199999809265137,-0.01120793220489222,-0.8592364251184255,-0.6357029784334137,0
2017-08-14,9794.150390625,14.380000114440918,0.008546660459731773,0.6082788714955425,-0.722682455349039,0
2017-08-16,9897.2998046875,14.239999771118164,0.010476664391422662,0.7516536471928166,-0.7375326518882358,0
2017-08-17,9904.150390625,14.34000015258789,0.0006919277268328227,0.024772006431916627,-0.7269253541947112,0
2017-08-18,9837.400390625,14.569999694824219,-0.006762412448120804,-0.5289907776774417,-0.7025287111217677,0
2017-08-21,9754.349609375,14.819999694824219,-0.008478188903126932,-0.656451173142878,-0.6760105680466442,0
2017-08-22,9765.5498046875,14.109999656677246,0.0011475670344457027,0.058620219098832985,-0.7513220984263426,0
2017-08-23,9852.5,13.180000305175781,0.008864363739937172,0.6318801894979521,-0.8499695218778945,0
2017-08-24,9857.0498046875,12.569999694824219,0.0004616853061997081,0.007667919299125601,-0.9146738557227564,0
2017-08-28,9912.7998046875,12.640000343322754,0.005639916223863896,0.39234469852120035,-0.907248706873814,0
2017-08-29,9796.0498046875,13.539999961853027,-0.011847608353940924,-0.9067562373233692,-0.8117834322668442,0
2017-08-30,9884.400390625,12.890000343322754,0.0089785730092648,0.6403644874330616,-0.8807305637986904,0
2017-08-31,9917.900390625,11.949999809265137,0.0033834484516002566,0.22471780646974818,-0.9804388384100203,0
2017-09-01,9974.400390625,11.680000305175781,0.005680605029627355,0.39536735992822397,-1.009078380328636,0
2017-09-04,9912.849609375,13.170000076293945,-0.006189993868598528,-0.4864673485297839,-0.8510302718789846,0
2017-09-05,9952.2001953125,12.890000343322754,0.003961795997934277,0.2676816825371206,-0.8807305637986904,0
2017-09-06,9916.2001953125,13.119999885559082,-0.0036238487939692175,-0.2958353666771333,-0.8563339207257469,0
2017-09-07,9929.900390625,13.010000228881836,0.001380643762176384,0.07593485924537605,-0.8680018672616736,0
2017-09-08,9934.7998046875,12.960000038146973,0.0004932784400140928,0.010014887820709336,-0.873305516108436,0
2017-09-11,10006.0498046875,12.359999656677246,0.007146165244692658,0.5042398672094631,-0.9369490999522077,0
2017-09-12,10093.0498046875,11.760000228881836,0.008657158285843384,0.6164874563453717,-1.0005925826372917,0
2017-09-13,10079.2998046875,11.760000228881836,-0.0013632524119145414,-0.1279017713630547,-1.0005925826372917,0
2017-09-14,10086.599609375,11.470000267028809,0.0007239751479918529,0.0271527227324925,-1.0313536245580874,0
2017-09-15,10085.400390625,11.680000305175781,-0.0001188993408102696,-0.03546214493105885,-1.009078380328636,0
2017-09-18,10153.099609375,11.4399995803833,0.006690166885736892,0.47036498158872275,-1.0345358745613575,0
2017-09-19,10147.5498046875,11.470000267028809,-0.0005467613092135457,-0.06724685414430354,-1.0313536245580874,0
2017-09-20,10141.150390625,11.630000114440918,-0.000630835313560427,-0.07349248469317246,-1.0143820291753984,0
2017-09-21,10121.900390625,11.630000114440918,-0.001900010615274047,-0.16777608754795378,-1.0143820291753984,0
2017-09-22,9964.400390625,12.8100004196167,-0.01568265154818977,-1.1916512309221954,-0.8892163614900349,0
2017-09-25,9872.599609375,13.34000015258789,-0.009255576609087487,-0.7142012047059039,-0.8329979264952055,0
2017-09-26,9871.5,12.930000305175781,-0.00011138612526191736,-0.03490400845458726,-0.8764876649530182,0
2017-09-27,9735.75,13.859999656677246,-0.013847140123069935,-1.05529604814504,-0.7778402415014662,0
2017-09-28,9768.9501953125,13.170000076293945,0.0034043309606841105,0.22626911162862978,-0.8510302718789846,0
2017-09-29,9788.599609375,12.489999771118164,0.0020093949262780385,0.12264308384650223,-0.9231596534141009,0
2017-10-03,9859.5,12.460000038146973,0.00721705404356513,0.5095060044804299,-0.9263418022586831,0
2017-10-04,9914.900390625,11.800000190734863,0.005603258200374948,0.3896214730350073,-0.9963496837916194,0
2017-10-05,9888.7001953125,11.710000038146973,-0.0026460047490028745,-0.2231939754799993,-1.0058962314840538,0
2017-10-06,9979.7001953125,11.119999885559082,0.009160338481321154,0.6538673530789139,-1.0684790653267355,0
2017-10-09,9988.75,11.390000343322754,0.0009064103842389305,0.040705343349844283,-1.039839422249432,0
2017-10-10,10016.9501953125,11.109999656677246,0.0028192178944088774,0.18280264337057872,-1.0695398153278257,0
2017-10-11,9984.7998046875,11.729999542236328,-0.00321476053982032,-0.26544530595451016,-1.0037748326405618,0
2017-10-12,10096.400390625,11.039999961853027,0.011115046293774924,0.7990773133087538,-1.0769648630180801,0
2017-10-13,10167.4501953125,11.260000228881836,0.007012497012134821,0.4943100154893992,-1.0536288687875388,0
2017-10-16,10230.849609375,11.3100004196167,0.006216166917771876,0.43515280508918613,-1.0483252199407764,0
2017-10-17,10234.4501953125,11.609999656677246,0.0003518722920273383,-0.0004897927226376453,-1.0165035291775784,0
2017-10-18,10210.849609375,11.539999961853027,-0.0023086574073600593,-0.19813335324710285,-1.023928576867833,0
2017-10-19,10146.5498046875,12.399999618530273,-0.006317115188263494,-0.49591084778594247,-0.9327062011065355,0
2017-10-23,10184.849609375,12.329999923706055,0.003767556695072139,0.2532521697148047,-0.9401312487967899,0
2017-10-24,10207.7001953125,11.59000015258789,0.002241072913402321,0.13985381533389277,-1.0186249280210706,0
2017-10-25,10295.349609375,11.760000228881836,0.008549942456258083,0.6085226821469472,-1.0005925826372917,0
2017-10-26,10343.7998046875,11.619999885559082,0.004694988474485417,0.3221485699575784,-1.0154427791764884,0
2017-10-27,10323.0498046875,11.479999542236328,-0.0020080474155119445,-0.17580184943725166,-1.0302929757156853,0
2017-10-30,10363.650390625,12.109999656677246,0.003925288971653147,0.26496967422538326,-0.9634672430273313,0
2017-10-31,10335.2998046875,12.4399995803833,-0.0027393276855447964,-0.23012668420375126,-0.9284633022608632,0
2017-11-01,10440.5,12.140000343322754,0.010127272636955603,0.7256982780846801,-0.9602849930240612,0
2017-11-02,10423.7998046875,12.010000228881836,-0.001600839619376669,-0.14555148285798444,-0.974074439562168,0
2017-11-03,10452.5,11.90999984741211,0.002749549839980272,0.1776271919049355,-0.9846817372556925,0
2017-11-06,10451.7998046875,13.020000457763672,-6.699055402996047e-05,-0.031605981459503586,-0.8669411172605836,0
2017-11-07,10350.150390625,13.239999771118164,-0.009773143593572503,-0.7526498571103792,-0.8436052241887302,0
2017-11-08,10303.150390625,13.609999656677246,-0.004551338464517429,-0.3647360674958539,-0.8043583845765898,0
2017-11-09,10308.9501953125,13.270000457763672,0.0005627572809849458,0.015176283129979656,-0.8404229741854601,0
2017-11-10,10321.75,13.479999542236328,0.0012408504033945,0.06554998845303445,-0.8181478311146966,0
2017-11-13,10224.9501953125,14.050000190734863,-0.009422488277922888,-0.7266006214571264,-0.757686396115507,0
2017-11-14,10186.599609375,14.170000076293945,-0.003757738283689395,-0.3057816549937767,-0.7449576995784902,0
2017-11-15,10118.0498046875,14.270000457763672,-0.0067521545169891405,-0.5282287436986655,-0.7343504018849657,0
2017-11-16,10214.75,13.460000038146973,0.009511815914835575,0.6799776616463343,-0.8202692299581887,0
2017-11-17,10283.599609375,13.710000038146973,0.006717601133431633,0.47240299770105826,-0.7937510868830652,0
2017-11-20,10298.75,13.430000305175781,0.001472173357154509,0.08273434547137241,-0.823451378802771,0
2017-11-21,10326.900390625,13.720000267028809,0.0027296504663746014,0.1761489212235231,-0.7926903368819752,0
2017-11-22,10342.2998046875,14.039999961853027,0.0014900834832817704,0.08406484033412445,-0.7587471461165971,0
2017-11-23,10348.75,13.869999885559082,0.0006234768735595227,0.019686977550266528,-0.7767794915003762,0
2017-11-24,10389.7001953125,13.510000228881836,0.003949210104835523,0.26674671055579274,-0.8149655811114265,0
2017-11-27,10399.5498046875,13.029999732971191,0.0009475676238426342,0.043762803440783135,-0.8658804684181814,0
2017-11-28,10370.25,13.149999618530273,-0.0028213872448567432,-0.2362226670755892,-0.8531517718811646,0
2017-11-29,10361.2998046875,13.0600004196167,-0.0008634372203591307,-0.09077185167601838,-0.8626982184149113,0
2017-11-30,10226.5498046875,13.550000190734863,-0.013090432150481796,-0.9990822580813523,-0.8107226822657543,0
2017-12-01,10121.7998046875,14.800000190734863,-0.010295766224326257,-0.7914740798118279,-0.6781319668901363,0
2017-12-04,10127.75,14.859999656677246,0.0005876866933977984,0.017028221799257993,-0.6717676692009719,0
2017-12-05,10118.25,15.010000228881836,-0.000938457048031478,-0.09634487191124018,-0.655856722660685,0
2017-12-06,10044.099609375,15.09000015258789,-0.007355365457362713,-0.5730396541087973,-0.6473709249693405,0
2017-12-07,10166.7001953125,14.270000457763672,0.012132334291871919,0.8746488891753906,-0.7343504018849657,0
2017-12-08,10265.650390625,13.670000076293945,0.009685715646246356,0.6928962026790425,-0.7979939857287375,0
2017-12-11,10322.25,14.149999618530273,0.005498351059959995,0.38182820511515453,-0.7470791995806704,0
2017-12-12,10240.150390625,15.260000228881836,-0.007985453457626933,-0.6198471886552581,-0.6293385795855614,0
2017-12-13,10192.9501953125,15.949999809265137,-0.0046199820794001496,-0.3698354161164744,-0.556148549208043,0
2017-12-14,10252.099609375,16.40999984741211,0.005786200538018408,0.40321176484450966,-0.5073551619034681,0
2017-12-15,10333.25,14.9399995803833,0.007884326721783314,0.5590758882498553,-0.6632818715096274,0
2017-12-18,10388.75,13.119999885559082,0.005356638616709943,0.3713007707245478,-0.8563339207257469,0
2017-12-19,10463.2001953125,12.1899995803833,0.007140867974318959,0.5038463473107904,-0.9549814453359867,0
2017-12-20,10444.2001953125,12.1899995803833,-0.0018175387542658723,-0.16164947589746645,-0.9549814453359867,0
2017-12-21,10440.2998046875,12.09000015258789,-0.00037352013889224483,-0.05437723583498296,-0.9655886418708235,0
2017-12-22,10493.0,11.59000015258789,0.0050350692095142814,0.3474122485973465,-1.0186249280210706,0
2017-12-26,10531.5,12.050000190734863,0.0036623979675021196,0.24544021206518835,-0.9698315407164957,0
2017-12-27,10490.75,12.489999771118164,-0.0038768496273459364,-0.3146301147815222,-0.9231596534141009,0
2017-12-28,10477.900390625,12.300000190734863,-0.0012256021006669842,-0.11767610177983888,-0.9433133976413721,0
2017-12-29,10530.7001953125,12.670000076293945,0.005026504801246669,0.3467760218549103,-0.9040665580292317,0
2018-01-02,10442.2001953125,13.6899995803833,-0.008439512288536271,-0.653577991979559,-0.7958725868852453,0
2018-01-03,10443.2001953125,13.619999885559082,9.576067320342099e-05,-0.01951563267011086,-0.8032976345754997,0
2018-01-04,10504.7998046875,13.420000076293945,0.005881209368789884,0.4102697140939635,-0.824512128803861,0
2018-01-05,10558.849609375,13.109999656677246,0.005132056867763014,0.35461719959173804,-0.857394670726837,0
2018-01-08,10623.599609375,13.739999771118164,0.006113570815585057,0.42753121795305915,-0.7905689380384829,0
2018-01-09,10637.0,13.850000381469727,0.001260584616212523,0.0670159897859268,-0.7789008903438683,0
2018-01-10,10632.2001953125,14.039999961853027,-0.0004513385294137436,-0.06015815374035109,-0.7587471461165971,0
2018-01-11,10651.2001953125,14.010000228881836,0.0017854294613236375,0.1060052947858135,-0.7619292949611793,0
2018-01-12,10681.25,13.729999542236328,0.0028172876803263624,0.1826592529833447,-0.791629688039573,0
2018-01-15,10741.5498046875,14.3100004196167,0.005629512900836509,0.3915718637714539,-0.7301075030392934,0
2018-01-16,10700.4501953125,14.09000015258789,-0.00383356587156863,-0.311414681551565,-0.7534434972698348,0
2018-01-17,10788.5498046875,13.859999656677246,0.00819955353642979,0.5824932363192493,-0.7778402415014662,0
2018-01-18,10817.0,13.960000038146973,0.002633602200690908,0.16901375516381104,-0.7672329438079416,0
2018-01-19,10894.7001953125,13.979999542236328,0.007157479729840962,0.505080389730496,-0.7651115449644494,0
2018-01-22,10966.2001953125,15.390000343322754,0.006541382438729125,0.4593121871530697,-0.6155491330474546,0
2018-01-23,11083.7001953125,16.229999542236328,0.010657745398174344,0.7651056657611482,-0.5264482572883371,0
2018-01-24,11086.0,18.040000915527344,0.000207472782716017,-0.011216841988370937,-0.33445675575593187,0
2018-01-25,11069.650390625,17.510000228881836,-0.0014758864718050037,-0.13626905124653152,-0.3906752919094491,0
2018-01-29,11130.400390625,17.889999389648438,0.00547297411504586,0.37994302046594064,-0.35036780345490665,0
2018-01-30,11049.650390625,16.420000076293945,-0.007281350035077295,-0.5675412484350775,-0.506294411902378,0
2018-01-31,11027.7001953125,15.930000305175781,-0.0019884815852113905,-0.17434835678648014,-0.5582699480515352,0
2018-02-01,11016.900390625,14.109999656677246,-0.000979814128127614,-0.0994171776122357,-0.7513220984263426,0
2018-02-02,10760.599609375,15.25,-0.023539213933076866,-1.7752940158868624,-0.6303993295866515,0
2018-02-05,10666.5498046875,16.049999237060547,-0.00877862069830589,-0.678769439203805,-0.5455413526732062,0
2018-02-06,10498.25,20.020000457763672,-0.01590408165467595,-1.208100675054812,-0.12443311115712326,1
2018-02-07,10476.7001953125,19.469999313354492,-0.0020548141539544224,-0.17927602403564688,-0.1827731473128206,1
2018-02-08,10576.849609375,17.770000457763672,0.009513851145813865,0.6801288534549171,-0.3630963988332355,0
2018-02-09,10454.9501953125,19.229999542236328,-0.0115920444485001,-0.8877710855227737,-0.20823054038685415,1
2018-02-12,10539.75,17.8799991607666,0.008078254517088934,0.5734822600177358,-0.35142855345599666,0
2018-02-14,10500.900390625,17.18000030517578,-0.003692818691702758,-0.30095895396886846,-0.42567923267591723,0
2018-02-15,10545.5,16.31999969482422,0.004238223668407977,0.28821674705171163,-0.5169017095959026,0
2018-02-16,10452.2998046875,16.3799991607666,-0.008877197442514924,-0.6860924390992277,-0.5105374119067382,0
2018-02-19,10378.400390625,16.670000076293945,-0.007095270288084443,-0.5537178869647555,-0.47977626882725444,0
2018-02-20,10360.400390625,16.8700008392334,-0.0017358770846747271,-0.155583051177576,-0.45856167344020526,0
2018-02-21,10397.4501953125,15.920000076293945,0.003569718731482044,0.23855532211341945,-0.5593306980526251,0
2018-02-22,10382.7001953125,14.829999923706055,-0.0014196242279203768,-0.1320894812131604,-0.6749498180455541,0
2018-02-23,10491.0498046875,14.199999809265137,0.010381515779008083,0.7445853139428965,-0.7417755507339081,0
2018-02-26,10582.599609375,13.699999809265137,0.008688611908417675,0.618824060953998,-0.7948118368841552,0
2018-02-27,10554.2998046875,13.920000076293945,-0.002677764703635068,-0.22555333666925706,-0.7714758426536139,0
2018-02-28,10492.849609375,13.8100004196167,-0.0058393057141950064,-0.46041567337425954,-0.7831437891895406,0
2018-03-01,10458.349609375,14.069999694824219,-0.003293370543887722,-0.27128503069064125,-0.7555649972720149,0
2018-03-05,10358.849609375,15.399999618530273,-0.009559475957881534,-0.7367770659528398,-0.6144884842050524,0
2018-03-06,10249.25,16.25,-0.01063665692404489,-0.8167979285392376,-0.5243267572861571,0
2018-03-07,10154.2001953125,15.699999809265137,-0.009317099938461516,-0.7187716065606933,-0.5826666922831666,0
2018-03-08,10242.650390625,14.59000015258789,0.00867298109371104,0.6176628899761928,-0.7004072111195876,0
2018-03-09,10226.849609375,14.529999732971191,-0.0015438368683495453,-0.14131690255042972,-0.7067716099674399,0
2018-03-12,10421.400390625,14.489999771118164,0.018844845326350685,1.3733031914444545,-0.7110145088131122,0
2018-03-13,10426.849609375,14.460000038146973,0.000522750722395459,0.012204304021542173,-0.7141966576576945,0
2018-03-14,10410.900390625,14.359999656677246,-0.0015308007692338495,-0.1403484859809138,-0.724803955351219,0
2018-03-15,10360.150390625,14.329999923706055,-0.004886618546444992,-0.3896431185918654,-0.7279861041958012,0
2018-03-16,10195.150390625,15.220000267028809,-0.0160545978679463,-1.2192821177255182,-0.6335814784312337,0
2018-03-19,10094.25,15.819999694824219,-0.00994620052782473,-0.765505789020079,-0.5699379957461498,0
2018-03-20,10124.349609375,15.609999656677246,0.002977420018466655,0.19455505158030922,-0.5922132399756012,0
2018-03-21,10155.25,15.109999656677246,0.003047438325629427,0.19975652237491542,-0.6452495261258483,0
2018-03-22,10114.75,15.25,-0.003996058598285198,-0.3234858270362353,-0.6303993295866515,0
2018-03-23,9998.0498046875,15.550000190734863,-0.011604700101594518,-0.8887112397856333,-0.5985775376647655,0
2018-03-26,10130.650390625,15.199999809265137,0.01317546616079525,0.952140336355258,-0.6357029784334137,0
2018-03-27,10184.150390625,15.550000190734863,0.005267107884641591,0.36464977462161935,-0.5985775376647655,0
2018-03-28,10113.7001953125,15.760000228881836,-0.006941668814759831,-0.5423072486634164,-0.5763022934353143,0
2018-04-02,10211.7998046875,15.350000381469727,0.009652935584409928,0.6904610604827138,-0.6197920318931268,0
2018-04-03,10245.0,15.1899995803833,0.0032458864317621047,0.21449869581670428,-0.6367637284345038,0
2018-04-04,10128.400390625,16.34000015258789,-0.011446384030859532,-0.8769503667852264,-0.5147802095937225,0
2018-04-05,10325.150390625,14.800000190734863,0.019239306758980577,1.4026066651296025,-0.6781319668901363,0
2018-04-06,10331.599609375,14.75,0.0006244175835545499,0.019756860353259086,-0.6834356157368986,0
2018-04-09,10379.349609375,14.869999885559082,0.004611095715747583,0.31591640365513746,-0.6707069191998818,0
2018-04-10,10402.25,14.5,0.0022039111834326382,0.13709317085465694,-0.7099537588120222,0
2018-04-11,10417.150390625,14.720000267028809,0.001431395034394698,0.07970503408863511,-0.6866177645814808,0
2018-04-12,10458.650390625,14.5600004196167,0.0039759006232568585,0.26872947703054817,-0.7035893599641698,0
2018-04-13,10480.599609375,14.140000343322754,0.002096467331850084,0.1291114575183511,-0.7481398484230725,0
2018-04-16,10528.349609375,14.260000228881836,0.004545689717794212,0.3110575688456119,-0.7354111518860558,0
2018-04-17,10548.7001953125,14.039999961853027,0.0019310664870136763,0.11682427579857949,-0.7587471461165971,0
2018-04-18,10526.2001953125,14.109999656677246,-0.0021352422200410556,-0.18525080768535368,-0.7513220984263426,0
2018-04-19,10565.2998046875,13.75,0.0037076219486611,0.24879977939473566,-0.789508188037393,0
2018-04-20,10564.0498046875,12.9399995803833,-0.00011831883371402492,-0.035419020627865415,-0.875427016110616,0
2018-04-23,10584.7001953125,13.149999618530273,0.0019528716532068399,0.11844412266036677,-0.8531517718811646,0
2018-04-24,10614.349609375,11.899999618530273,0.002797241731914462,0.18117009365573788,-0.9857424872567826,0
2018-04-25,10570.5498046875,12.399999618530273,-0.004135008266019891,-0.33380802230099765,-0.9327062011065355,0
2018-04-26,10617.7998046875,12.039999961853027,0.004460005540255803,0.3046923228822983,-0.9708922907175858,0
2018-04-27,10692.2998046875,12.020000457763672,0.006992018327494462,0.49278870935697366,-0.9730136895610779,0
2018-04-30,10739.349609375,12.359999656677246,0.004390691482923282,0.29954316890414473,-0.9369490999522077,0
2018-05-02,10718.0498046875,12.84000015258789,-0.0019853115722468315,-0.17411286509121043,-0.8860342126454527,0
2018-05-03,10679.650390625,12.989999771118164,-0.003589119852419833,-0.29325544747433435,-0.8701233672638538,0
2018-05-04,10618.25,13.25,-0.005765879228025447,-0.4549610181728184,-0.8425444741876401,0
2018-05-07,10715.5,13.760000228881836,0.009117072584576636,0.6506532465482334,-0.7884474380363029,0
2018-05-08,10717.7998046875,14.0600004196167,0.00021460108497364168,-0.010687299679929155,-0.7566256461144171,0
2018-05-09,10741.7001953125,14.270000457763672,0.002227489038162844,0.13884470595666293,-0.7343504018849657,0
2018-05-10,10716.5498046875,14.430000305175781,-0.002344124254457977,-0.20076808945870137,-0.7173788065022767,0
2018-05-11,10806.5,13.979999542236328,0.008358547680564028,0.5943044815597992,-0.7651115449644494,0
2018-05-14,10806.599609375,14.25,9.217500201396874e-06,-0.025944691084735315,-0.7364719018871457,0
2018-05-15,10801.849609375,13.170000076293945,-0.00043964284789006357,-0.05928931317088382,-0.8510302718789846,0
2018-05-16,10741.099609375,13.4399995803833,-0.005639911268794516,-0.44560319894601763,-0.8223907299603689,0
2018-05-17,10682.7001953125,13.40999984741211,-0.005451839472282671,-0.43163185350101374,-0.8255728788049511,0
2018-05-18,10596.400390625,14.149999618530273,-0.008111271197454395,-0.6291938484885861,-0.7470791995806704,0
2018-05-21,10516.7001953125,14.40999984741211,-0.007549869197766206,-0.5874888112813423,-0.7195003065044567,0
2018-05-22,10536.7001953125,13.600000381469727,0.0018999311888009693,0.11451131864641263,-0.8054190334189919,0
2018-05-23,10430.349609375,14.15999984741211,-0.010144631600820039,-0.7802466971161297,-0.7460184495795803,0
2018-05-24,10513.849609375,13.149999618530273,0.007973610404251362,0.5657085317056995,-0.8531517718811646,0
2018-05-25,10605.150390625,12.649999618530273,0.008646370571623485,0.6156860662128608,-0.9061880580314119,0
2018-05-28,10688.650390625,13.0600004196167,0.00784269833741265,0.5559834280875826,-0.8626982184149113,0
2018-05-29,10633.2998046875,13.069999694824219,-0.005191899405584954,-0.4123216085084721,-0.8616375695725093,0
2018-05-30,10614.349609375,13.40999984741211,-0.0017837455774774606,-0.1591390721295881,-0.8255728788049511,0
2018-05-31,10736.150390625,13.220000267028809,0.011409765823805856,0.8209712306308654,-0.8457266230322223,0
2018-06-01,10696.2001953125,13.569999694824219,-0.003728031736138272,-0.3035748358666513,-0.808601283422262,0
2018-06-04,10628.5,13.880000114440918,-0.00634948413268003,-0.4983154491803098,-0.7757187414992861,0
2018-06-05,10593.150390625,13.319999694824219,-0.003331469647161854,-0.27411531009914497,-0.8351194264973856,0
2018-06-06,10684.650390625,12.550000190734863,0.00860056590990892,0.6122833616942945,-0.9167952545662486,0
2018-06-07,10768.349609375,12.779999732971191,0.007803071219768874,0.5530396366214542,-0.892398611493305,0
2018-06-08,10767.650390625,12.699999809265137,-6.49348765086917e-05,-0.031453270732505416,-0.9008844091846495,0
2018-06-11,10786.9501953125,13.180000305175781,0.0017907833428202438,0.10640302017179921,-0.8499695218778945,0
2018-06-12,10842.849609375,12.729999542236328,0.005168752278609608,0.35734320248368057,-0.8977022603400674,0
2018-06-13,10856.7001953125,12.640000343322754,0.001276578356983104,0.06820412156011102,-0.907248706873814,0
2018-06-14,10808.0498046875,12.100000381469727,-0.004491210136474933,-0.36026929651959366,-0.9645278918697334,0
2018-06-15,10817.7001953125,12.069999694824219,0.0008924907821071907,0.039671293729186236,-0.9677101418730035,0
2018-06-18,10799.849609375,12.380000114440918,-0.0016514905857463397,-0.14931420625085307,-0.9348275999500276,0
2018-06-19,10710.4501953125,12.920000076293945,-0.00831229035595547,-0.6441270184618183,-0.8775484149541082,0
2018-06-20,10772.0498046875,12.170000076293945,0.005734879851344152,0.3993992897403243,-0.957102844179479,0
2018-06-21,10741.099609375,12.449999809265137,-0.002877330145384961,-0.2403785139541295,-0.9274025522597732,0
2018-06-22,10821.849609375,12.020000457763672,0.00748973404895337,0.5297626650849596,-0.9730136895610779,0
2018-06-25,10762.4501953125,12.579999923706055,-0.0055039602444048865,-0.43550376479066816,-0.9136131057216663,0
2018-06-26,10769.150390625,12.800000190734863,0.0006223592623338975,0.019603953232979063,-0.890277111491125,0
2018-06-27,10671.400390625,13.510000228881836,-0.009118299083682797,-0.7040032283753942,-0.8149655811114265,0
2018-06-28,10589.099609375,13.949999809265137,-0.007742169031781291,-0.6017742462049804,-0.7682936938090317,0
2018-06-29,10714.2998046875,12.9399995803833,0.011754146307527904,0.8465543259797486,-0.875427016110616,0
2018-07-02,10657.2998046875,13.369999885559082,-0.005334194556937323,-0.4228923307090645,-0.8298157776506233,0
2018-07-03,10699.900390625,13.0,0.003989347109783859,0.2697283801716605,-0.8690626172627637,0
2018-07-04,10769.900390625,12.65999984741211,0.0065208102070441875,0.45778393166354014,-0.9051273080303218,0
2018-07-05,10749.75,12.579999923706055,-0.0018727438548922296,-0.165750513615413,-0.9136131057216663,0
2018-07-06,10772.650390625,12.4399995803833,0.002128052526818883,0.13145783628455324,-0.9284633022608632,0
2018-07-09,10852.900390625,12.390000343322754,0.007421810355794803,0.524716797503432,-0.9337668499489375,0
2018-07-10,10947.25,12.399999618530273,0.008655921796766377,0.6163956009138065,-0.9327062011065355,0
2018-07-11,10948.2998046875,12.779999732971191,9.589206004582807e-05,-0.01950587229669899,-0.892398611493305,0
2018-07-12,11023.2001953125,12.510000228881836,0.006817985187144955,0.47986025773478336,-0.9210381534119209,0
2018-07-13,11018.900390625,12.300000190734863,-0.00039014473464332456,-0.05561223212060226,-0.9433133976413721,0
2018-07-16,10936.849609375,12.949999809265137,-0.007474230051277428,-0.5818697835251342,-0.874366266109526,0
2018-07-17,11008.0498046875,12.829999923706055,0.006489019959189796,0.4554223200726814,-0.8870949626465428,0
2018-07-18,10980.4501953125,13.680000305175781,-0.0025103689537061304,-0.21311795884196344,-0.7969332357276474,0
2018-07-19,10957.099609375,13.59000015258789,-0.00212882431847883,-0.18477403912451187,-0.806479783420082,0
2018-07-20,11010.2001953125,13.539999961853027,0.004834521296150269,0.33251408615167183,-0.8117834322668442,0
2018-07-23,11084.75,13.010000228881836,0.0067481562013002455,0.47467285110920093,-0.8680018672616736,0
2018-07-24,11134.2998046875,12.470000267028809,0.004460126536742217,0.30470131138424633,-0.925281052257593,0
2018-07-25,11132.0,12.210000038146973,-0.00020657268750096133,-0.04197516089439654,-0.9528599453338067,0
2018-07-26,11167.2998046875,12.029999732971191,0.0031660038191820943,0.20856443243376024,-0.9719530407186758,0
2018-07-27,11278.349609375,12.3100004196167,0.00989507665693427,0.7084490663049917,-0.9422526476402822,0
2018-07-30,11319.5498046875,12.59000015258789,0.0036463779405013436,0.24425012755800898,-0.9125523557205764,0
2018-07-31,11356.5,12.479999542236328,0.003258965149071806,0.215470278376665,-0.924220403415191,0
2018-08-01,11346.2001953125,12.529999732971191,-0.0009073639087465626,-0.09403504663187237,-0.9189167545684286,0
2018-08-02,11244.7001953125,12.5600004196167,-0.008985979419681003,-0.6941735581684663,-0.9157345045651585,0
2018-08-03,11360.7998046875,12.079999923706055,0.010271892255968624,0.7364416787052432,-0.9666493918719135,0
2018-08-06,11387.099609375,12.5600004196167,0.0023122852731850252,0.14514398907036474,-0.9157345045651585,0
2018-08-07,11389.4501953125,12.579999923706055,0.00020640403976921495,-0.011296236013305146,-0.9136131057216663,0
2018-08-08,11450.0,12.539999961853027,0.005302224530419492,0.3672584953236731,-0.9178560045673386,0
2018-08-09,11470.7001953125,12.680000305175781,0.0018062450766348273,0.10755163058712344,-0.9030058080281418,0
2018-08-10,11429.5,12.850000381469727,-0.003598242758917501,-0.2939331635407801,-0.8849734626443627,0
2018-08-13,11355.75,13.399999618530273,-0.006473508743511776,-0.5075289023069904,-0.8266336288060411,0
2018-08-14,11435.099609375,13.279999732971191,0.00696331478277028,0.4906564005989595,-0.8393623253430579,0
2018-08-16,11385.0498046875,13.649999618530273,-0.004386464262815843,-0.3524880086711644,-0.8001154857309175,0
2018-08-17,11470.75,13.15999984741211,0.007499242877784467,0.5304690502784902,-0.8520910218800747,0
2018-08-20,11551.75,13.029999732971191,0.007036623669863275,0.4961023196828478,-0.8658804684181814,0
2018-08-21,11570.900390625,12.899999618530273,0.001656418678663017,0.09642143243052234,-0.8796699149562883,0
2018-08-23,11582.75,12.760000228881836,0.001023563041648874,0.04940829763024023,-0.8945200103367973,0
2018-08-24,11557.099609375,12.40999984741211,-0.0022169894415104054,-0.19132358782304748,-0.9316454511054454,0
2018-08-27,11691.9501953125,12.239999771118164,0.011600654595540067,0.835151841551457,-0.9496777964892245,0
2018-08-28,11738.5,12.430000305175781,0.003973450407027797,0.2685474570893019,-0.9295239511032654,0
2018-08-29,11691.900390625,12.4399995803833,-0.003977710157774837,-0.3221227709826329,-0.9284633022608632,0
2018-08-30,11676.7998046875,12.40999984741211,-0.0012923772322029556,-0.12263664582274046,-0.9316454511054454,0
2018-08-31,11680.5,12.600000381469727,0.0003168341695652239,-0.0030926801397933574,-0.9114916057194863,0
2018-09-03,11582.349609375,13.390000343322754,-0.008438430776075216,-0.6534976493419242,-0.8276942776484433,0
2018-09-04,11520.2998046875,13.779999732971191,-0.005371674285373425,-0.4256765984348888,-0.7863260391928107,0
2018-09-05,11476.9501953125,13.649999618530273,-0.003769986473883496,-0.30669153993905673,-0.8001154857309175,0
2018-09-06,11536.900390625,13.720000267028809,0.005209934834070753,0.3604025432212454,-0.7926903368819752,0
2018-09-07,11589.099609375,13.890000343322754,0.0045143394792379185,0.3087286443562578,-0.7746579914981961,0
2018-09-10,11438.099609375,15.199999809265137,-0.013115113390097494,-1.000915760664288,-0.6357029784334137,0
2018-09-11,11287.5,15.329999923706055,-0.013253935347788789,-1.0112284686950992,-0.621913531895307,0
2018-09-12,11369.900390625,14.25,0.007273628261968242,0.5137087502575789,-0.7364719018871457,0
2018-09-14,11515.2001953125,13.84000015258789,0.012698371727607837,0.9166982803980275,-0.7799616403449584,0
2018-09-17,11377.75,14.5,-0.012008224872722099,-0.9186880043915081,-0.7099537588120222,0
2018-09-18,11278.900390625,14.420000076293945,-0.008725935642451747,-0.6748556088008439,-0.7184395565033667,0
2018-09-19,11234.349609375,14.010000228881836,-0.003957743942134398,-0.32063953478711726,-0.7619292949611793,0
2018-09-21,11143.099609375,15.539999961853027,-0.008155577062129398,-0.6324852114260113,-0.5996382876658556,0
2018-09-24,10967.400390625,17.43000030517578,-0.015893165427847328,-1.207289738067941,-0.39916108960079366,0
2018-09-25,11067.4501953125,16.68000030517578,0.009081113743931286,0.6479819614657496,-0.4787155188261644,0
2018-09-26,11053.7998046875,17.09000015258789,-0.001234142949208208,-0.1183105783338786,-0.4352257803683518,0
2018-09-27,10977.5498046875,16.920000076293945,-0.006921982157626523,-0.5408447801138088,-0.45325812575213087,0
2018-09-28,10930.4501953125,17.0,-0.004299770124143364,-0.3460477354249098,-0.4447723280607863,0
2018-10-01,11008.2998046875,16.84000015258789,0.007097025685968254,0.5005894222055496,-0.46174392344347537,0
2018-10-03,10858.25,18.1200008392334,-0.013724356268050715,-1.0461747674141741,-0.32597095806458737,0
2018-10-04,10599.25,18.920000076293945,-0.024141915818458322,-1.8200671099774968,-0.24111298115114219,1
2018-10-05,10316.4501953125,19.729999542236328,-0.027043516339215604,-2.0356191702586353,-0.155194254236607,1
2018-10-08,10348.0498046875,20.149999618530273,0.003058349730753957,0.20056710117042129,-0.11064376577770432,1
2018-10-09,10301.0498046875,19.760000228881836,-0.004552264462335634,-0.36480485737099416,-0.15201200423333688,1
2018-10-10,10460.099609375,17.90999984741211,0.015322168649223668,1.1116130621426887,-0.34824630345272656,0
2018-10-11,10234.650390625,20.549999237060547,-0.021788921165731508,-1.6452694968679584,-0.06821477732098175,1
2018-10-12,10472.5,18.6299991607666,0.022973713528550762,1.6800256507377935,-0.2718741242306259,1
2018-10-15,10512.5,18.889999389648438,0.003812251460013522,0.25657242300190497,-0.2442952311544123,1
2018-10-16,10584.75,17.3700008392334,0.006849260681022563,0.48218362964397676,-0.4055253872899581,0
2018-10-17,10453.0498046875,17.979999542236328,-0.012520502809902525,-0.9567437477668895,-0.3408212557624721,0
2018-10-19,10303.5498046875,19.790000915527344,-0.014405306077947945,-1.0967606883296728,-0.14882975423006678,1
2018-10-22,10245.25,21.360000610351562,-0.005674293551714025,-0.44815736581614724,0.017704151910929215,1
2018-10-23,10146.7998046875,19.040000915527344,-0.009655817945697833,-0.743934051835915,-0.22838418345543754,1
2018-10-24,10224.75,18.8799991607666,0.007652886157385112,0.5418827942550823,-0.2453559811555023,1
2018-10-25,10124.900390625,18.959999084472656,-0.009813476770964884,-0.7556460998469029,-0.2368701834641578,1
2018-10-26,10030.0,19.229999542236328,-0.009417173007402645,-0.7262057643762175,-0.20823054038685415,1
2018-10-29,10250.849609375,19.829999923706055,0.021779988895005153,1.591347074094187,-0.1445869565430824,1
2018-10-30,10198.400390625,20.5,-0.005129707325392901,-0.4077015269629021,-0.07351832500905615,1
2018-10-31,10386.599609375,19.799999237060547,0.018285592676591408,1.3317578236341963,-0.1477692065463525,1
2018-11-01,10380.4501953125,19.190000534057617,-0.0005922280054286613,-0.0706244521193642,-0.21247333807383853,1
2018-11-02,10553.0,18.229999542236328,0.016485931474334168,1.1980658570180143,-0.3143031126873485,0
2018-11-05,10524.0,19.479999542236328,-0.0027518165109068284,-0.23105444528527144,-0.18171239731173056,1
2018-11-06,10530.0,18.510000228881836,0.0005699629678378127,0.015711574130847967,-0.2846027196089548,1
2018-11-07,10598.400390625,17.719999313354492,0.006474757039787639,0.45436276633991723,-0.36840014883868566,0
2018-11-09,10585.2001953125,17.770000457763672,-0.0012462656636175824,-0.1192111420222455,-0.3630963988332355,0
2018-11-12,10482.2001953125,19.3700008392334,-0.009778218363148,-0.7530268480261255,-0.19338024268896942,1
2018-11-13,10582.5,18.700000762939453,0.009523094254035388,0.6808154989825486,-0.2644488742229957,1
2018-11-14,10576.2998046875,18.829999923706055,-0.000586063060967349,-0.07016647505786028,-0.25065952884357673,1
2018-11-15,10616.7001953125,18.450000762939453,0.003812621107308771,0.2565998831003914,-0.29096701729811925,1
2018-11-16,10682.2001953125,18.350000381469727,0.006150571652505879,0.4302799101225546,-0.30157431499164383,1
2018-11-19,10763.400390625,19.260000228881836,0.007572703131144189,0.5359262139532232,-0.20504829038358405,1
2018-11-20,10656.2001953125,19.329999923706055,-0.010009625523730635,-0.7702174605417234,-0.19762324269332956,1
2018-11-21,10600.0498046875,19.559999465942383,-0.005283201056794732,-0.4191041614080012,-0.17322659962038606,1
2018-11-22,10526.75,19.15999984741211,-0.006939063131569403,-0.5421136795018041,-0.21565558807710863,1
2018-11-26,10628.599609375,20.399999618530273,0.009628807669070337,0.6886686628647329,-0.08412562270258074,1
2018-11-27,10685.599609375,18.31999969482422,0.005348559924642655,0.3707006265258466,-0.30475656499491394,0
2018-11-28,10728.849609375,17.959999084472656,0.004039334223781422,0.27344178776605627,-0.34294275576465216,0
2018-11-29,10858.7001953125,18.700000762939453,0.01203028163822991,0.8670676733628323,-0.2644488742229957,1
2018-11-30,10876.75,19.15999984741211,0.0016608635822544591,0.09675163230470638,-0.21565558807710863,1
2018-12-03,10883.75,18.219999313354492,0.0006433675918710725,0.021164605253272094,-0.3153638626884385,0
2018-12-04,10869.5,18.110000610351562,-0.0013101492455916805,-0.12395688066343584,-0.3270317080656774,0
2018-12-05,10782.900390625,18.389999389648438,-0.007999119688821785,-0.6208624160338222,-0.29733151730465945,1
2018-12-06,10601.150390625,19.309999465942383,-0.016999059579474705,-1.2894436255968589,-0.19974474269550963,1
2018-12-07,10693.7001953125,18.59000015258789,0.008692278636606364,0.6190964522807533,-0.2761169219176103,1
2018-12-10,10488.4501953125,20.440000534057617,-0.019380130942287622,-1.4663269816133486,-0.0798826226982206,1
2018-12-11,10549.150390625,17.950000762939453,0.005770654643792864,0.4020569023797228,-0.34400330344836644,0
2018-12-12,10737.599609375,15.8100004196167,0.01770623905775317,1.2887192091596842,-0.570998644588552,0
2018-12-13,10791.5498046875,15.550000190734863,0.005011838341027756,0.34568649016555386,-0.5985775376647655,0
2018-12-14,10805.4501953125,15.15999984741211,0.0012872521687673252,0.06899705018852934,-0.639945877279086,0
2018-12-17,10888.349609375,14.539999961853027,0.007642719885813293,0.5411275694172707,-0.70571085996635,0
2018-12-18,10908.7001953125,14.579999923706055,0.0018672794743268973,0.11208571102873795,-0.7014679611206777,0
2018-12-19,10967.2998046875,14.65999984741211,0.005357446474361821,0.3713607842860393,-0.6929821634293332,0
2018-12-20,10951.7001953125,14.329999923706055,-0.0014233871991216722,-0.1323690221731979,-0.7279861041958012,0
2018-12-21,10754.0,15.989999771118164,-0.01821693480035375,-1.3799162840995916,-0.5519056503623707,0
2018-12-24,10663.5,15.75,-0.0084510833319759,-0.6544375735226322,-0.5773630434364042,0
2018-12-26,10729.849609375,15.920000076293945,0.006202845587195536,0.4341631994453786,-0.5593306980526251,0
2018-12-27,10779.7998046875,16.06999969482422,0.004644453671963747,0.3183944760630117,-0.5434198526710262,0
2018-12-28,10859.900390625,15.270000457763672,0.007403148015077441,0.5233304226518566,-0.6282778295844713,0
2018-12-31,10862.5498046875,16.0,0.00024393326275947618,-0.0085082914708256,-0.5508449003612806,0
2019-01-02,10792.5,16.389999389648438,-0.006469627145011258,-0.5072405488455178,-0.5094766619056481,0
2019-01-03,10672.25,16.790000915527344,-0.011204533761500678,-0.8589839639441338,-0.46704747113154976,0
2019-01-04,10727.349609375,16.15999984741211,0.005149603931252372,0.355920723512401,-0.5338733049785916,0
2019-01-07,10771.7998046875,16.299999237060547,0.0041350713736188,0.2805538418704252,-0.5190232095980827,0
2019-01-08,10802.150390625,15.699999809265137,0.0028136345625500237,0.18238787273733692,-0.5826666922831666,0
2019-01-09,10855.150390625,15.270000457763672,0.004894433183399924,0.3369647783264251,-0.6282778295844713,0
2019-01-10,10821.599609375,15.350000381469727,-0.003095557040757343,-0.2565900001906969,-0.6197920318931268,0
2019-01-11,10794.9501953125,15.350000381469727,-0.002465650421033224,-0.20979593991432738,-0.6197920318931268,0
2019-01-14,10737.599609375,16.15999984741211,-0.005326886232360374,-0.422349415029082,-0.5338733049785916,0
2019-01-15,10886.7998046875,15.579999923706055,0.013799464213669708,0.9984954651699592,-0.5953953888201833,0
2019-01-16,10890.2998046875,16.079999923706055,0.000321438583917674,-0.0027506306422975294,-0.5423591026699361,0
2019-01-17,10905.2001953125,16.239999771118164,0.001367290766106507,0.07494290125763874,-0.5253875072872471,0
2019-01-18,10906.9501953125,16.6200008392334,0.0001604610249256087,-0.014709218411888967,-0.48507981651532883,0
2019-01-21,10961.849609375,18.149999618530273,0.005020808629692447,0.34635286866568116,-0.322788910378693,0
2019-01-22,10922.75,17.989999771118164,-0.003573257146616415,-0.2920770499337012,-0.33976050576138206,0
2019-01-23,10831.5,18.09000015258789,-0.008389214537151498,-0.6498415079732538,-0.3291532080678575,0
2019-01-24,10849.7998046875,17.43000030517578,0.0016880730581589696,0.09877295072825577,-0.39916108960079366,0
2019-01-25,10780.5498046875,17.690000534057617,-0.006403062164968701,-0.5022956163890675,-0.37158219652458,0
2019-01-28,10661.5498046875,18.899999618530273,-0.011099773244971002,-0.8512015883164253,-0.24323448115332225,1
2019-01-29,10652.2001953125,18.43000030517578,-0.0008773312978436732,-0.09180400513962379,-0.29308851730029933,1
2019-01-30,10651.7998046875,17.850000381469727,-3.758830501756102e-05,-0.029421767848366066,-0.354610601141891,0
2019-01-31,10830.9501953125,17.1200008392334,0.016678920874278535,1.2124025179307893,-0.4320435303650817,0
2019-02-01,10893.650390625,15.720000267028809,0.005772292029816439,0.40217853936190984,-0.5805451922809864,0
2019-02-04,10912.25,15.720000267028809,0.0017059248691862574,0.10009911351984403,-0.5805451922809864,0
2019-02-05,10934.349609375,15.779999732971191,0.0020231630833451035,0.12366588302262922,-0.5741808945918221,0
2019-02-06,11062.4501953125,15.630000114440918,0.011647333726075786,0.8386195079952445,-0.590091739973421,0
2019-02-07,11069.400390625,15.4399995803833,0.0006280717930916961,0.020028321703226472,-0.6102455853593801,0
2019-02-08,10943.599609375,15.569999694824219,-0.011429805188104512,-0.8757187693660239,-0.5964561388212734,0
2019-02-11,10888.7998046875,15.84000015258789,-0.005020054711538446,-0.39955573064722905,-0.5678164957439698,0
2019-02-12,10831.400390625,15.75,-0.005285360831624847,-0.41926460524272086,-0.5773630434364042,0
2019-02-14,10746.0498046875,15.770000457763672,-0.007911132252471094,-0.6143260671985604,-0.5752415434342242,0
2019-02-15,10724.400390625,16.459999084472656,-0.0020166713974639474,-0.17644250174768633,-0.5020516142153937,0
2019-02-18,10640.9501953125,18.0,-0.007811771620307167,-0.6069448343856503,-0.338699755760292,0
2019-02-19,10604.349609375,18.469999313354492,-0.003445526538395949,-0.2825882882775313,-0.28884571961331496,1
2019-02-20,10735.4501953125,17.059999465942383,0.01228711014362708,0.8861467688762413,-0.4384080303716219,0
2019-02-21,10789.849609375,16.049999237060547,0.005054473607434973,0.3488537488729353,-0.5455413526732062,0
2019-02-22,10791.650390625,15.449999809265137,0.00016688193630472358,-0.014232226259885355,-0.6091848353582902,0
2019-02-25,10880.099609375,15.359999656677246,0.008162673513503154,0.5797535190948475,-0.6187313830507247,0
2019-02-26,10835.2998046875,17.110000610351562,-0.004126092031890748,-0.3331456593662184,-0.4331042803661717,0
2019-02-27,10806.650390625,18.899999618530273,-0.0026475831003447124,-0.2233112269352382,-0.24323448115332225,1
2019-02-28,10792.5,18.280000686645508,-0.0013102730795938819,-0.12396607995676255,-0.3089993626818983,0
2019-03-01,10863.5,16.270000457763672,0.006557097745663337,0.46047963483009724,-0.522205257283977,0
2019-03-05,10987.4501953125,15.65999984741211,0.011345183958033887,0.8161736183736431,-0.5869095911288388,0
2019-03-06,11053.0,15.609999656677246,0.0059481541776258,0.4152428630048765,-0.5922132399756012,0
2019-03-07,11058.2001953125,15.289999961853027,0.00047036753884395607,0.008312898896047983,-0.6261564307409792,0
2019-03-08,11035.400390625,14.9399995803833,-0.002063929117607768,-0.1799531500496557,-0.6632818715096274,0
2019-03-11,11168.0498046875,14.899999618530273,0.01194868284879883,0.8610059198400816,-0.6675247703552996,0
2019-03-12,11301.2001953125,15.100000381469727,0.011851926453906937,0.8538181487754142,-0.6463101749682504,0
2019-03-13,11341.7001953125,15.279999732971191,0.0035772840485137174,0.2391173290682678,-0.6272171807420692,0
2019-03-14,11343.25,15.149999618530273,0.00013663725743869715,-0.016479021707941018,-0.641006627280176,0
2019-03-15,11426.849609375,15.869999885559082,0.0073429617299341126,0.5188593461992211,-0.5646343468993875,0
2019-03-18,11462.2001953125,16.899999618530273,0.003088866890158751,0.20283413846124534,-0.4553796257543109,0
2019-03-19,11532.400390625,16.489999771118164,0.006105817158639563,0.42695521973505557,-0.4988693642121235,0
2019-03-20,11521.0498046875,16.030000686645508,-0.000984719142560533,-0.0997815578772518,-0.5476626503580105,0
2019-03-22,11456.900390625,16.270000457763672,-0.005583577314696379,-0.4414183017547022,-0.522205257283977,0
2019-03-25,11354.25,16.670000076293945,-0.00900007950222714,-0.6952210151913099,-0.47977626882725444,0
2019-03-26,11483.25,16.489999771118164,0.011297328693216403,0.8126185800929028,-0.4988693642121235,0
2019-03-27,11445.0498046875,17.049999237060547,-0.003332146821462826,-0.2741656155477068,-0.4394687803727119,0
2019-03-28,11570.0,16.649999618530273,0.010858236155870985,0.7799995822667735,-0.4818977688294345,0
2019-04-01,11669.150390625,18.010000228881836,0.008533099582725414,0.6072714705948917,-0.33763900575920197,0
2019-04-02,11713.2001953125,18.079999923706055,0.0037677868730356698,0.25326926901359353,-0.3302139580689475,0
2019-04-03,11643.9501953125,18.780000686645508,-0.005929679070481917,-0.4671292657529516,-0.2559630765316511,1
2019-04-04,11598.0,18.649999618530273,-0.00395407913661549,-0.3203672862903035,-0.2697526242284458,1
2019-04-05,11665.9501953125,18.389999389648438,0.005841689650914404,0.4073339010663432,-0.29733151730465945,1
2019-04-08,11604.5,20.149999618530273,-0.005281405184150887,-0.4189707508831498,-0.11064376577770432,1
2019-04-09,11671.9501953125,20.280000686645508,0.005795590267793092,0.4039093024910387,-0.09685421808090963,1
2019-04-10,11584.2998046875,21.1299991607666,-0.007537827950835446,-0.5865942995917726,-0.006692693479390056,1
2019-04-11,11596.7001953125,20.959999084472656,0.001069875484907893,0.05284872386731904,-0.024725038863169124,1
2019-04-12,11643.4501953125,21.0,0.004023215192085498,0.2722443484676629,-0.020482038858808987,1
2019-04-15,11690.349609375,21.389999389648438,0.004019874826265466,0.2719962017191875,0.020886199596823564,1
2019-04-16,11787.150390625,21.690000534057617,0.008246306446581041,0.5859663836512643,0.05270809267739732,1
2019-04-18,11752.7998046875,22.739999771118164,-0.002918494732110024,-0.24343651984285644,0.16408421266596607,1
2019-04-22,11594.4501953125,24.049999237060547,-0.013564941266796056,-1.034332257835635,0.30303922573074843,1
2019-04-23,11575.9501953125,24.649999618530273,-0.001596865278055509,-0.14525623978303046,0.3666828095745202,1
2019-04-24,11726.150390625,23.709999084472656,0.01289173694761699,0.9310628599676541,0.2669745349631903,1
2019-04-25,11641.7998046875,23.229999542236328,-0.007219371112150696,-0.5629370017666396,0.21605974881512321,1
2019-04-26,11754.650390625,21.719999313354492,0.00964688746996101,0.6900117624070641,0.055890140363291665,1
2019-04-30,11748.150390625,21.829999923706055,-0.0005531255807526546,-0.06771963867567848,0.06755818805790628,1
2019-05-02,11724.75,22.979999542236328,-0.0019938224921164987,-0.174745118325131,0.18954160573999962,1
2019-05-03,11712.25,24.030000686645508,-0.0010666895238500144,-0.1058709159548299,0.30091792804594414,1
2019-05-06,11598.25,26.43000030517578,-0.00978107795702945,-0.7532392795267076,0.5554920611036553,1
2019-05-07,11497.900390625,26.479999542236328,-0.008689780690377916,-0.6721697551303856,0.5607956087917298,1
2019-05-08,11359.4501953125,26.3700008392334,-0.012114430150335101,-0.9265777074152166,0.549127763414491,1
2019-05-09,11301.7998046875,25.489999771118164,-0.005088026035289156,-0.4046051365767117,0.4557837864923255,1
2019-05-10,11278.900390625,26.34000015258789,-0.0020282295690185756,-0.1773011270732128,0.5459455134112209,1
2019-05-13,11148.2001953125,27.3799991607666,-0.011655690801341047,-0.892499201052842,0.6562608833986996,1
2019-05-14,11222.0498046875,27.1299991607666,0.006602508032110876,0.4638530422759881,0.629742740323576,1
2019-05-15,11157.0,28.65999984741211,-0.0058134718372332824,-0.45849654447821986,0.7920338487775875,1
2019-05-16,11257.099609375,28.3700008392334,0.00893190238330833,0.6368974527714804,0.7612729080154796,1
2019-05-17,11407.150390625,28.079999923706055,0.013241380029110125,0.9570368994812747,0.7305117649359959,1
2019-05-20,11828.25,23.68000030517578,0.03625035203017847,2.66631124110805,0.263792487277296,1
2019-05-21,11709.099609375,25.649999618530273,-0.010124454145348287,-0.7787477684844819,0.47275538187501454,1
2019-05-22,11737.900390625,27.6299991607666,0.0024566721316128274,0.15587009853615402,0.6827790264738232,1
2019-05-23,11657.0498046875,19.40999984741211,-0.006911825598039294,-0.5400902767530829,-0.18913744500198504,1
2019-05-24,11844.099609375,16.469999313354492,0.01591868987483049,1.1559270117236675,-0.5009908642143036,0
2019-05-27,11924.75,16.190000534057617,0.00678625187736734,0.4775028759197569,-0.5306910549753215,0
2019-05-28,11928.75,15.920000076293945,0.00033538055526396364,-0.001714919273149785,-0.5593306980526251,0
2019-05-29,11861.099609375,16.40999984741211,-0.005687347678687314,-0.44912712162647833,-0.5073551619034681,0
2019-05-30,11945.900390625,15.609999656677246,0.007124050901094894,0.5025970523939285,-0.5922132399756012,0
2019-05-31,11922.7998046875,16.06999969482422,-0.001935638971628022,-0.17042282184565982,-0.5434198526710262,0
2019-06-03,12088.5498046875,15.970000267028809,0.013806190447529239,0.9989951389038116,-0.5540270492058629,0
2019-06-04,12021.650390625,15.630000114440918,-0.0055494840533033855,-0.438885605512614,-0.590091739973421,0
2019-06-06,11843.75,15.529999732971191,-0.014908921111632112,-1.1341728880182935,-0.6006990376669457,0
2019-06-07,11870.650390625,14.859999656677246,0.0022686976453037896,0.14190598200310803,-0.6717676692009719,0
2019-06-10,11922.7001953125,14.979999542236328,0.004375162508348263,0.29838956335446515,-0.6590389726639551,0
2019-06-11,11965.599609375,14.489999771118164,0.003591671280959742,0.24018611768106926,-0.7110145088131122,0
2019-06-12,11906.2001953125,14.119999885559082,-0.0049765444699523915,-0.3963234723986827,-0.7502613484252526,0
2019-06-13,11914.0498046875,13.65999984741211,0.0006590703001973485,0.02233111701376737,-0.7990547357298274,0
2019-06-14,11823.2998046875,13.899999618530273,-0.00764621523730026,-0.5946460981555786,-0.7735973426557939,0
2019-06-17,11672.150390625,14.649999618530273,-0.012866448437943826,-0.9824431134569995,-0.6940429134304232,0
2019-06-18,11691.5,14.600000381469727,0.0016563861789982873,0.09641901811826921,-0.6993464611184976,0
2019-06-19,11691.4501953125,14.729999542236328,-4.259914774167141e-06,-0.026945891816698406,-0.6855571157390786,0
2019-06-20,11831.75,14.0,0.011928773907426743,0.8595269383951617,-0.7629900449622693,0
2019-06-21,11724.099609375,14.609999656677246,-0.009140077037704798,-0.7056210537185346,-0.6982858122760954,0
2019-06-24,11699.650390625,15.220000267028809,-0.0020875587921609646,-0.18170853470625378,-0.6335814784312337,0
2019-06-25,11796.4501953125,15.010000228881836,0.00823969509310694,0.5854752440707485,-0.655856722660685,0
2019-06-26,11847.5498046875,14.75,0.0043224233576614314,0.29447171439259046,-0.6834356157368986,0
2019-06-27,11841.5498046875,14.649999618530273,-0.0005065621089227406,-0.06426056420454446,-0.6940429134304232,0
2019-06-28,11788.849609375,14.949999809265137,-0.004460380187531091,-0.35797902293931705,-0.6622211215085373,0
2019-07-01,11865.599609375,14.600000381469727,0.006489288220080564,0.4554422484492047,-0.6993464611184976,0
2019-07-02,11910.2998046875,14.25,0.003760130979735517,0.25270053339256815,-0.7364719018871457,0
2019-07-03,11916.75,13.699999809265137,0.0005414178862205623,0.01359103716875584,-0.7948118368841552,0
2019-07-04,11946.75,13.529999732971191,0.0025143014062712723,0.16015122159092016,-0.8128441822679343,0
2019-07-05,11811.150390625,13.069999694824219,-0.011415241213692496,-0.8746368510702646,-0.8616375695725093,0
2019-07-08,11558.599609375,13.850000381469727,-0.021614318798492883,-1.6322987589186742,-0.7789008903438683,0
2019-07-09,11555.900390625,13.6899995803833,-0.0002335519922360358,-0.04397938052387201,-0.7958725868852453,0
2019-07-10,11498.900390625,13.640000343322754,-0.0049447502653284115,-0.39396156687010553,-0.8011761345733197,0
2019-07-11,11582.900390625,12.470000267028809,0.007278493704286908,0.5140701908171821,-0.925281052257593,0
2019-07-12,11552.5,12.0,-0.002628042532973005,-0.22185961099917037,-0.9751351895632581,0
2019-07-15,11588.349609375,12.020000457763672,0.003098385639232596,0.2035412606027974,-0.9730136895610779,0
2019-07-16,11662.599609375,11.5600004196167,0.006386857732255645,0.4478329643564031,-1.0218070768656529,0
2019-07-17,11687.5,11.800000190734863,0.00213278748103271,0.13180958323552944,-0.9963496837916194,0
2019-07-18,11596.900390625,11.75,-0.007782039913567366,-0.6047361462503978,-1.0016533326383816,0
2019-07-19,11419.25,12.520000457763672,-0.015437326885714045,-1.1734267248069923,-0.9199774034108308,0
2019-07-22,11346.2001953125,13.010000228881836,-0.00641762449493666,-0.5033774125235223,-0.8680018672616736,0
2019-07-23,11331.0498046875,13.430000305175781,-0.001336175495625011,-0.1258903004350219,-0.823451378802771,0
2019-07-24,11271.2998046875,12.760000228881836,-0.005287073265915101,-0.4193918173578,-0.8945200103367973,0
2019-07-25,11252.150390625,12.640000343322754,-0.001700398341321937,-0.1529474312253561,-0.907248706873814,0
2019-07-26,11284.2998046875,12.130000114440918,0.0028531055771835413,0.18532006773274626,-0.9613457430251512,0
2019-07-29,11189.2001953125,13.0600004196167,-0.008463316975262767,-0.6553463778174909,-0.8626982184149113,0
2019-07-30,11085.400390625,13.609999656677246,-0.009320082365343962,-0.7189931629929279,-0.8043583845765898,0
2019-07-31,11118.0,13.59000015258789,0.002936454076975709,0.19151180250912925,-0.806479783420082,0
2019-08-01,10980.0,14.5600004196167,-0.012489980449893174,-0.9544763241372092,-0.7035893599641698,0
2019-08-02,10997.349609375,15.1899995803833,0.001578863082899198,0.09066003683742418,-0.6367637284345038,0
2019-08-05,10862.599609375,16.59000015258789,-0.012328638591802651,-0.9424906735722158,-0.48826206651859894,0
2019-08-06,10948.25,16.1200008392334,0.007853965566277007,0.5568204400670046,-0.538116102665576,0
2019-08-07,10855.5,16.739999771118164,-0.00850776214660283,-0.6586480894705473,-0.47235122113699995,0
2019-08-08,11032.4501953125,16.09000015258789,0.016169083798241606,1.1745280995326324,-0.5412983526688461,0
2019-08-09,11109.650390625,15.850000381469727,0.006973187375465333,0.4913898088267674,-0.5667557457428797,0
2019-08-13,10925.849609375,17.780000686645508,-0.016682629759426824,-1.265936909507661,-0.3620356488321455,0
2019-08-14,11029.400390625,16.360000610351562,0.009432964697282421,0.6741200178122951,-0.5126587095915425,0
2019-08-16,11047.7998046875,16.649999618530273,0.00166682533651526,0.09719451491539396,-0.4818977688294345,0
2019-08-19,11053.900390625,16.75,0.0005520467691192048,0.014380628151697697,-0.47129047113590994,0
2019-08-20,11017.0,16.6299991607666,-0.0033438078514244876,-0.27503188194628747,-0.48401926883161456,0
2019-08-21,10918.7001953125,17.020000457763672,-0.008962600859057328,-0.692436828086985,-0.4426508280586063,0
2019-08-22,10741.349609375,17.850000381469727,-0.016376190359974212,-1.2431723547625142,-0.354610601141891,0
2019-08-23,10829.349609375,17.350000381469727,0.008159261534645986,0.5795000524073981,-0.40764688729213816,0
2019-08-26,11057.849609375,16.65999984741211,0.020880542984676998,1.5245296684259255,-0.48083701882834445,0
2019-08-27,11105.349609375,16.010000228881836,0.004286391351556263,0.2917949940458473,-0.5497841503601907,0
2019-08-28,11046.099609375,16.84000015258789,-0.005349549884040612,-0.42403303645740126,-0.46174392344347537,0
2019-08-29,10948.2998046875,16.43000030517578,-0.008893213897011299,-0.6872822582147109,-0.5052336619012879,0
2019-08-30,11023.25,16.280000686645508,0.00682250334649108,0.48019589958098813,-0.521144507282887,0
2019-09-03,10797.900390625,18.059999465942383,-0.020654971620241963,-1.5610314499567524,-0.3323354580711276,0
2019-09-04,10844.650390625,17.239999771118164,0.004320199886309888,0.29430653871545204,-0.41931493498675276,0
2019-09-05,10847.900390625,17.270000457763672,0.00029964203445609783,-0.004369837390384369,-0.41613268498348266,0
2019-09-06,10946.2001953125,16.270000457763672,0.00902083303672415,0.6435038706531966,-0.522205257283977,0
2019-09-09,11003.0498046875,15.850000381469727,0.005180107429441778,0.3581867459484572,-0.5667557457428797,0
2019-09-11,11035.7001953125,15.369999885559082,0.0029630005796600876,0.19348387044402993,-0.6176706330496347,0
2019-09-12,10982.7998046875,14.899999618530273,-0.004805095025496559,-0.3835869565612558,-0.6675247703552996,0
2019-09-13,11075.900390625,14.119999885559082,0.008441217109748283,0.600445770016103,-0.7502613484252526,0
2019-09-16,11003.5,14.949999809265137,-0.006558207998363749,-0.5138209810259642,-0.6622211215085373,0
2019-09-17,10817.599609375,16.020000457763672,-0.017039002763312223,-1.292410896766261,-0.5487234003591006,0
2019-09-18,10840.650390625,15.350000381469727,0.002128592102631135,0.13149791991328738,-0.6197920318931268,0
2019-09-19,10704.7998046875,15.550000190734863,-0.012610772583449698,-0.9634496452638085,-0.5985775376647655,0
2019-09-20,11274.2001953125,15.399999618530273,0.051824725995144275,3.823289388761933,-0.6144884842050524,0
2019-09-23,11600.2001953125,16.790000915527344,0.028505409421526316,2.090960387635483,-0.46704747113154976,0
2019-09-24,11588.2001953125,16.729999542236328,-0.0010350003337080292,-0.10351681166828845,-0.47341197113808997,0
2019-09-25,11440.2001953125,16.170000076293945,-0.01285387045749521,-0.9815087292850642,-0.5328125549775016,0
2019-09-26,11571.2001953125,16.34000015258789,0.011385783826013008,0.819189672833048,-0.5147802095937225,0
2019-09-27,11512.400390625,16.110000610351562,-0.005094519950938459,-0.4050875520186326,-0.539176852666666,0
2019-09-30,11474.4501953125,15.869999885559082,-0.003301907727659163,-0.2719192349988389,-0.5646343468993875,0
2019-10-01,11359.900390625,16.760000228881836,-0.01003319671254013,-0.7719685004504964,-0.47022972113481987,0
2019-10-03,11314.0,17.700000762939453,-0.004048747902700529,-0.3273999730533241,-0.37052144652349,0
2019-10-04,11174.75,17.579999923706055,-0.012384128036227408,-0.9466128344224249,-0.3832502442191946,0
2019-10-07,11126.400390625,17.829999923706055,-0.004336070945390455,-0.34874442532199657,-0.35673210114407106,0
2019-10-09,11313.2998046875,17.15999984741211,0.016658309554353663,1.2108713586815623,-0.4278007326780973,0
2019-10-10,11234.5498046875,17.229999542236328,-0.006985173448092334,-0.5455390902899644,-0.42037568498784283,0
2019-10-11,11305.0498046875,17.139999389648438,0.006255677219734019,0.4380879186340538,-0.42992223268027735,0
2019-10-14,11341.150390625,17.43000030517578,0.0031882272704231176,0.21021535256121798,-0.39916108960079366,0
2019-10-15,11428.2998046875,16.850000381469727,0.007654979710518189,0.542038318658912,-0.46068317344238535,0
2019-10-16,11464.0,16.360000610351562,0.0031189722795879394,0.20507058647350787,-0.5126587095915425,0
2019-10-17,11586.349609375,15.880000114440918,0.010615956850818441,0.7620013075235884,-0.5635735968982974,0
2019-10-18,11661.849609375,15.930000305175781,0.006495149556810502,0.4558776713129316,-0.5582699480515352,0
2019-10-22,11588.349609375,16.809999465942383,-0.006322547531982618,-0.4963144019183724,-0.46492617344674547,0
2019-10-23,11604.099609375,16.540000915527344,0.0013582008758651655,0.07426763787963961,-0.4935656142066734,0
2019-10-24,11582.599609375,16.239999771118164,-0.001854512016487498,-0.16439611961708717,-0.5253875072872471,0
2019-10-25,11583.900390625,15.319999694824219,0.00011229846989121649,-0.018287084452303624,-0.6229742818963969,0
2019-10-29,11786.849609375,16.420000076293945,0.017368233407476515,1.2636096829576473,-0.506294411902378,0
2019-10-30,11844.099609375,16.65999984741211,0.004845350178432992,0.3333185345483015,-0.48083701882834445,0
2019-10-31,11877.4501953125,16.280000686645508,0.0028118405572833054,0.18225460093488513,-0.521144507282887,0
2019-11-01,11890.599609375,15.729999542236328,0.0011064782775295006,0.05556784640165455,-0.5794845434385844,0
2019-11-04,11941.2998046875,15.930000305175781,0.004254824252091804,0.28944995954575425,-0.5582699480515352,0
2019-11-05,11917.2001953125,15.920000076293945,-0.002020212299297299,-0.17670554577458533,-0.5593306980526251,0
2019-11-06,11966.0498046875,15.779999732971191,0.004090706038353768,0.277258061023603,-0.5741808945918221,0
2019-11-07,12012.0498046875,15.210000038146973,0.003836839214212366,0.25839898080589374,-0.6346422284323237,0
2019-11-08,11908.150390625,15.859999656677246,-0.008687223905779385,-0.6719798185130028,-0.5656950969004775,0
2019-11-11,11913.4501953125,16.25,0.0004449579074941643,0.006425286059873564,-0.5243267572861571,0
2019-11-13,11840.4501953125,16.459999084472656,-0.006146378372844679,-0.4832272712335916,-0.5020516142153937,0
2019-11-14,11872.099609375,15.649999618530273,0.0026694246816312177,0.17167491045235858,-0.5879703411299289,0
2019-11-15,11895.4501953125,15.029999732971191,0.001964913812506188,0.11933870212733308,-0.6537353238171928,0
2019-11-18,11884.5,15.760000228881836,-0.0009209603886071214,-0.09504509237233481,-0.5763022934353143,0
2019-11-19,11940.099609375,15.40999984741211,0.004667420332106962,0.32010060717107847,-0.6134277342039623,0
2019-11-20,11999.099609375,15.15999984741211,0.004929163997457979,0.3395448366328322,-0.639945877279086,0
2019-11-21,11968.400390625,14.979999542236328,-0.0025617386493080496,-0.21693407468692433,-0.6590389726639551,0
2019-11-22,11914.400390625,14.869999885559082,-0.004522090396049399,-0.36256330754064053,-0.6707069191998818,0
2019-11-25,12073.75,15.0,0.013285889135891809,0.9603433607254852,-0.656917472661775,0
2019-11-26,12037.7001953125,14.84000015258789,-0.0029902665544935493,-0.24876825454383564,-0.673889068044464,0
2019-11-27,12100.7001953125,14.619999885559082,0.005219910352766259,0.36114359754344,-0.6972250622750054,0
2019-11-28,12151.150390625,13.989999771118164,0.004160529350791835,0.28244504618713995,-0.7640507949633594,0
2019-11-29,12056.0498046875,13.899999618530273,-0.00785725523266999,-0.6103236890156033,-0.7735973426557939,0
2019-12-02,12048.2001953125,14.199999809265137,-0.000651305031476376,-0.07501312471187667,-0.7417755507339081,0
2019-12-03,11994.2001953125,14.5600004196167,-0.004492071500914214,-0.36033328495570394,-0.7035893599641698,0
2019-12-04,12043.2001953125,13.319999694824219,0.0040769856204158446,0.27623880825835134,-0.8351194264973856,0
2019-12-05,12018.400390625,14.3100004196167,-0.002061360247465576,-0.1797623156298991,-0.7301075030392934,0
2019-12-06,11921.5,13.640000343322754,-0.00809534862199821,-0.6280110033932638,-0.8011761345733197,0
2019-12-09,11937.5,14.600000381469727,0.0013412131605239934,0.07300566642110697,-0.6993464611184976,0
2019-12-10,11856.7998046875,14.289999961853027,-0.006783179618895446,-0.5305335146650667,-0.7322290030414735,0
2019-12-11,11910.150390625,13.380000114440918,0.004489484356039674,0.3068822244319448,-0.8287550276495332,0
2019-12-12,11971.7998046875,13.350000381469727,0.005162857346029799,0.35690528387506915,-0.8319371764941155,0
2019-12-13,12086.7001953125,13.300000190734863,0.009551822783961173,0.6829496638236602,-0.8372408253408778,0
2019-12-16,12053.9501953125,13.420000076293945,-0.002713267419203363,-0.2281907374525751,-0.824512128803861,0
2019-12-17,12165.0,12.520000457763672,0.009170552980705609,0.6546261606305768,-0.9199774034108308,0
2019-12-18,12221.650390625,12.34000015258789,0.004646024904610523,0.3185111986896348,-0.9390704987956999,0
2019-12-19,12259.7001953125,12.119999885559082,0.003108475179285728,0.2042907852634747,-0.9624064930262413,0
2019-12-20,12271.7998046875,12.329999923706055,0.0009864549951019103,0.04665164114738337,-0.9401312487967899,0
2019-12-23,12262.75,11.960000038146973,-0.0007377192709850936,-0.08143260500576306,-0.9793780884089303,0
2019-12-24,12214.5498046875,11.630000114440918,-0.003938363953434116,-0.3191998478065398,-1.0143820291753984,0
2019-12-26,12126.5498046875,11.119999885559082,-0.007230600491364134,-0.5637712019977944,-1.0684790653267355,0
2019-12-27,12245.7998046875,10.529999732971191,0.009785757510884093,0.7003280424112063,-1.1310618991694172,0
2019-12-30,12255.849609375,11.010000228881836,0.0008203370378256411,0.034311187082656104,-1.0801470118626624,0
2019-12-31,12168.4501953125,11.670000076293945,-0.007156789574995062,-0.5582879885158641,-1.010139130329726,0
2020-01-02,12282.2001953125,11.489999771118164,0.009304523097122144,0.6645784384865759,-1.0292322257145952,0
2020-01-03,12226.650390625,12.699999809265137,-0.004533048142335533,-0.36337732889579166,-0.9008844091846495,0
2020-01-06,11993.0498046875,14.779999732971191,-0.01929072847314149,-1.4596855138162448,-0.6802534668923164,0
2020-01-07,12052.9501953125,14.609999656677246,0.004982160403270252,0.3434817963826703,-0.6982858122760954,0
2020-01-08,12025.349609375,15.640000343322754,-0.0022925703434345888,-0.19693828874797442,-0.589030989972331,0
2020-01-09,12215.900390625,14.0,0.015721524760104574,1.1412801482458357,-0.7629900449622693,0
2020-01-10,12256.7998046875,14.079999923706055,0.003342455210374022,0.22167252937501894,-0.7545042472709248,0
2020-01-13,12329.5498046875,14.279999732971191,0.005917935234497193,0.41299797939519556,-0.7332897530425635,0
2020-01-14,12362.2998046875,13.90999984741211,0.0026526987425187607,0.17043238564233198,-0.7725365926547039,0
2020-01-15,12343.2998046875,14.119999885559082,-0.0015381131440847836,-0.14089170254480368,-0.7502613484252526,0
2020-01-16,12355.5,14.180000305175781,0.0009879181499700635,0.04676033496794365,-0.7438969495774003,0
2020-01-17,12352.349609375,14.130000114440918,-0.00025501131760789477,-0.04557353580577838,-0.7492005984241625,0
2020-01-20,12224.5498046875,15.40999984741211,-0.01040008785925209,-0.7992238521113902,-0.6134277342039623,0
2020-01-21,12169.849609375,15.859999656677246,-0.004484659455009181,-0.3597826640985946,-0.5656950969004775,0
2020-01-22,12106.900390625,16.360000610351562,-0.005185979163736476,-0.4118818097426968,-0.5126587095915425,0
2020-01-23,12180.349609375,15.859999656677246,0.0060483951593072694,0.4226894946040483,-0.5656950969004775,0
2020-01-24,12248.25,15.5600004196167,0.005559104211847819,0.38634139256611894,-0.5975167876636756,0
2020-01-27,12119.0,17.18000030517578,-0.010608600656474901,-0.8147137042515566,-0.42567923267591723,0
2020-01-28,12055.7998046875,17.299999237060547,-0.005228613250633523,-0.41504898082745556,-0.41295063729758835,0
2020-01-29,12129.5,16.5,0.006094646255253335,0.42612536351505653,-0.4978086142110335,0
2020-01-30,12035.7998046875,16.799999237060547,-0.007754976405079576,-0.602725671351718,-0.4659869234478355,0
2020-01-31,11962.099609375,17.3700008392334,-0.006142239847635705,-0.4829198313813659,-0.4055253872899581,0
2020-02-03,11707.900390625,15.779999732971191,-0.02147942474929971,-1.6222778445938912,-0.5741808945918221,0
2020-02-04,11979.650390625,14.380000114440918,0.02294554852001912,1.677933348377975,-0.722682455349039,0
2020-02-05,12089.150390625,14.170000076293945,0.009098978920125088,0.649309117119435,-0.7449576995784902,0
2020-02-06,12137.9501953125,13.779999732971191,0.00402853577236436,0.2726395999961885,-0.7863260391928107,0
2020-02-07,12098.349609375,13.75,-0.003267876820959125,-0.26939117091835896,-0.789508188037393,0
2020-02-10,12031.5,14.210000038146973,-0.005540836887552729,-0.4382432309404382,-0.740714800732818,0
2020-02-11,12107.900390625,13.880000114440918,0.0063299538920958175,0.44360573186984487,-0.7757187414992861,0
2020-02-12,12201.2001953125,13.619999885559082,0.0076761591804553895,0.5436116842369672,-0.8032976345754997,0
2020-02-13,12174.650390625,13.369999885559082,-0.002178370358219195,-0.18845468050446984,-0.8298157776506233,0
2020-02-14,12113.4501953125,13.619999885559082,-0.005039531569823334,-0.4010026138074291,-0.8032976345754997,0
2020-02-17,12045.7998046875,14.420000076293945,-0.005600386389670753,-0.4426670025032121,-0.7184395565033667,0
2020-02-18,11992.5,14.510000228881836,-0.004434580853707973,-0.3560624601596816,-0.7088930088109322,0
2020-02-19,12125.900390625,14.020000457763672,0.011062238693018929,0.7951543793762468,-0.7608685449600893,0
2020-02-20,12080.849609375,13.699999809265137,-0.003722171151700223,-0.3031394688886555,-0.7948118368841552,0
2020-02-24,11829.400390625,17.0,-0.02103353072205037,-1.5891535824657728,-0.4447723280607863,0
2020-02-25,11797.900390625,16.899999618530273,-0.002666408571566386,-0.224709720311072,-0.4553796257543109,0
2020-02-26,11678.5,18.260000228881836,-0.010172038146389433,-0.7822826553124461,-0.3111208626840784,0
2020-02-27,11633.2998046875,17.770000457763672,-0.0038778860778288546,-0.31470710988659406,-0.3630963988332355,0
2020-02-28,11201.75,23.239999771118164,-0.0378016423222764,-2.834811272625501,0.21712049881621323,1
2020-03-02,11132.75,25.200000762939453,-0.0061788013630017435,-0.48563588753994874,0.42502284573021754,1
2020-03-03,11303.2998046875,24.540000915527344,0.015203486470954998,1.102796483891666,0.35501496419728135,1
2020-03-04,11251.0,24.229999542236328,-0.0046376876143074345,-0.3711507124504608,0.3221323211156175,1
2020-03-05,11269.0,23.25,0.0015985793812774052,0.09212470735500151,0.21818124881730327,1
2020-03-06,10989.4501953125,25.639999389648438,-0.02511985353017798,-1.8927154594245734,0.4716946318739245,1
2020-03-09,10451.4501953125,30.799999237060547,-0.05019499598647564,-3.7554800197532887,1.0190290887590852,1
2020-03-11,10458.400390625,31.559999465942383,0.0006647771623133455,0.022755064375936464,1.099644267985546,1
2020-03-12,9590.150390625,41.15999984741211,-0.08666894981793948,-6.4650314685927235,2.1179410025337666,1
2020-03-13,9955.2001953125,51.470001220703125,0.03735847654239177,2.748630816096708,3.211549368620374,1
2020-03-16,9197.400390625,58.880001068115234,-0.07917416945110371,-5.908264491929635,3.997547113181647,1
2020-03-17,8967.0498046875,62.93000030517578,-0.02536415171509603,-1.9108637112963662,4.427140950071698,1
2020-03-18,8468.7998046875,63.959999084472656,-0.05716792711513327,-4.273480226959056,4.536395570058088,1
2020-03-19,8263.4501953125,72.19999694824219,-0.02454659954775134,-1.8501299704530658,5.4104333392187,1
2020-03-20,8745.4501953125,67.0999984741211,0.05669138794443699,4.1848205514280075,4.869463382340079,1
2020-03-23,7610.25,71.98999786376953,-0.13903756461051203,-10.355354320362219,5.388158196147937,1
2020-03-24,7801.0498046875,83.61000061035156,0.024762292138464665,1.812894321522667,6.620721777616701,1
2020-03-25,8317.849609375,77.62999725341797,0.06414544603118057,4.738562379966665,5.986407439181164,1
2020-03-26,8641.4501953125,71.52999877929688,0.03816665439616388,2.808668164521467,5.3393649100020495,1
2020-03-27,8660.25,70.38999938964844,0.002173175106963937,0.13480987080684123,5.218442242321046,1
2020-03-30,8281.099609375,71.88999938964844,-0.04476782787370225,-3.3523103691305733,5.377551100771788,1
2020-03-31,8597.75,64.41000366210938,0.03752477847769833,2.760984937392052,4.584128713155011,1
2020-04-01,8253.7998046875,60.04999923706055,-0.040826864424490454,-3.059546846070355,4.121651828548544,1
2020-04-03,8083.7998046875,55.29999923706055,-0.02081164185069997,-1.5726700579313369,3.6178071101211966,1
2020-04-07,8792.2001953125,51.79999923706055,0.08400295216282225,6.213722839892276,3.246553107069466,1
2020-04-08,8748.75,52.2400016784668,-0.004954153987953298,-0.3946601440076564,3.2932252978479246,1
2020-04-09,9111.900390625,49.75,0.0406704613937413,2.9946692191164286,3.029104414780403,1
2020-04-13,8993.849609375,51.459999084472656,-0.013040327423561648,-0.9953601133408203,3.2104884163019083,1
2020-04-15,8925.2998046875,49.7400016784668,-0.007651048328648555,-0.5950051354490308,3.028043867096689,1
2020-04-16,8992.7998046875,46.099998474121094,0.007534316783542481,0.5330745959399837,2.641939364029698,1
2020-04-17,9266.75,42.59000015258789,0.03000848934711599,2.202620132803821,2.269624813294254,1
2020-04-20,9261.849609375,43.459999084472656,-0.0005289542483047096,-0.06592401571806503,2.3619078378979537,1
2020-04-21,8981.4501953125,45.20000076293945,-0.030742409586860843,-2.31039995230848,2.5464742917401044,1
2020-04-22,9187.2998046875,42.81999969482422,0.022660713376927297,1.6567737154461848,2.2940214563671972,1
2020-04-23,9313.900390625,39.22999954223633,0.013685875581327233,0.9900572726790277,1.9132209056230327,1
2020-04-24,9154.400390625,39.119998931884766,-0.017273269224786485,-1.3098139190170188,1.901552857928418,1
2020-04-27,9282.2998046875,38.040000915527344,0.01387465918374464,1.0040814962608966,1.7869946902539549,1
2020-04-28,9380.900390625,35.349998474121094,0.010566409007242056,0.758320532141528,1.501659211799384,1
2020-04-29,9553.349609375,33.84000015258789,0.01821608855026957,1.3265945499445422,1.3414898056649283,1
2020-04-30,9859.900390625,33.9900016784668,0.03158422875946422,2.319677554860392,1.357400853363903,1
2020-05-04,9293.5,43.66999816894531,-0.059160835126554547,-4.421527976723221,2.384182980968717,1
2020-05-05,9205.599609375,43.61000061035156,-0.009503278972569803,-0.7326023438024691,2.3778188855969282,1
2020-05-06,9270.900390625,41.25,0.0070685522845568985,0.4984742101722171,2.1274875502262014,1
2020-05-07,9199.0498046875,39.93000030517578,-0.0077803077564110755,-0.6046074689769075,1.987471787160329,1
2020-05-08,9251.5,38.40999984741211,0.005685503917787226,0.3957312850889733,1.8262414287074074,1
2020-05-11,9239.2001953125,38.040000915527344,-0.001330377581346701,-0.12545958905380908,1.7869946902539549,1
2020-05-12,9196.5498046875,38.209999084472656,-0.004626930470959459,-0.3703515933453986,1.8050268333203583,1
2020-05-13,9383.5498046875,38.84000015258789,0.02012974293547344,1.4687547620226244,1.8718526671674,1
2020-05-14,9142.75,38.18000030517578,-0.025996919937107583,-1.95787035227237,1.801844785634464,1
2020-05-15,9136.849609375,38.02000045776367,-0.0006455711236580218,-0.07458716819757821,1.7848731902517747,1
2020-05-18,8823.25,40.91999816894531,-0.03492536149006188,-2.621140143572499,2.0924834071423577,1
2020-05-19,8879.099609375,39.45000076293945,0.006309873650596998,0.44211402500149766,1.936557001012262,1
2020-05-20,9066.5498046875,35.810001373291016,0.020891638839326522,1.5253539494781156,1.5504529025800227,1
2020-05-21,9106.25,32.9900016784668,0.004369195599480915,0.29794629782198895,1.2513282810634088,1
2020-05-22,9039.25,32.380001068115234,-0.00738478460081561,-0.5752251227622573,1.186623947218547,1
2020-05-26,9029.0498046875,31.469999313354492,-0.00112907097030296,-0.11050506500810502,1.0900977202931115,1
2020-05-27,9314.9501953125,31.270000457763672,0.0311735219299972,2.2891672545520483,1.0688833272234382,1
2020-05-28,9490.099609375,30.020000457763672,0.018628451492543274,1.3572278783971752,0.9362926118478201,1
2020-05-29,9580.2998046875,30.219999313354492,0.009459777532853096,0.6761118708974779,0.9575070049174935,1
2020-06-01,9826.150390625,30.739999771118164,0.025338352659720637,1.855688300678331,1.0126647910699207,1
2020-06-02,9979.099609375,30.1200008392334,0.015445627746472025,1.1207845047937217,0.9468999095413447,1
2020-06-03,10061.5498046875,30.040000915527344,0.008228342186278518,0.5846318673069452,0.9384141118500002,1
2020-06-04,10029.099609375,29.690000534057617,-0.003230380747065696,-0.2666056889326881,0.901288671081352,1
2020-06-05,10142.150390625,28.68000030517578,0.01120921756965851,0.806073042869318,0.7941553487797677,1
2020-06-08,10167.4501953125,29.649999618530273,0.0024914146063167966,0.15845102308042983,0.8970456710769918,1
2020-06-09,10046.650390625,30.209999084472656,-0.011952175882067815,-0.9145242763642413,0.9564462549164034,1
2020-06-10,10116.150390625,29.440000534057617,0.006893910822071789,0.48550056794273755,0.8747705280062285,1
2020-06-11,9902.0,29.65999984741211,-0.021396438367806456,-1.6161130106072064,0.8981064210780819,1
2020-06-12,9972.900390625,30.81999969482422,0.007134696525776951,0.5033878870787107,1.0211505887612653,1
2020-06-15,9813.7001953125,32.58000183105469,-0.016092064938005003,-1.2220654450946984,1.2078385426055962,1
2020-06-16,9914.0,32.970001220703125,0.010168511071378764,0.7287617699193042,1.2492067810612286,1
2020-06-17,9881.150390625,33.349998474121094,-0.0033189583187083734,-0.2731858773237821,1.2895140671983956,1
2020-06-18,10091.650390625,31.459999084472656,0.021079446670088396,1.5393056856209972,1.0890369702920215,1
2020-06-19,10244.400390625,29.969999313354492,0.015022865002949488,1.0893786032147523,0.93098886184237,1
2020-06-22,10311.2001953125,30.459999084472656,0.006499449097502718,0.45619707257021697,0.9829643979915271,1
2020-06-23,10471.0,29.34000015258789,0.015378829255110686,1.1158222254125303,0.8641632303127038,1
2020-06-24,10305.2998046875,29.579999923706055,-0.015951224257763807,-1.2116027716218305,0.8896206233867374,1
2020-06-25,10288.900390625,29.729999542236328,-0.0015926248529521327,-0.14494123006306317,0.9055314687683363,1
2020-06-26,10383.0,28.739999771118164,0.00910417112670767,0.6496948321130306,0.8005196464689321,1
2020-06-29,10312.400390625,28.90999984741211,-0.006822760798075913,-0.5334738934869178,0.8185519918527112,1
2020-06-30,10302.099609375,29.1200008392334,-0.0009993724909477652,-0.1008701155240711,0.8408273372408503,1
2020-07-01,10430.0498046875,28.1200008392334,0.012343324106810436,0.8903227522668075,0.7347547649403561,1
2020-07-02,10551.7001953125,26.510000228881836,0.011595958752537541,0.8348030000666592,0.563977858795,1
2020-07-03,10607.349609375,25.770000457763672,0.005260117338821228,0.36413046586657555,0.4854841795707192,1
2020-07-06,10763.650390625,25.200000762939453,0.014627632603289031,1.0600178564726628,0.42502284573021754,1
2020-07-07,10799.650390625,25.100000381469727,0.003339009534036716,0.22141655939284702,0.41441554803669295,1
2020-07-08,10705.75,26.100000381469727,-0.008732782060989626,-0.6753642107296173,0.5204881203371873,1
2020-07-09,10813.4501953125,24.90999984741211,0.01000976742529668,0.7169691335020063,0.3942617026507338,1
2020-07-10,10768.0498046875,24.940000534057617,-0.00420734959083762,-0.33918206379857047,0.3974439526540039,1
2020-07-13,10802.7001953125,25.25,0.003212722824094239,0.21203506103720052,0.43032639341829193,1
2020-07-14,10607.349609375,26.639999389648438,-0.018249000734889463,-1.3822983757088834,0.5777672041744188,1
2020-07-15,10618.2001953125,26.290000915527344,0.001022408086719745,0.049322499150151515,0.5406419657231464,1
2020-07-16,10739.9501953125,25.360000610351562,0.011400923444823241,0.8203143541953071,0.4419944411129066,1
2020-07-17,10901.7001953125,24.15999984741211,0.014948306530616993,1.0838398558207833,0.31470727342536303,1
2020-07-20,11022.2001953125,24.709999084472656,0.010992680250840313,0.7899870707083968,0.3730471072636846,1
2020-07-21,11162.25,24.43000030517578,0.012626110991777935,0.9113302256385455,0.3433469165026667,1
2020-07-22,11132.599609375,24.889999389648438,-0.002659843741967638,-0.22422203686351205,0.39214020264855376,1
2020-07-23,11215.4501953125,24.639999389648438,0.007414603621325298,0.5241814286779551,0.36562205957343014,1
2020-07-24,11194.150390625,24.540000915527344,-0.0019009541040186228,-0.16784617677673996,0.35501496419728135,1
2020-07-27,11131.7998046875,25.020000457763672,-0.0055854955772852745,-0.44156080429777755,0.40592975034534845,1
2020-07-28,11300.5498046875,23.639999389648438,0.015045520083450243,1.0910615879133139,0.2595494872729358,1
2020-07-29,11202.849609375,24.110000610351562,-0.008683204468886633,-0.6716812254099189,0.30940372573728864,1
2020-07-30,11102.150390625,24.729999542236328,-0.009029356907451743,-0.697395954494878,0.3751686072658647,1
2020-07-31,11073.4501953125,24.190000534057617,-0.002588449519166038,-0.21891835301490314,0.31788952342863314,1
2020-08-03,10891.599609375,25.190000534057617,-0.016558554850121334,-1.2567197198433118,0.4239620957291275,1
2020-08-04,11095.25,23.81999969482422,0.01852527473195631,1.3495631557178969,0.27864258265780495,1
2020-08-05,11101.650390625,23.56999969482422,0.0005766923029565639,0.01621147824886572,0.2521244395826813,1
2020-08-06,11200.150390625,23.149999618530273,0.00883342483924069,0.6295818221864451,0.2075739511237787,1
2020-08-07,11214.0498046875,22.579999923706055,0.0012402330418245548,0.06550412633059956,0.14711261728327704,1
2020-08-10,11270.150390625,22.510000228881836,0.004990233307851035,0.3440815106446413,0.13968756959302256,1
2020-08-11,11322.5,21.360000610351562,0.004634224153283686,0.3176345527684722,0.017704151910929215,1
2020-08-12,11308.400390625,20.850000381469727,-0.0012460495124746427,-0.11919508473804685,-0.036392884240407986,1
2020-08-13,11300.4501953125,20.56999969482422,-0.0007032817179241128,-0.07887433226620684,-0.06609327731880167,1
2020-08-14,11178.400390625,21.670000076293945,-0.010859185489107238,-0.8333289741905788,0.05058659267521725,1
2020-08-17,11247.099609375,21.309999465942383,0.006126903182347498,0.42852164344530363,0.012400401905479046,1
2020-08-18,11385.349609375,20.43000030517578,0.012217124027310865,0.8809476894526209,-0.08094337269931064,1
2020-08-19,11408.400390625,19.959999084472656,0.002022553472584474,0.12362059668686962,-0.13079761116366345,1
2020-08-20,11312.2001953125,20.6200008392334,-0.0084681538079335,-0.655705693043675,-0.0607895273133515,1
2020-08-21,11371.599609375,19.940000534057617,0.005237178104313519,0.3624263721348449,-0.13291890884846777,1
2020-08-24,11466.4501953125,19.229999542236328,0.008306412509926262,0.5904315006433406,-0.20823054038685415,1
2020-08-25,11472.25,19.31999969482422,0.000505678592222556,0.010936061613315486,-0.1986839926944196,1
2020-08-26,11549.599609375,19.299999237060547,0.006719694702452173,0.47255852328512465,-0.20080549269659967,1
2020-08-27,11559.25,18.899999618530273,0.0008352117348219679,0.035416188119387064,-0.24323448115332225,1
2020-08-28,11647.599609375,18.350000381469727,0.007614134421611744,0.5390040325421365,-0.30157431499164383,1
2020-08-31,11387.5,22.84000015258789,-0.0225838540823065,-1.7043229147065773,0.17469151035949065,1
2020-09-01,11470.25,21.799999237060547,0.007240464307211334,0.5112450896937683,0.06437593805463618,1
2020-09-02,11535.0,21.110000610351562,0.005629164732428894,0.391545999281477,-0.008813991164194368,1
2020-09-03,11527.4501953125,20.5,-0.0006547270470620276,-0.07526733700075813,-0.07351832500905615,1
2020-09-04,11333.849609375,22.149999618530273,-0.01693737589976223,-1.284861311748819,0.10150137882328435,1
2020-09-07,11355.0498046875,22.010000228881836,0.001868773014980915,0.1121966621272038,0.08665128344277538,1
2020-09-08,11317.349609375,22.719999313354492,-0.003325649779789579,-0.273682967881916,0.161962712663786,1
2020-09-09,11278.0,22.229999542236328,-0.003482986529093653,-0.2853710897401168,0.10998717651462887,1
2020-09-10,11449.25,21.260000228881836,0.01507030028649042,1.0929024422215772,0.007096854217404631,1
2020-09-11,11464.4501953125,20.709999084472656,0.0013267344350831917,0.0719300810410095,-0.051243181938292706,1
2020-09-14,11440.0498046875,21.190000534057617,-0.002130620607789219,-0.18490748060239465,-0.00032819347284985124,1
2020-09-15,11521.7998046875,20.600000381469727,0.007120536611649034,0.5023359853293686,-0.06291102731553157,1
2020-09-16,11604.5498046875,19.65999984741211,0.007156369643982706,0.5049979244524109,-0.16261930192686147,1
2020-09-17,11516.099609375,20.100000381469727,-0.007651223391398827,-0.5950181403875913,-0.11594731346577875,1
2020-09-18,11504.9501953125,20.049999237060547,-0.0009686278452831663,-0.09858617889385286,-0.12125106347122891,1
2020-09-21,11250.5498046875,22.190000534057617,-0.022360395533691877,-1.6877227830906842,0.10574437882764448,1
2020-09-22,11153.650390625,21.40999984741211,-0.008650165364363744,-0.6692268396325501,0.02300769959900363,1
2020-09-23,11131.849609375,20.989999771118164,-0.0019564998051874198,-0.17197251678841388,-0.02154278885989902,1
2020-09-24,10805.5498046875,23.510000228881836,-0.02975046086629724,-2.2367107628831486,0.2457601418935169,1
2020-09-25,11050.25,20.68000030517578,0.02239317919403798,1.6368993240870418,-0.054425229624187055,1
2020-09-28,11227.5498046875,19.56999969482422,0.015917509782938703,1.155839345886563,-0.172165849619296,1
2020-09-29,11222.400390625,19.770000457763672,-0.00045874615382283734,-0.06070844613647745,-0.15095125423224684,1
2020-09-30,11247.5498046875,19.530000686645508,0.0022384940193966077,0.13966223626840754,-0.1764086473062804,1
2020-10-01,11416.9501953125,18.350000381469727,0.014948800566928164,1.0838765564430657,-0.30157431499164383,1
2020-10-05,11503.349609375,19.700000762939453,0.007539152980994381,0.5334338639774775,-0.15837630192250132,1
2020-10-06,11662.400390625,19.639999389648438,0.013731761801546099,0.9934660359584433,-0.16474080192904153,1
2020-10-07,11738.849609375,20.059999465942383,0.006533795478530655,0.4587485723858569,-0.12019031347013888,1
2020-10-08,11834.599609375,20.3799991607666,0.008123590712403974,0.576850163433646,-0.08624712270476081,1
2020-10-09,11914.2001953125,20.3799991607666,0.00670357110102055,0.47136074451341725,-0.08624712270476081,1
2020-10-12,11930.9501953125,21.1299991607666,0.0014048980594053501,0.07773664543233548,-0.006692693479390056,1
2020-10-13,11934.5,20.719999313354492,0.0002974848313881938,-0.004530090175840222,-0.050182431937202676,1
2020-10-14,11971.0498046875,20.209999084472656,0.0030578533826602027,0.20053022881205906,-0.10427946808853987,1
2020-10-15,11680.349609375,22.059999465942383,-0.024583309443990238,-1.8528570494256518,0.0919548311308498,1
2020-10-16,11762.4501953125,21.649999618530273,0.007004361448563385,0.4937056464603663,0.04846509267303718,1
2020-10-19,11873.0498046875,21.81999969482422,0.009358838750109354,0.668613401543397,0.06649743805681625,1
2020-10-20,11896.7998046875,22.690000534057617,0.0019983305148122575,0.12182113862344826,0.15878066497789164,1
2020-10-21,11937.650390625,22.920000076293945,0.003427863919924764,0.22801731156605984,0.18317730805083518,1
2020-10-22,11896.4501953125,22.639999389648438,-0.0034572511936285335,-0.28345928122552333,0.15347691497244148,1
2020-10-23,11930.349609375,21.829999923706055,0.002845488039808009,0.18475418146969308,0.06755818805790628,1
2020-10-26,11767.75,22.829999923706055,-0.01372280171939824,-1.0460592841963945,0.1736307603584006,1
2020-10-27,11889.400390625,22.200000762939453,0.010284540688903391,0.7373812966019567,0.10680512882873452,1
2020-10-28,11729.599609375,23.280000686645508,-0.013531751526031222,-1.0318666816989899,0.22136349882057338,1
2020-10-29,11670.7998046875,24.020000457763672,-0.0050255491286022155,-0.39996389604066174,0.29985717804485407,1
2020-10-30,11642.400390625,24.75,-0.0024363388871728973,-0.20761846528665368,0.3772901072680448,1
2020-11-02,11669.150390625,25.209999084472656,0.00229500061940095,0.14385995885746997,0.4260833934139318,1
2020-11-03,11813.5,24.239999771118164,0.01229430453308261,0.8866812206239959,0.3231930711167076,1
2020-11-04,11908.5,23.200000762939453,0.008009485529747545,0.5683735978160158,0.21287770112922885,1
2020-11-05,12120.2998046875,20.969999313354492,0.017629285844443805,1.2830025629310164,-0.02366428886207909,1
2020-11-06,12263.5498046875,20.5,0.011749715515175936,0.8462251743914054,-0.07351832500905615,1
2020-11-09,12461.0498046875,20.110000610351562,0.015976331587139476,1.1602090587378762,-0.1148865634646887,1
2020-11-10,12631.099609375,21.579999923706055,0.013554232066476922,0.9802778317650768,0.0410400449827827,1
2020-11-11,12749.150390625,22.030000686645508,0.009302637490367565,0.6644383618571702,0.08877278344495546,1
2020-11-12,12690.7998046875,20.6200008392334,-0.004587327240413277,-0.3674095763871887,-0.0607895273133515,1
2020-11-13,12719.9501953125,19.700000762939453,0.0022943363271255195,0.14381061037976825,-0.15837630192250132,1
2020-11-17,12874.2001953125,19.799999237060547,0.012053681426341886,0.868805980377046,-0.1477692065463525,1
2020-11-18,12938.25,19.1200008392334,0.004962716492027381,0.3420373607691729,-0.219898385764093,1
2020-11-19,12771.7001953125,19.56999969482422,-0.012956239372488106,-0.989113439298593,-0.172165849619296,1
2020-11-20,12859.0498046875,19.6200008392334,0.006816027431926412,0.4797148213909916,-0.16686209961384585,1
2020-11-23,12926.4501953125,20.799999237060547,0.0052277864790618534,0.36172869367845406,-0.04169663424585816,1
2020-11-24,13055.150390625,21.059999465942383,0.009907106958531581,0.7093427648953226,-0.01411774116964454,1
2020-11-25,12858.400390625,23.1299991607666,-0.015185397205090293,-1.1547115497455247,0.20545245112159863,1
2020-11-26,12987.0,20.020000457763672,0.009951532476185488,0.7126430165291541,-0.12443311115712326,1
2020-11-27,12968.9501953125,19.81999969482422,-0.0013908030691388337,-0.12994843522471053,-0.14564770654417242,1
2020-12-01,13109.0498046875,20.18000030517578,0.01074476242399418,0.7715699254208851,-0.10746151577443422,1
2020-12-02,13113.75,19.90999984741211,0.0003584815807498976,1.1934730667675105e-06,-0.13610115885173787,1
2020-12-03,13133.900390625,19.0,0.0015354055912646832,0.08743169724020587,-0.23262718345979766,1
2020-12-04,13258.5498046875,18.030000686645508,0.009445908959648398,0.6750816120778896,-0.3355175057570219,0
2020-12-07,13355.75,18.020000457763672,0.007304391112653887,0.5159940392896063,-0.33657825575811195,0
2020-12-08,13392.9501953125,18.6200008392334,0.002781459960611745,0.17999770852041314,-0.2729346719143402,1
2020-12-09,13529.099609375,18.920000076293945,0.010114428562528128,0.7247441265102504,-0.24111298115114219,1
2020-12-10,13478.2998046875,18.709999084472656,-0.0037619219695161584,-0.3060924497062385,-0.2633883265392814,1
2020-12-11,13513.849609375,18.790000915527344,0.0026340862816878062,0.16904971623270315,-0.2549023265305611,1
2020-12-14,13558.150390625,19.399999618530273,0.0032728147749187795,0.21649912964825868,-0.19019819500307508,1
2020-12-15,13567.849609375,19.350000381469727,0.0007151234360649028,0.02649515297772445,-0.1955017426911495,1
2020-12-16,13682.7001953125,19.200000762939453,0.008429280641864136,0.5995590420787107,-0.2114125880727485,1
2020-12-17,13740.7001953125,19.15999984741211,0.004229970438016461,0.2876036368726434,-0.21565558807710863,1
2020-12-18,13760.5498046875,18.6200008392334,0.0014435425896574643,0.08060744313686097,-0.2729346719143402,1
2020-12-21,13328.400390625,23.190000534057617,-0.03190866215630266,-2.3970377035609327,0.21181695112813884,1
2020-12-22,13466.2998046875,21.989999771118164,0.010293127415086657,0.7380191812820263,0.08452978344059532,1
2020-12-23,13601.099609375,20.5,0.009960389402299756,0.7133009736318052,-0.07351832500905615,1
2020-12-24,13749.25,19.969999313354492,0.01083363406633502,0.7781719595293354,-0.12973686116257344,1
2020-12-28,13873.2001953125,20.43000030517578,0.008974658395164679,0.6400736813319287,-0.08094337269931064,1
2020-12-29,13932.599609375,20.790000915527344,0.004272454296258275,0.2907596478766409,-0.04275718192957244,1
2020-12-30,13981.9501953125,21.110000610351562,0.003535836164182277,0.23603827776605593,-0.008813991164194368,1
2020-12-31,13981.75,21.100000381469727,-1.4318227638304822e-05,-0.027693096693905735,-0.009874741165284402,1
2021-01-04,14132.900390625,20.030000686645508,0.010752532563468994,0.772147148081443,-0.12337236115603323,1
2021-01-05,14199.5,20.459999084472656,0.00470131235786493,0.32261835416173756,-0.07776132501341629,1
2021-01-06,14146.25,21.0,-0.0037571814216639365,-0.3057402872189844,-0.020482038858808987,1
2021-01-07,14137.349609375,20.6200008392334,-0.0006293676223474675,-0.07338345387981729,-0.0607895273133515,1
2021-01-08,14347.25,20.639999389648438,0.014738082534464191,1.0682228833371128,-0.05866822962854719,1
2021-01-11,14484.75,22.3799991607666,0.00953808562855032,0.6819291676767822,0.12589802189622787,1
2021-01-12,14563.4501953125,22.850000381469727,0.0054186068221036155,0.3759042212164318,0.1757522603605807,1
2021-01-13,14564.849609375,23.290000915527344,9.608621670051523e-05,-0.01949144892358621,0.2224242488216634,1
2021-01-14,14595.599609375,23.030000686645508,0.002109021789565324,0.13004409425000088,0.19484535574544978,1
2021-01-15,14433.7001953125,24.010000228881836,-0.01115432296065278,-0.8552539392582045,0.29879642804376405,1
2021-01-18,14281.2998046875,24.399999618530273,-0.010614788200058034,-0.81517336014074,0.3401646664993966,1
2021-01-19,14521.150390625,22.899999618530273,0.01665525875641371,1.2106447231482576,0.1810558080486551,1
2021-01-20,14644.7001953125,21.549999237060547,0.008472274336760961,0.6027529274698296,0.037857794979512596,1
2021-01-21,14590.349609375,22.18000030517578,-0.003718184091801354,-0.3028432809849392,0.10468362882655445,1
2021-01-25,14238.900390625,23.25,-0.02438264126496335,-1.8379499527689345,0.21818124881730327,1
2021-01-27,13967.5,24.389999389648438,-0.019244480891583437,-1.4562499059796232,0.33910391649830657,1
2021-01-28,13817.5498046875,24.290000915527344,-0.010793693167934581,-0.8284637266624058,0.3284968211221577,1
2021-01-29,13634.599609375,25.34000015258789,-0.013328858232496075,-1.0167942872994629,0.4398729411107265,1
2021-02-01,14281.2001953125,23.31999969482422,0.04633334971971787,3.4153498872766628,0.22560629650755776,1
2021-02-02,14647.849609375,23.350000381469727,0.025349539675742865,1.8565193538625095,0.22878854651082786,1
2021-02-03,14789.9501953125,23.75,0.009654368913945022,0.6905675386598927,0.27121753496755047,1
2021-02-04,14895.650390625,23.1200008392334,0.007121340982025425,0.5023957398305895,0.20439190343788435,1
2021-02-05,14924.25,23.420000076293945,0.0019181565175802602,0.11586522906225856,0.23621359420108234,1
2021-02-08,15115.7998046875,23.959999084472656,0.012753134705385865,0.9207664740045352,0.2934926780383139,1
2021-02-09,15109.2998046875,24.270000457763672,-0.00043010611605642915,-0.05858085513871056,0.3263753211199777,1
2021-02-10,15106.5,23.950000762939453,-0.00018532057490518592,-0.040396398889573575,0.2924321303545996,1
2021-02-11,15173.2998046875,23.049999237060547,0.004412176664707947,0.30113924498907413,0.1969666534302541,1
2021-02-12,15163.2998046875,22.040000915527344,-0.0006592696934370658,-0.07560479792215768,0.08983353344604549,1
2021-02-16,15313.4501953125,21.780000686645508,0.009853518205688276,0.7053618012855364,0.062254640369831866,1
2021-02-18,15118.9501953125,21.540000915527344,-0.01278260313717531,-0.9762144726788304,0.03679724729579832,1
2021-02-19,14981.75,22.25,-0.009116143118184506,-0.7038430675256401,0.11210867651680893,1
2021-02-22,14675.7001953125,25.469999313354492,-0.02063971564030592,-1.559898124440956,0.45366228649014545,1
2021-02-23,14707.7998046875,25.229999542236328,0.002184873969705697,0.1356789477004015,0.4282048934161119,1
2021-02-24,14982.0,24.170000076293945,0.01847152850052029,1.345570493449089,0.3157680234264531,1
2021-02-25,15097.349609375,22.889999389648438,0.007669725331353619,0.5431337309765153,0.17999505804756508,1
2021-02-26,14529.150390625,28.139999389648438,-0.03836220275630364,-2.876453792194365,0.7368760626251604,1
2021-03-01,14761.5498046875,25.6299991607666,0.01586881087701919,1.1522216357885344,0.47063388187283445,1
2021-03-02,14919.099609375,23.610000610351562,0.010616431079728933,0.7620365367076094,0.2563674395870415,1
2021-03-03,15245.599609375,22.09000015258789,0.02164866615239294,1.5815914624828256,0.09513708113411991,1
2021-03-04,15080.75,24.149999618530273,-0.010871815118793142,-0.8342671952447556,0.313646523424273,1
2021-03-05,14938.099609375,25.559999465942383,-0.009504125991607463,-0.7326652665574654,0.46320883418257996,1
2021-03-08,14956.2001953125,24.68000030517578,0.001210972544447202,0.06333044306530529,0.3698650595777903,1
2021-03-09,15098.400390625,22.5,0.009462861169810146,0.6763409459526057,0.13862681959193252,1
2021-03-10,15174.7998046875,20.75,0.005047340602462587,0.3483238572125243,-0.04700018193393257,1
2021-03-12,15030.9501953125,21.709999084472656,-0.009524722735275023,-0.7341953429759334,0.05482939036220163,1
2021-03-15,14929.5,21.229999542236328,-0.006772300308835674,-0.5297253201251757,0.003914604214134529,1
2021-03-16,14910.4501953125,20.190000534057617,-0.0012767988653300596,-0.12147937105274842,-0.10640076577334419,1
2021-03-17,14721.2998046875,20.15999984741211,-0.01276691115553913,-0.9750487577751505,-0.10958301577661429,1
2021-03-18,14557.849609375,20.079999923706055,-0.011165071153974405,-0.8560523934899991,-0.1180688134679588,1
2021-03-19,14744.0,19.989999771118164,0.012705880170274957,0.9172560623100523,-0.12761536116039335,1
2021-03-22,14736.400390625,20.489999771118164,-0.0005155703072306843,-0.06492975890960728,-0.07457907501014618,1
2021-03-23,14814.75,20.670000076293945,0.005302656033791128,0.3672905505428906,-0.055485979625277085,1
2021-03-24,14549.400390625,22.459999084472656,-0.018073523592070435,-1.3692626530460625,0.1343838195875724,1
2021-03-25,14324.900390625,22.700000762939453,-0.015550473459416195,-1.1818320779563243,0.1598414149789817,1
2021-03-26,14507.2998046875,20.649999618530273,0.012652648509180619,0.9133016260811543,-0.05760747962745716,1
2021-03-30,14845.099609375,20.489999771118164,0.023017860602701366,1.6833052175563379,-0.07457907501014618,1
2021-03-31,14690.7001953125,20.649999618530273,-0.010455164345430578,-0.8033153354096219,-0.05760747962745716,1
2021-04-01,14867.349609375,19.989999771118164,0.011952853344086897,0.8613157346630748,-0.12761536116039335,1
2021-04-05,14637.7998046875,21.219999313354492,-0.015560296479187625,-1.1825618035456211,0.002853854213044495,1
2021-04-06,14683.5,20.84000015258789,0.0031172037135109875,0.20493920447970715,-0.03745363424149802,1
2021-04-07,14819.0498046875,20.25,0.0091890876818974,0.6560030534867799,-0.10003646808417974,1
2021-04-08,14873.7998046875,20.309999465942383,0.003687760707936765,0.24732434150201266,-0.0936721703950153,1
2021-04-09,14834.849609375,19.790000915527344,-0.0026221466406612408,-0.22142162109466593,-0.14882975423006678,1
2021-04-12,14310.7998046875,23.0,-0.03596463281723922,-2.698344801540275,0.19166310574217968,1
2021-04-13,14504.7998046875,20.459999084472656,0.013465132344700306,0.9736588542517927,-0.07776132501341629,1
2021-04-15,14581.4501953125,20.889999389648438,0.005270570669209097,0.36490701552797294,-0.03215008655342361,1
2021-04-16,14617.849609375,20.399999618530273,0.0024931716281266104,0.15858154748182654,-0.08412562270258074,1
2021-04-19,14359.4501953125,22.489999771118164,-0.01783508230882999,-1.3515494945699458,0.13756606959084247,1
2021-04-20,14296.400390625,22.43000030517578,-0.0044004910090830246,-0.3535300177400567,0.13120177190167803,1
2021-04-22,14406.150390625,23.030000686645508,0.007647441212800463,0.54147830403841,0.19484535574544978,1
2021-04-23,14341.349609375,22.690000534057617,-0.004508280094204329,-0.3615373775428639,0.15878066497789164,1
2021-04-26,14485.0,23.5,0.009966685459202936,0.7137686906822465,0.24469939189242684,1
2021-04-27,14653.0498046875,23.079999923706055,0.011534860370141113,0.8302641663742949,0.2001489034335242,1
2021-04-28,14864.5498046875,22.579999923706055,0.014330678808834763,1.0379579616852805,0.14711261728327704,1
2021-04-29,14894.900390625,23.309999465942383,0.002039728305535653,0.12489646860691077,0.2245455465064677,1
2021-04-30,14631.099609375,23.030000686645508,-0.017869525228607498,-1.3541081659883676,0.19484535574544978,1
2021-05-03,14634.150390625,23.690000534057617,0.0002084917272909865,-0.011141147349885817,0.264853237278386,1
2021-05-04,14496.5,23.010000228881836,-0.009450624224999165,-0.7286907649199729,0.19272385574326972,1
2021-05-06,14724.7998046875,22.040000915527344,0.015625892858758945,1.1341759127674544,0.08983353344604549,1
2021-05-07,14823.150390625,20.81999969482422,0.006657040403640492,0.4679041047675807,-0.03957513424367809,1
2021-05-10,14942.349609375,20.229999542236328,0.008009262800994111,0.5683570518989114,-0.10215796808635981,1
2021-05-12,14696.5,20.079999923706055,-0.016590066845478906,-1.2590606608082389,-0.1180688134679588,1
2021-05-14,14677.7998046875,20.270000457763672,-0.001273235308628596,-0.12121464405692865,-0.09791496808199968,1
2021-05-17,14923.150390625,19.610000610351562,0.016577589783995917,1.2048749051099688,-0.16792284961493587,1
2021-05-18,15108.099609375,19.239999771118164,0.012317273309973075,0.8883875089794948,-0.2071697903857641,1
2021-05-19,15030.150390625,19.31999969482422,-0.005172788238334181,-0.4109018915468117,-0.1986839926944196,1
2021-05-21,15175.2998046875,19.079999923706055,0.009610883492794901,0.6873371242544475,-0.22414138576845313,1
2021-05-24,15197.7001953125,19.1299991607666,0.0014750202275935762,0.0829458317818085,-0.21883783808037874,1
2021-05-26,15301.4501953125,20.8700008392334,0.006803494449203394,0.47878377997847166,-0.03427138423822792,1
2021-05-27,15337.849609375,19.90999984741211,0.0023759962804964516,0.14987690760629763,-0.13610115885173787,1
2021-05-28,15435.650390625,17.399999618530273,0.006356190262519319,0.4455547609173062,-0.40234333960406377,0
2021-06-01,15574.849609375,17.389999389648438,0.008977614270983621,0.6402932653574174,-0.4034040896051538,0
2021-06-02,15576.2001953125,17.209999084472656,8.67120656808025e-05,-0.020187829266514412,-0.42249718499002287,0
2021-06-03,15690.349609375,15.75,0.007301728008600275,0.5157962044872645,-0.5773630434364042,0
2021-06-04,15670.25,15.9399995803833,-0.0012818385093088212,-0.12185375258285029,-0.557209299209133,0
2021-06-07,15751.650390625,15.569999694824219,0.0051811361952536165,0.35826317018008463,-0.5964561388212734,0
2021-06-08,15740.099609375,15.229999542236328,-0.0007335750962069031,-0.08112474546230979,-0.6325208295888315,0
2021-06-09,15635.349609375,14.75,-0.0066772200430738555,-0.5226620641633628,-0.6834356157368986,0
2021-06-10,15737.75,15.0,0.006527933518834105,0.4583131032436241,-0.656917472661775,0
2021-06-11,15799.349609375,14.100000381469727,0.003906490354253145,0.2635731757473813,-0.7523827472687448,0
2021-06-14,15811.849609375,14.720000267028809,0.0007908589968395644,0.0321213430906436,-0.6866177645814808,0
2021-06-15,15869.25,14.609999656677246,0.003623640223476974,0.24256100401545694,-0.6982858122760954,0
2021-06-16,15767.5498046875,14.869999885559082,-0.006429256198967984,-0.504241500378,-0.6707069191998818,0
2021-06-17,15691.400390625,15.289999961853027,-0.004841201776747716,-0.3862692295228743,-0.6261564307409792,0
2021-06-18,15683.349609375,14.800000190734863,-0.0005132013116724437,-0.06475377263247414,-0.6781319668901363,0
2021-06-21,15746.5,15.0600004196167,0.0040185031994205474,0.2718943072680926,-0.6505530738139227,0
2021-06-22,15772.75,14.739999771118164,0.0016656491552922152,0.09710713959130039,-0.6844963657379887,0
2021-06-23,15686.9501953125,15.369999885559082,-0.005454598542621072,-0.4318368173792762,-0.6176706330496347,0
2021-06-24,15790.4501953125,15.100000381469727,0.006576170313444658,0.4618964843414981,-0.6463101749682504,0
2021-06-25,15860.349609375,13.369999885559082,0.004416920149496724,0.30149162565340704,-0.8298157776506233,0
2021-06-28,15814.7001953125,13.399999618530273,-0.0028823598351750412,-0.2407521560144583,-0.8266336288060411,0
2021-06-29,15748.4501953125,13.0,-0.004197939462444536,-0.33848301079381365,-0.8690626172627637,0
2021-06-30,15721.5,13.050000190734863,-0.0017127578361914226,-0.1538655846941377,-0.8637589684160014,0
2021-07-01,15680.0,12.84000015258789,-0.0026431873739428875,-0.22298468030155538,-0.8860342126454527,0
2021-07-02,15722.2001953125,12.09000015258789,0.0026877238189711517,0.17303430390668592,-0.9655886418708235,0
2021-07-06,15818.25,12.279999732971191,0.006090598010463592,0.42582463035116674,-0.9454348976435523,0
2021-07-07,15879.650390625,12.210000038146973,0.003874103121228537,0.2611672157417505,-0.9528599453338067,0
2021-07-08,15727.900390625,13.5600004196167,-0.009602209739377547,-0.7399516430799026,-0.8096619322646642,0
2021-07-09,15689.7998046875,12.9399995803833,-0.0024254228908178565,-0.20680754542104227,-0.875427016110616,0
2021-07-12,15692.599609375,12.989999771118164,0.00017843152513541638,-0.013374238521722792,-0.8701233672638538,0
2021-07-13,15812.349609375,12.619999885559082,0.0076020168050800795,0.5381038475613262,-0.9093702068759941,0
2021-07-14,15853.9501953125,12.59000015258789,0.00262743737830436,0.16855578717091138,-0.9125523557205764,0
2021-07-15,15924.2001953125,12.270000457763672,0.0044212840314639245,0.30181580665011026,-0.9464955464859544,0
2021-07-16,15923.400390625,11.710000038146973,-5.022699813825734e-05,-0.030360662200616916,-1.0058962314840538,0
2021-07-19,15752.400390625,12.680000305175781,-0.010796990571541962,-0.8287086818642211,-0.9030058080281418,0
2021-07-20,15632.099609375,13.210000038146973,-0.007666291987629491,-0.596137545674373,-0.8467873730333123,0
2021-07-22,15824.0498046875,11.890000343322754,0.012204454864528006,0.880006531591521,-0.9868031360991848,0
2021-07-23,15856.0498046875,11.760000228881836,0.0020201963552988087,0.12344549281450168,-1.0005925826372917,0
2021-07-26,15824.4501953125,12.449999809265137,-0.001994894010794567,-0.1748247185516388,-0.9274025522597732,0
2021-07-27,15746.4501953125,13.229999542236328,-0.004941269190283573,-0.39370296721362613,-0.8446659741898201,0
2021-07-28,15709.400390625,13.6899995803833,-0.0023556712745251398,-0.20162588637036408,-0.7958725868852453,0
2021-07-29,15778.4501953125,12.949999809265137,0.0043858132000563635,0.2991807744549171,-0.874366266109526,0
2021-07-30,15763.0498046875,12.800000190734863,-0.000976516135808173,-0.09917217867659264,-0.890277111491125,0
2021-08-02,15885.150390625,12.8100004196167,0.007716153904229494,0.5465827841689568,-0.8892163614900349,0
2021-08-03,16130.75,13.75,0.015342653128218075,1.1131347987220155,-0.789508188037393,0
2021-08-04,16258.7998046875,13.210000038146973,0.007906900379200192,0.5607528242475848,-0.8467873730333123,0
2021-08-05,16294.599609375,12.869999885559082,0.002199451962862978,0.1367619074108568,-0.8828520638008704,0
2021-08-06,16238.2001953125,12.609999656677246,-0.0034672374282357825,-0.28420113160383853,-0.9104309568770841,0
2021-08-09,16258.25,12.609999656677246,0.0012339690711517842,0.06503879287949309,-0.9104309568770841,0
2021-08-10,16280.099609375,12.710000038146973,0.0013430068163520583,0.07313891226470565,-0.8998236591835596,0
2021-08-11,16282.25,12.710000038146973,0.00013207834532344713,-0.016817690967218073,-0.8998236591835596,0
2021-08-12,16364.400390625,12.369999885559082,0.005032710127087298,0.3472369987399414,-0.9358883499511177,0
2021-08-13,16529.099609375,12.989999771118164,0.010014172717061967,0.7172963907206875,-0.8701233672638538,0
2021-08-16,16563.05078125,13.460000038146973,0.0020519176533692787,0.1258019823122694,-0.8202692299581887,0
2021-08-17,16614.599609375,13.40999984741211,0.0031074454639570138,0.2042142904948049,-0.8255728788049511,0
2021-08-18,16568.849609375,12.90999984741211,-0.002757400455017452,-0.23146926140104243,-0.8786091649551983,0
2021-08-20,16450.5,14.020000457763672,-0.007168531033199722,-0.5591602297112368,-0.7608685449600893,0
2021-08-23,16496.44921875,13.6899995803833,0.002789286998064274,0.1805791579779525,-0.7958725868852453,0
2021-08-24,16624.599609375,13.1899995803833,0.007738343720985011,0.5482312056813932,-0.8489088730354925,0
2021-08-25,16634.650390625,13.5,0.0006043901504665573,0.0182690764790224,-0.8160263311125165,0
2021-08-26,16636.900390625,13.539999961853027,0.00013525068417903375,-0.016582026487790308,-0.8117834322668442,0
2021-08-27,16705.19921875,13.40999984741211,0.004096857993577663,0.27771507314976634,-0.8255728788049511,0
2021-08-30,16931.05078125,13.319999694824219,0.013429259014094868,0.9709939214790585,-0.8351194264973856,0
2021-08-31,17132.19921875,14.520000457763672,0.011810427696351353,0.8507353182388802,-0.7078322588098421,0
2021-09-01,17076.25,14.1899995803833,-0.0032710789243950112,-0.26962904652800984,-0.7428363007349981,0
2021-09-02,17234.150390625,14.239999771118164,0.009204293951085803,0.6571326861254915,-0.7375326518882358,0
2021-09-03,17323.599609375,14.539999961853027,0.005176808010644206,0.35794164104360926,-0.70571085996635,0
2021-09-06,17377.80078125,15.109999656677246,0.003123863322045117,0.2054339287982094,-0.6452495261258483,0
2021-09-07,17362.099609375,14.899999618530273,-0.0009039273439216094,-0.09377975351932667,-0.6675247703552996,0
2021-09-08,17353.5,14.40999984741211,-0.0004954320044973781,-0.0634337388290772,-0.7195003065044567,0
2021-09-09,17369.25,13.9399995803833,0.0009071862729865194,0.040762982027841246,-0.7693544438101216,0
2021-09-13,17355.30078125,14.029999732971191,-0.0008034211637875494,-0.08631342104388662,-0.7598078961176872,0
2021-09-14,17380.0,13.579999923706055,0.0014221395731308123,0.07901747088687426,-0.807540533421172,0
2021-09-15,17519.44921875,13.729999542236328,0.007991527890878581,0.5670395733600995,-0.791629688039573,0
2021-09-16,17629.5,14.40999984741211,0.006261987530756848,0.43855669458451807,-0.7195003065044567,0
2021-09-17,17585.150390625,15.229999542236328,-0.002518817158814708,-0.21374555316578725,-0.6325208295888315,0
2021-09-20,17396.900390625,17.489999771118164,-0.01076276621795277,-0.8261662471371914,-0.3927967919116292,0
2021-09-21,17562.0,16.520000457763672,0.009445425055689747,0.6750456641606903,-0.4956871142088534,0
2021-09-22,17546.650390625,16.489999771118164,-0.0008744061752431491,-0.09158670568761193,-0.4988693642121235,0
2021-09-23,17822.94921875,16.600000381469727,0.01562383807742847,1.134023268616048,-0.4872013165175089,0
2021-09-24,17853.19921875,16.920000076293945,0.0016958112674268218,0.0993478013800391,-0.45325812575213087,0
2021-09-27,17855.099609375,18.049999237060547,0.00010643971788971012,-0.01872231530354132,-0.3333962080722176,0
2021-09-28,17748.599609375,18.540000915527344,-0.005982542262753364,-0.4710563294288894,-0.2814204696056847,1
2021-09-29,17711.30078125,18.84000015258789,-0.002103719495544819,-0.18290906968171383,-0.24959877884248668,1
2021-09-30,17618.150390625,18.399999618530273,-0.005273255224157625,-0.41836531238285,-0.29627076730356944,1
2021-10-01,17532.05078125,17.209999084472656,-0.004898963801205104,-0.3905602142014096,-0.42249718499002287,0
2021-10-04,17691.25,16.739999771118164,0.009039488024266832,0.644889699257299,-0.47235122113699995,0
2021-10-05,17822.30078125,16.399999618530273,0.007380358946066971,0.5216374843090505,-0.508415911904558,0
2021-10-06,17646.0,17.329999923706055,-0.009941397212065623,-0.7651489636746707,-0.40976838729431825,0
2021-10-07,17790.349609375,16.15999984741211,0.00814702470131476,0.5785910111327659,-0.5338733049785916,0
2021-10-08,17895.19921875,15.649999618530273,0.005876323303578524,0.4099067415154013,-0.5879703411299289,0
2021-10-11,17945.94921875,16.09000015258789,0.0028319423974920437,0.1837479123130155,-0.5412983526688461,0
2021-10-12,17991.94921875,15.850000381469727,0.002559973015762186,0.1635440420194031,-0.5667557457428797,0
2021-10-13,18161.75,16.100000381469727,0.00939334195098345,0.6711765510815575,-0.5402376026677561,0
2021-10-14,18338.55078125,15.770000457763672,0.009687709975996201,0.6930443560459115,-0.5752415434342242,0
2021-10-18,18477.05078125,17.18000030517578,0.007524019573498294,0.5323096440369586,-0.42567923267591723,0
2021-10-19,18418.75,17.3799991607666,-0.0031602962146704853,-0.2613992984445567,-0.4044648396062438,0
2021-10-20,18266.599609375,18.309999465942383,-0.008294933244362599,-0.6428376055541459,-0.30581731499600395,0
2021-10-21,18178.099609375,18.040000915527344,-0.004856682911584848,-0.3874192811877268,-0.33445675575593187,0
2021-10-22,18114.900390625,17.549999237060547,-0.0034827257394313984,-0.2853517163809667,-0.38643249422246473,0
2021-10-25,18125.400390625,17.610000610351562,0.0005794654054989729,0.016417484541637932,-0.3800679942159246,0
2021-10-26,18268.400390625,16.75,0.00785852166355233,0.5571589002194314,-0.47129047113590994,0
2021-10-27,18210.94921875,16.829999923706055,-0.0031497940609639214,-0.26061912183077246,-0.4628046734445654,0
2021-10-28,17857.25,17.90999984741211,-0.019613430387588483,-1.4836581668462223,-0.34824630345272656,0
2021-10-29,17671.650390625,17.43000030517578,-0.010447905544470225,-0.8027760987052645,-0.39916108960079366,0
2021-11-01,17929.650390625,17.239999771118164,0.014494106171593095,1.050098538755372,-0.41931493498675276,0
2021-11-02,17888.94921875,17.059999465942383,-0.002272628736845954,-0.19545688069240436,-0.4384080303716219,0
2021-11-03,17829.19921875,16.1299991607666,-0.003345641269055336,-0.27516808158674727,-0.5370555549818617,0
2021-11-04,17916.80078125,15.75,0.0049013449265533065,0.3374782330443257,-0.5773630434364042,0
2021-11-08,18068.55078125,16.34000015258789,0.008434037348294714,0.5999124049430777,-0.5147802095937225,0
2021-11-09,18044.25,16.0,-0.0013458266538282125,-0.12660725889292027,-0.5508449003612806,0
2021-11-10,18017.19921875,16.309999465942383,-0.0015002606334366785,-0.13807974183600033,-0.5179624595969926,0
2021-11-11,17873.599609375,16.350000381469727,-0.00800207185820445,-0.6210817247181777,-0.5137194595926325,0
2021-11-12,18102.75,15.220000267028809,0.012739118453093435,0.9197252445046641,-0.6335814784312337,0
2021-11-15,18109.44921875,15.470000267028809,0.00036999789965571825,0.0008567096784320728,-0.6070633353561101,0
2021-11-16,17999.19921875,15.199999809265137,-0.006106589273008452,-0.48027144654818926,-0.6357029784334137,0
2021-11-17,17898.650390625,14.979999542236328,-0.005601956226916921,-0.44278362146929545,-0.6590389726639551,0
2021-11-18,17764.80078125,14.859999656677246,-0.007506297537132803,-0.584251990377771,-0.6717676692009719,0
2021-11-22,17416.55078125,17.520000457763672,-0.01979806684873854,-1.4973743105121762,-0.3896145419083591,0
2021-11-23,17503.349609375,18.020000457763672,0.004971320417088634,0.3426765231074032,-0.33657825575811195,0
2021-11-24,17415.05078125,17.100000381469727,-0.005057449101021469,-0.402333658772882,-0.43416503036726173,0
2021-11-25,17536.25,16.65999984741211,0.006935347288237329,0.4885787710202655,-0.48083701882834445,0
2021-11-26,17026.44921875,20.799999237060547,-0.029502195657113865,-2.2182678115007035,-0.04169663424585816,1
2021-11-29,17053.94921875,20.829999923706055,0.0016138312478338214,0.09325772729894283,-0.03851438424258805,1
2021-11-30,16983.19921875,21.170000076293945,-0.0041572285072535705,-0.3354587039656858,-0.0024496934750299197,1
2021-12-01,17166.900390625,19.450000762939453,0.010758559762450211,0.7725948924035273,-0.18489444499762492,1
2021-12-02,17401.650390625,18.09000015258789,0.013581917861660867,0.9823345346605061,-0.3291532080678575,0
2021-12-03,17196.69921875,18.450000762939453,-0.011847592241934006,-0.9067550404059226,-0.29096701729811925,1
2021-12-06,16912.25,20.079999923706055,-0.016679248094838027,-1.2656856947852755,-0.1180688134679588,1
2021-12-07,17176.69921875,18.459999084472656,0.015515557382479443,1.1259793884478557,-0.28990646961440497,1
2021-12-08,17469.75,17.270000457763672,0.016917044993306308,1.2300921151347737,-0.41613268498348266,0
2021-12-09,17516.849609375,16.600000381469727,0.002692438725331353,0.1733845615568013,-0.4872013165175089,0
2021-12-10,17511.30078125,16.059999465942383,-0.00031682107730694167,-0.05016521579525345,-0.5444806026721162,0
2021-12-13,17368.25,16.56999969482422,-0.0082026046847206,-0.6359787664027011,-0.490383566520779,0
2021-12-14,17324.900390625,16.950000762939453,-0.0024990311601760175,-0.21227570480424354,-0.45007587574886077,0
2021-12-15,17221.400390625,17.219999313354492,-0.005991976410169169,-0.4717571667419259,-0.42143643498893285,0
2021-12-16,17248.400390625,15.899999618530273,0.0015665890089298405,0.08974822905643867,-0.5614521980548053,0
2021-12-17,16985.19921875,16.34000015258789,-0.015377077556357827,-1.1689509649701764,-0.5147802095937225,0
2021-12-20,16614.19921875,18.969999313354492,-0.022084626281366433,-1.6672366306807636,-0.23580943346306776,1
2021-12-21,16770.849609375,17.540000915527344,0.009384532645495392,0.6705221315865193,-0.38749304190617906,0
2021-12-22,16955.44921875,16.579999923706055,0.010947032985081793,0.7865960587099975,-0.489322816519689,0
2021-12-23,17072.599609375,15.829999923706055,0.006885546336514033,0.4848791929180682,-0.5688772457450597,0
2021-12-24,17003.75,16.149999618530273,-0.0040409083631890875,-0.3268175948516185,-0.5349340549796817,0
2021-12-27,17086.25,17.1200008392334,0.004840138519222991,0.3329313744715912,-0.4320435303650817,0
2021-12-28,17233.25,16.479999542236328,0.008566610759914585,0.6097609253747271,-0.4999301142132136,0
2021-12-29,17213.599609375,16.239999771118164,-0.00114091088034896,-0.11138461992467658,-0.5253875072872471,0
2021-12-30,17203.94921875,16.56999969482422,-0.0005607831589689821,-0.06828849946457252,-0.490383566520779,0
2021-12-31,17354.05078125,16.219999313354492,0.008686990360265219,0.6187036005244501,-0.5275090072894272,0
2022-01-03,17625.69921875,16.450000762939453,0.015532066331647875,1.1272057936614182,-0.5031121618991079,0
2022-01-04,17805.25,16.1200008392334,0.01013533773365083,0.7262974123199363,-0.538116102665576,0
2022-01-05,17925.25,17.229999542236328,0.006716975758933995,0.47235654031988233,-0.42037568498784283,0
2022-01-06,17745.900390625,17.979999542236328,-0.01005580805311726,-0.7736482358283515,-0.3408212557624721,0
2022-01-07,17812.69921875,17.600000381469727,0.0037571168401497185,0.2524766211093141,-0.3811287442170146,0
2022-01-10,18003.30078125,17.68000030517578,0.010643475643964555,0.7640456042889981,-0.3726429465256701,0
2022-01-11,18055.75,17.760000228881836,0.0029090757855369247,0.18947794323581094,-0.36415714883432554,0
2022-01-12,18212.349609375,17.18000030517578,0.008635720331115329,0.6148948886308333,-0.42567923267591723,0
2022-01-13,18257.80078125,16.700000762939453,0.002492514833041471,0.15853275595012825,-0.47659401882398433,0
2022-01-14,18255.75,16.559999465942383,-0.00011232987251458901,-0.034974116887241155,-0.49144431652186904,0
2022-01-17,18308.099609375,16.770000457763672,0.0028634646353713476,0.18608961416719863,-0.46916897113372985,0
2022-01-18,18113.05078125,17.780000686645508,-0.010710847446216868,-0.8223093419102724,-0.3620356488321455,0
2022-01-19,17938.400390625,17.81999969482422,-0.009689027834056424,-0.7464011246828459,-0.35779285114516113,0
2022-01-20,17757.0,17.790000915527344,-0.010163883876396832,-0.7816768966339444,-0.36097489883105544,0
2022-01-21,17617.150390625,18.889999389648438,-0.00790692279190989,-0.6140133577507406,-0.2442952311544123,1
2022-01-24,17149.099609375,22.829999923706055,-0.02692721026213864,-2.0269791061430507,0.1736307603584006,1
2022-01-25,17277.94921875,21.360000610351562,0.0074854055398087425,0.5294411118396402,0.017704151910929215,1
2022-01-27,17110.150390625,21.06999969482422,-0.009759199363728934,-0.7516139779635728,-0.013056991168554504,1
2022-01-28,17101.94921875,20.700000762939453,-0.0004794310858279706,-0.06224507382818949,-0.05230372962200699,1
2022-01-31,17339.849609375,21.950000762939453,0.01381485185545943,0.9996385714890115,0.08028698575361094,1
2022-02-01,17576.849609375,19.979999542236328,0.013575374822651254,0.9818484699769177,-0.1286761111614834,1
2022-02-02,17780.0,18.649999618530273,0.01149155699474709,0.8270472756560395,-0.2697526242284458,1
2022-02-03,17560.19921875,19.15999984741211,-0.01243929691182117,-0.9507111810806085,-0.21565558807710863,1
2022-02-04,17516.30078125,18.899999618530273,-0.002503012582150695,-0.21257147388180986,-0.24323448115332225,1
2022-02-07,17213.599609375,20.440000534057617,-0.017432174227495423,-1.3216185421820132,-0.0798826226982206,1
2022-02-08,17266.75,19.68000030517578,0.003082940476216172,0.20239388118728113,-0.16049780192468138,1
2022-02-09,17463.80078125,18.559999465942383,0.0113475249468573,0.8163475241061421,-0.2792991719208804,1
2022-02-10,17605.849609375,17.709999084472656,0.00810099920504003,0.5751719014115935,-0.36946089883977573,0
2022-02-11,17374.75,18.68000030517578,-0.013213208134273142,-1.0082029540799735,-0.2665703742251757,1
2022-02-14,16842.80078125,22.979999542236328,-0.031094690696753635,-2.3365699638218844,0.18954160573999962,1
2022-02-15,17352.44921875,20.610000610351562,0.02981034961442144,2.187900867591283,-0.06185027731444154,1
2022-02-16,17322.19921875,20.59000015258789,-0.001744791023833279,-0.15624524362519288,-0.06397177731662161,1
2022-02-17,17304.599609375,22.010000228881836,-0.001016531212017758,-0.1021447905360059,0.08665128344277538,1
2022-02-18,17276.30078125,22.170000076293945,-0.0016366742405402451,-0.14821354001090603,0.10362287882546442,1
2022-02-21,17206.650390625,22.899999618530273,-0.004039705592356217,-0.326728244257277,0.1810558080486551,1
2022-02-22,17092.19921875,26.65999984741211,-0.00667378632095619,-0.5224069822278583,0.5798887041765989,1
2022-02-23,17063.25,24.540000915527344,-0.0016951453630000418,-0.15255720166349995,0.35501496419728135,1
2022-02-24,16247.9501953125,31.979999542236328,-0.04896026903082192,-3.663755491420782,1.1441947564444486,1
2022-02-25,16658.400390625,26.739999771118164,0.024947858168202962,1.8266795203266157,0.5883745018679434,1
2022-02-28,16793.900390625,28.56999969482422,0.008101131335537446,0.575181717029126,0.7824873010851531,1
2022-03-02,16605.94921875,29.229999542236328,-0.011254730666993663,-0.862712956381703,0.8524951826180892,1
2022-03-03,16498.05078125,28.15999984741211,-0.006518778370608893,-0.5108918605499106,0.7389975626273404,1
2022-03-04,16245.349609375,27.959999084472656,-0.015435549523985674,-1.1732946894080205,0.7177829672402912,1
2022-03-07,15863.150390625,29.329999923706055,-0.023807855961420165,-1.7952507060905123,0.8631024803116139,1
2022-03-08,16013.4501953125,28.59000015258789,0.009430172336242727,0.6739125808578112,0.7846088010873331,1
2022-03-09,16345.349609375,27.469999313354492,0.020514423015661167,1.4973316054717487,0.665807431091134,1
2022-03-10,16594.900390625,25.579999923706055,0.015152013456311012,1.098972692754319,0.46533033418476005,1
2022-03-11,16630.44921875,25.350000381469727,0.0021398626113986923,0.13233517554785335,0.4409336911118165,1
2022-03-14,16871.30078125,25.68000030517578,0.014378694372337426,1.0415249081220896,0.47593763187828464,1
2022-03-15,16663.0,26.729999542236328,-0.012423307208470636,-0.9495233492354473,0.5873137518668534,1
2022-03-16,16975.349609375,24.1200008392334,0.018571576221107083,1.3530027682038808,0.31046447573837865,1
2022-03-17,17287.05078125,22.610000610351562,0.01819544269851146,1.325060825418756,0.15029486728654715,1
2022-03-21,17117.599609375,24.6200008392334,-0.009850560325581039,-0.7584009368904164,0.36350076188862585,1
2022-03-22,17315.5,24.06999969482422,0.011494902983443505,0.827295840112804,0.3051607257329285,1
2022-03-23,17245.650390625,24.75,-0.004042093720190609,-0.3269056518194949,0.3772901072680448,1
2022-03-24,17222.75,23.93000030517578,-0.0013287761390126268,-0.125340622231167,0.29031063035241955,1
2022-03-25,17153.0,23.43000030517578,-0.004058098847076208,-0.3280946294373896,0.23727434420217236,1
2022-03-28,17222.0,22.610000610351562,0.004014550846285441,0.2716006976360511,0.15029486728654715,1
2022-03-29,17325.30078125,21.299999237060547,0.00598026976240216,0.41762864299635216,0.01133965190438901,1
2022-03-30,17498.25,20.610000610351562,0.009932969892759297,0.7112640523771172,-0.06185027731444154,1
2022-03-31,17464.75,20.559999465942383,-0.001916312115762529,-0.16898708195977216,-0.0671540273198917,1
2022-04-01,17670.44921875,18.43000030517578,0.01170914487476482,0.8432112911690317,-0.29308851730029933,1
2022-04-04,18053.400390625,17.90999984741211,0.0214403456403388,1.566115894688134,-0.34824630345272656,0
2022-04-05,17957.400390625,18.489999771118164,-0.005331746328175393,-0.4227104584113797,-0.28672421961113487,1
2022-04-06,17807.650390625,19.020000457763672,-0.008374145812508964,-0.6487220931471014,-0.2305056834576176,1
2022-04-07,17639.55078125,19.0,-0.009484577848941177,-0.7312130878732378,-0.23262718345979766,1
2022-04-08,17784.349609375,17.690000534057617,0.008175250776633796,0.5806878499791694,-0.37158219652458,0
2022-04-11,17674.94921875,18.270000457763672,-0.006170496392137639,-0.48501893370101534,-0.31006011268298833,0
2022-04-12,17530.30078125,18.15999984741211,-0.008217481851263662,-0.6370839508953844,-0.321728160377603,0
2022-04-13,17475.650390625,17.790000915527344,-0.0031223510971550208,-0.2585804582218738,-0.36097489883105544,0
2022-04-18,17173.650390625,19.34000015258789,-0.017432250630348714,-1.3216242179434836,-0.19656249269223952,1
2022-04-19,16958.650390625,19.770000457763672,-0.012598203971631295,-0.9625159570620903,-0.15095125423224684,1
2022-04-20,17136.55078125,18.670000076293945,0.010435603778864927,0.7486033652639605,-0.2676311242262658,1
2022-04-21,17392.599609375,17.850000381469727,0.014831150992767859,1.0751366875603452,-0.354610601141891,0
2022-04-22,17171.94921875,18.350000381469727,-0.012767612798961313,-0.9751008809685923,-0.30157431499164383,1
2022-04-25,16953.94921875,21.260000228881836,-0.012776394201003337,-0.9757532275920417,0.007096854217404631,1
2022-04-26,17200.80078125,19.190000534057617,0.014455140840464372,1.0472039096207795,-0.21247333807383853,1
2022-04-27,17038.400390625,20.610000610351562,-0.00948629657994312,-0.7313407677540097,-0.06185027731444154,1
2022-04-28,17245.05078125,19.3799991607666,0.012055547873445796,0.8689446336877881,-0.19231969500525514,1
2022-04-29,17102.55078125,19.420000076293945,-0.008297570200330234,-0.6430334978858533,-0.18807669500089502,1
2022-05-02,17069.099609375,20.280000686645508,-0.0019578324241160947,-0.17207151344684105,-0.09685421808090963,1
2022-05-04,16677.599609375,21.8799991607666,-0.023203310190181764,-1.750340634703195,0.07286173574598069,1
2022-05-05,16682.650390625,20.290000915527344,0.00030280236440618743,-0.004135065020088471,-0.0957934680798196,1
2022-05-06,16411.25,21.25,-0.016402205362178027,-1.245104938963246,0.006036104216314597,1
2022-05-09,16301.849609375,22.030000686645508,-0.0066885009232451696,-0.5235000902614823,0.08877278344495546,1
2022-05-10,16240.0498046875,22.299999237060547,-0.003798172823006312,-0.3087854276337145,0.11741222420488336,1
2022-05-11,16167.099609375,22.799999237060547,-0.004502112641840228,-0.3610792141760401,0.1704485103551305,1
2022-05-12,15808.0,24.270000457763672,-0.022462147872579268,-1.6952816893318083,0.3263753211199777,1
2022-05-13,15782.150390625,23.489999771118164,-0.0016365617019766783,-0.14820517982518633,0.24363864189133683,1
2022-05-16,15842.2998046875,24.530000686645508,0.003803986233609079,0.255958421671459,0.3539542141961913,1
2022-05-17,16259.2998046875,22.739999771118164,0.025981475212963467,1.9034641369359624,0.16408421266596607,1
2022-05-18,16240.2998046875,22.299999237060547,-0.0011692453072036017,-0.1134895079138093,0.11741222420488336,1
2022-05-19,15809.400390625,24.559999465942383,-0.026891070897403772,-2.0242944104138747,0.35713626188208564,1
2022-05-20,16266.150390625,23.100000381469727,0.02848156086057151,2.0891887424997124,0.20227040343570427,1
2022-05-23,16214.7001953125,23.399999618530273,-0.0031680351601504043,-0.26197420378754466,0.23409209419890228,1
2022-05-24,16125.150390625,25.639999389648438,-0.005538061057189644,-0.4380370220052407,0.4716946318739245,1
2022-05-25,16025.7998046875,25.280000686645508,-0.006180277818558741,-0.4857455694327344,0.43350864342156203,1
2022-05-26,16170.150390625,22.719999313354492,0.008967062770830264,0.6395094229294738,0.161962712663786,1
2022-05-27,16352.4501953125,21.479999542236328,0.011210771015034579,0.8061884441276754,0.030432747289258114,1
2022-05-30,16661.400390625,19.979999542236328,0.018716945110386057,1.3638018300873842,-0.1286761111614834,1
2022-05-31,16584.55078125,20.479999542236328,-0.004623104079880039,-0.3700673410940255,-0.07563982501123623,1
2022-06-01,16522.75,20.850000381469727,-0.003733367056413342,-0.3039711823896561,-0.036392884240407986,1
2022-06-02,16628.0,20.31999969482422,0.006349802260260305,0.4450802134948886,-0.09261142039392525,1
2022-06-03,16584.30078125,19.979999542236328,-0.0026315095876877827,-0.2221171691232235,-0.1286761111614834,1
2022-06-06,16569.55078125,20.200000762939453,-0.0008897910968418909,-0.09272960993102827,-0.10534001577225416,1
2022-06-07,16416.349609375,20.43000030517578,-0.009288955076891798,-0.7166808008642233,-0.08094337269931064,1
2022-06-08,16356.25,19.84000015258789,-0.003667678332650513,-0.2990913446438933,-0.14352620654199236,1
2022-06-09,16478.099609375,19.139999389648438,0.007422115570615706,0.5247394710875464,-0.2177770880792887,1
2022-06-10,16201.7998046875,19.579999923706055,-0.01690986774485526,-1.2828178052694423,-0.17110509961820597,1
2022-06-13,15774.400390625,22.3700008392334,-0.026733937520215956,-2.0126213965205193,0.1248374742125136,1
2022-06-14,15732.099609375,21.889999389648438,-0.0026852114114221596,-0.22610653246390086,0.07392248574707073,1
2022-06-15,15692.150390625,22.149999618530273,-0.0025425739848417965,-0.2155103835617175,0.10150137882328435,1
2022-06-16,15360.599609375,22.8700008392334,-0.021354848179315097,-1.6130233879135718,0.17787376036276076,1
2022-06-17,15293.5,22.760000228881836,-0.004377862497838008,-0.351849006799693,0.16620571266814613,1
2022-06-20,15350.150390625,22.40999984741211,0.0036973698916184226,0.2480381817861537,0.12908027189949797,1
2022-06-21,15638.7998046875,21.139999389648438,0.018629721921802747,1.3573222551531627,-0.0056319434783000215,1
2022-06-22,15413.2998046875,21.299999237060547,-0.01452423294963793,-1.105595444193611,0.01133965190438901,1
2022-06-23,15556.650390625,20.8799991607666,0.009257464658604653,0.661082594278011,-0.03321083655451364,1
2022-06-24,15699.25,20.549999237060547,0.009124715461734611,0.6512210152352362,-0.06821477732098175,1
2022-06-27,15832.0498046875,21.010000228881836,0.008423413606869335,0.5991231959062884,-0.019421288857718953,1
2022-06-28,15850.2001953125,21.450000762939453,0.0011457767431705531,0.058487223198776715,0.02725069960336377,1
2022-06-29,15799.099609375,21.899999618530273,-0.003229179201912245,-0.2665164293907579,0.07498323574816076,1
2022-06-30,15780.25,21.84000015258789,-0.0011937935294284723,-0.11531312899429803,0.06861893805899631,1
2022-07-01,15752.0498046875,21.25,-0.0017886549985601772,-0.15950377975270744,0.006036104216314597,1
2022-07-04,15835.349609375,20.969999313354492,0.005274254882250374,0.36518070575716916,-0.02366428886207909,1
2022-07-05,15810.849609375,20.790000915527344,-0.0015483695040555473,-0.14165361980628324,-0.04275718192957244,1
2022-07-06,15989.7998046875,20.270000457763672,0.01125461822453212,0.8094457348116139,-0.09791496808199968,1
2022-07-07,16132.900390625,19.200000762939453,0.00890968266712923,0.6352468101116779,-0.2114125880727485,1
2022-07-08,16220.599609375,18.399999618530273,0.005421325887187373,0.3761062132124525,-0.29627076730356944,1
2022-07-11,16216.0,18.3700008392334,-0.00028360614005298526,-0.04769776787953192,-0.29945281498946374,1
2022-07-12,16058.2998046875,18.549999237060547,-0.009772571447684876,-0.7526073539387754,-0.2803599219219704,1
2022-07-13,15966.650390625,18.520000457763672,-0.0057236413300785416,-0.4518232788943516,-0.28354196960786476,1
2022-07-14,15938.650390625,18.34000015258789,-0.0017551946856914542,-0.15701810354576273,-0.30263506499273385,0
2022-07-15,16049.2001953125,17.600000381469727,0.006912014580365188,0.48684544721576567,-0.3811287442170146,0
2022-07-18,16278.5,17.15999984741211,0.014186202470718856,1.0272252050153063,-0.4278007326780973,0
2022-07-19,16340.5498046875,17.200000762939453,0.003804517906147779,0.2559979181873618,-0.42355773267373714,0
2022-07-20,16520.849609375,16.81999969482422,0.010973459265845803,0.7885591956833682,-0.46386542344565546,0
2022-07-21,16605.25,16.860000610351562,0.005095714512164849,0.3519174242199685,-0.4596224234412953,0
2022-07-22,16719.44921875,16.649999618530273,0.006853755230166662,0.4825175175520864,-0.4818977688294345,0
2022-07-25,16631.0,17.68000030517578,-0.005304241963650273,-0.42066723350922614,-0.3726429465256701,0
2022-07-26,16483.849609375,18.170000076293945,-0.008887333683346772,-0.6868454330345336,-0.3206674103765129,0
2022-07-27,16641.80078125,18.1299991607666,0.00953655956008488,0.6818158001751216,-0.3249104103808731,0
2022-07-28,16929.599609375,17.010000228881836,0.017145896529526243,1.2470928772237728,-0.4437115780596963,0
2022-07-29,17158.25,16.549999237060547,0.013415561413115864,0.9699763637240155,-0.4925050665229591,0
2022-08-01,17340.05078125,17.489999771118164,0.010539792401854702,0.7563432564662957,-0.3927967919116292,0
2022-08-02,17345.44921875,18.530000686645508,0.0003112792114048116,-0.0035053429676659867,-0.28248121960677475,1
2022-08-03,17388.150390625,18.450000762939453,0.002458783072766921,0.15602691464906895,-0.29096701729811925,1
2022-08-04,17382.0,19.260000228881836,-0.00035377417814128954,-0.05291036177990521,-0.20504829038358405,1
2022-08-05,17397.5,18.920000076293945,0.0008913297215996853,0.03958504168218202,-0.24111298115114219,1
2022-08-08,17525.099609375,19.299999237060547,0.007307599012140524,0.5162323454722021,-0.20080549269659967,1
2022-08-10,17534.75,19.59000015258789,0.0005505095416120064,0.014266431674985256,-0.17004434961711595,1
2022-08-11,17659.0,18.360000610351562,0.007060942140366637,0.49790887312891546,-0.3005135649905538,1
2022-08-12,17698.150390625,17.610000610351562,0.0022145679837284517,0.13788483574557986,-0.3800679942159246,0
2022-08-16,17825.25,17.68000030517578,0.007155855032733008,0.504959695373555,-0.3726429465256701,0
2022-08-17,17944.25,17.68000030517578,0.006653737907021656,0.4676587712197098,-0.3726429465256701,0
2022-08-18,17956.5,17.350000381469727,0.0006824370229270742,0.02406696769010236,-0.40764688729213816,0
2022-08-19,17758.44921875,18.290000915527344,-0.011090751389954998,-0.8505313790914318,-0.3079386126808083,0
2022-08-22,17490.69921875,19.040000915527344,-0.015192148554208883,-1.1552130892240913,-0.22838418345543754,1
2022-08-23,17577.5,19.049999237060547,0.004950408657946044,0.3411230450407148,-0.22732363577172324,1
2022-08-24,17604.94921875,18.43000030517578,0.001560393032835227,0.08928794673876868,-0.29308851730029933,1
2022-08-25,17522.44921875,19.56999969482422,-0.004697196795508722,-0.3755714886813092,-0.172165849619296,1
2022-08-26,17558.900390625,18.219999313354492,0.002078094793881999,0.1277466113297446,-0.3153638626884385,0
2022-08-29,17312.900390625,19.81999969482422,-0.014109055185943692,-1.0747530102655072,-0.14564770654417242,1
2022-08-30,17759.30078125,18.700000762939453,0.025457455427431688,1.864536123382265,-0.2644488742229957,1
2022-09-01,17542.80078125,19.8700008392334,-0.012265712506503565,-0.9378160647711034,-0.14034395653872225,1
2022-09-02,17539.44921875,19.549999237060547,-0.00019106884593758132,-0.04082342240822246,-0.17428734962147607,1
2022-09-05,17665.80078125,19.65999984741211,0.00717802628935595,0.5066067381039064,-0.16261930192686147,1
2022-09-06,17655.599609375,19.520000457763672,-0.000577619915734608,-0.06953925661853659,-0.17746939730737044,1
2022-09-07,17624.400390625,19.3700008392334,-0.0017686636555011566,-0.15801867690917945,-0.19338024268896942,1
2022-09-08,17798.75,18.309999465942383,0.009843902383512463,0.7046474678456071,-0.30581731499600395,0
2022-09-09,17833.349609375,17.719999313354492,0.0019420477956010656,0.11764004753340705,-0.36840014883868566,0
2022-09-12,17936.349609375,17.940000534057617,0.005759080279283832,0.4011970741233798,-0.34506405344945645,0
2022-09-13,18070.05078125,17.469999313354492,0.007426556664034913,0.5250693879143332,-0.3949182919138093,0
2022-09-14,18003.75,18.280000686645508,-0.003675845320864187,-0.2996980481246639,-0.3089993626818983,0
2022-09-15,17877.400390625,18.389999389648438,-0.0070427023794097186,-0.5498127591091297,-0.29733151730465945,1
2022-09-16,17530.849609375,19.81999969482422,-0.019575203370476822,-1.4808183850644525,-0.14564770654417242,1
2022-09-19,17622.25,19.940000534057617,0.005200144374609497,0.35967523644938765,-0.13291890884846777,1
2022-09-20,17816.25,18.799999237060547,0.010948654031257964,0.7867164818490839,-0.25384177884684683,1
2022-09-21,17718.349609375,19.329999923706055,-0.005510158516157929,-0.43596421764659815,-0.19762324269332956,1
2022-09-22,17629.80078125,18.81999969482422,-0.005010107310831895,-0.398816765134437,-0.25172027884466674,1
2022-09-23,17327.349609375,20.59000015258789,-0.01730454089090743,-1.3121370065725153,-0.06397177731662161,1
2022-09-26,17016.30078125,21.889999389648438,-0.018114401349380974,-1.372299351152823,0.07392248574707073,1
2022-09-27,17007.400390625,21.56999969482422,-0.0005231876910193474,-0.06549563376310708,0.03997929498169266,1
2022-09-28,16858.599609375,22.100000381469727,-0.008787677246935572,-0.6794422257235891,0.09619783113520994,1
2022-09-29,16818.099609375,21.299999237060547,-0.0024052250050792126,-0.2053070990800858,0.01133965190438901,1
2022-09-30,17094.349609375,19.969999313354492,0.016292312526781774,1.1836824287149714,-0.12973686116257344,1
2022-10-03,16887.349609375,21.3700008392334,-0.012183178897324074,-0.931684866015861,0.01876490191201925,1
2022-10-04,17274.30078125,19.56999969482422,0.022655095268550494,1.6563563613594179,-0.172165849619296,1
2022-10-06,17331.80078125,19.31999969482422,0.0033231164632058175,0.2202359061163925,-0.1986839926944196,1
2022-10-07,17314.650390625,18.809999465942383,-0.0009900230150986376,-0.10017556823287395,-0.2527810288457568,1
2022-10-10,17241.0,19.6200008392334,-0.004262718329192525,-0.34329525772109304,-0.16686209961384585,1
2022-10-11,16983.55078125,20.489999771118164,-0.015044993668578569,-1.1442813504988132,-0.07457907501014618,1
2022-10-12,17123.599609375,20.18000030517578,0.008212331644389038,0.5834424874230478,-0.10746151577443422,1
2022-10-13,17014.349609375,20.290000915527344,-0.0064005234917517235,-0.5021070252172692,-0.0957934680798196,1
2022-10-14,17185.69921875,18.260000228881836,0.010020514532698735,0.7177675070637711,-0.3111208626840784,0
2022-10-17,17311.80078125,18.420000076293945,0.007310797834822186,0.5164699773634889,-0.29414926730138935,1
2022-10-18,17486.94921875,17.450000762939453,0.010066448739082915,0.7211798351057115,-0.3970395895986136,0
2022-10-19,17512.25,17.489999771118164,0.0014457922593648584,0.08077456501904698,-0.3927967919116292,0
2022-10-20,17563.94921875,17.229999542236328,0.0029478254394111857,0.19235655029009904,-0.42037568498784283,0
2022-10-21,17576.30078125,17.280000686645508,0.0007029866326317706,0.0255935426538622,-0.41507193498239264,0
2022-10-24,17730.75,17.420000076293945,0.008748972260095097,0.6233080683389866,-0.4002218396018837,0
2022-10-25,17656.349609375,16.8799991607666,-0.004204950452158822,-0.3390038382704816,-0.457501125756491,0
2022-10-27,17736.94921875,16.600000381469727,0.0045545202832827395,0.31171356768862385,-0.4872013165175089,0
2022-10-28,17786.80078125,15.920000076293945,0.0028066628790527496,0.18186996521329454,-0.5593306980526251,0
2022-10-31,18012.19921875,15.800000190734863,0.012592609626880552,0.9088414997873465,-0.572059394589642,0
2022-11-01,18145.400390625,16.1299991607666,0.007367843877008389,0.5207077736542448,-0.5370555549818617,0
2022-11-02,18082.849609375,16.65999984741211,-0.0034531529072475455,-0.2831548306070717,-0.48083701882834445,0
2022-11-03,18052.69921875,15.9399995803833,-0.001668738878993079,-0.1505955353377039,-0.557209299209133,0
2022-11-04,18117.150390625,15.65999984741211,0.0035638102334325083,0.23811639576272658,-0.5869095911288388,0
2022-11-07,18202.80078125,15.59000015258789,0.0047164462855731094,0.32374261274740684,-0.5943346388190933,0
2022-11-09,18157.0,15.920000076293945,-0.0025193100341803654,-0.2137821675445652,-0.5593306980526251,0
2022-11-10,18028.19921875,15.569999694824219,-0.007119006002546902,-0.5554811490396094,-0.5964561388212734,0
2022-11-11,18349.69921875,14.40999984741211,0.01767602773148285,1.2864748913858188,-0.7195003065044567,0
2022-11-14,18329.150390625,14.90999984741211,-0.0011204729970374992,-0.10986634481269765,-0.6664640203542096,0
2022-11-15,18403.400390625,14.640000343322754,0.00404274135870096,0.2736948946104714,-0.6951035622728253,0
2022-11-16,18409.650390625,15.100000381469727,0.000339553496785159,-0.001404922726109046,-0.6463101749682504,0
2022-11-17,18343.900390625,14.880000114440918,-0.0035778894143715548,-0.292421168585201,-0.6696461691987918,0
2022-11-18,18307.650390625,14.390000343322754,-0.001978088841936149,-0.17357630797792584,-0.7216217053479489,0
2022-11-21,18159.94921875,14.800000190734863,-0.008100449774708418,-0.6283899542407798,-0.6781319668901363,0
2022-11-22,18244.19921875,13.84000015258789,0.004628601630860599,0.31721687077413724,-0.7799616403449584,0
2022-11-23,18267.25,14.039999961853027,0.0012626606067816233,0.06717020951434655,-0.7587471461165971,0
2022-11-24,18484.099609375,13.479999542236328,0.011801042862214367,0.8500381442760438,-0.8181478311146966,0
2022-11-25,18512.75,13.329999923706055,0.0015488019469054911,0.08842687629327599,-0.8340586764962956,0
2022-11-28,18562.75,13.569999694824219,0.0026972005940332764,0.17373830791235406,-0.808601283422262,0
2022-11-29,18618.05078125,13.619999885559082,0.0029746977400658824,0.1943528208756524,-0.8032976345754997,0
2022-11-30,18758.349609375,13.8100004196167,0.007507383568474861,0.531073800187333,-0.7831437891895406,0
2022-12-01,18812.5,13.359999656677246,0.0028825767148602448,0.1875093988965636,-0.8308765276517134,0
2022-12-02,18696.099609375,13.449999809265137,-0.006206617442539312,-0.4877022689078781,-0.8213299799592788,0
2022-12-05,18701.05078125,13.729999542236328,0.0002647887259970962,-0.0069589954747615755,-0.791629688039573,0
2022-12-06,18642.75,14.039999961853027,-0.0031223832280691255,-0.25858284514063967,-0.7587471461165971,0
2022-12-07,18560.5,14.079999923706055,-0.004421663914122268,-0.35510289562958597,-0.7545042472709248,0
2022-12-08,18609.349609375,13.399999618530273,0.0026284549446723396,0.16863137942612424,-0.8266336288060411,0
2022-12-09,18496.599609375,13.479999542236328,-0.006077211303593385,-0.478089036602715,-0.8181478311146966,0
2022-12-12,18497.150390625,13.319999694824219,2.977698935843848e-05,-0.024417382203162794,-0.8351194264973856,0
2022-12-13,18608.0,12.880000114440918,0.005974908495510217,0.417230368969308,-0.8817913137997805,0
2022-12-14,18660.30078125,12.890000343322754,0.002806718551028224,0.1818741009338831,-0.8807305637986904,0
2022-12-15,18414.900390625,13.729999542236328,-0.01323817358829901,-1.0100575701832701,-0.791629688039573,0
2022-12-16,18269.0,14.069999694824219,-0.007954506384605002,-0.6175482142437816,-0.7555649972720149,0
2022-12-19,18420.44921875,13.550000190734863,0.008255783729645224,0.5866704253950322,-0.8107226822657543,0
2022-12-20,18385.30078125,13.779999732971191,-0.0019099433205291773,-0.1685139613753785,-0.7863260391928107,0
2022-12-21,18199.099609375,15.5600004196167,-0.01017935391694218,-0.7828261241338458,-0.5975167876636756,0
2022-12-22,18127.349609375,15.1899995803833,-0.0039502948868902,-0.32008616460622974,-0.6367637284345038,0
2022-12-23,17806.80078125,16.15999984741211,-0.01784137526808462,-1.3520169815044487,-0.5338733049785916,0
2022-12-27,18132.30078125,15.289999961853027,0.01811447067040846,1.319045632301066,-0.6261564307409792,0
2022-12-28,18122.5,15.399999618530273,-0.0005406611691443354,-0.06679369122593645,-0.6144884842050524,0
2022-12-29,18191.0,14.8100004196167,0.0037727060871833766,0.2536347041370425,-0.6770712168890463,0
2022-12-30,18105.30078125,14.869999885559082,-0.004722210041123311,-0.3774296550925612,-0.6707069191998818,0
